season,episode,castaway_id,castaway,won_season,raw_prob,win_probability
1.0,8.0,US0008,Greg,0,9.894551e-05,9.145526e-05
1.0,7.0,US0008,Greg,0,0.00021391733,0.00021627615
1.0,7.0,US0009,Jenna,0,0.0024172545,0.002443909
1.0,7.0,US0010,Gervase,0,0.00036682727,0.0003708722
1.0,7.0,US0011,Colleen,0,0.00023571381,0.00023831298
1.0,7.0,US0012,Sean,0,0.29467702,0.29792637
1.0,7.0,US0013,Sue,0,0.08702569,0.0879853
1.0,7.0,US0014,Rudy,0,0.007385578,0.007467017
1.0,7.0,US0015,Kelly,0,0.48420906,0.48954833
1.0,7.0,US0016,Richard,1,0.11222836,0.113465875
1.0,7.0,US0007,Gretchen,0,0.0003340868,0.0003377707
1.0,8.0,US0009,Jenna,0,0.0027839707,0.002573222
1.0,8.0,US0010,Gervase,0,0.0006919776,0.0006395944
1.0,8.0,US0011,Colleen,0,0.00021161765,0.00019559803
1.0,8.0,US0012,Sean,0,0.2905152,0.26852298
1.0,8.0,US0013,Sue,0,0.103054024,0.09525275
1.0,8.0,US0014,Rudy,0,0.007249275,0.0067004994
1.0,8.0,US0015,Kelly,0,0.5608258,0.51837087
1.0,8.0,US0016,Richard,1,0.11646983,0.10765298
1.0,6.0,US0008,Greg,0,0.00016160912,0.00013919307
1.0,5.0,US0011,Colleen,0,0.00020608421,0.00016467841
1.0,5.0,US0012,Sean,0,0.46695834,0.37313852
1.0,5.0,US0013,Sue,0,0.10558285,0.084369466
1.0,5.0,US0014,Rudy,0,0.008696121,0.006948923
1.0,5.0,US0015,Kelly,0,0.5775559,0.46151516
1.0,5.0,US0016,Richard,1,0.0893078,0.07136435
1.0,6.0,US0006,Joel,0,0.00017032232,0.00014669771
1.0,6.0,US0007,Gretchen,0,0.0011495956,0.0009901406
1.0,9.0,US0009,Jenna,0,0.00057415187,0.0005090743
1.0,6.0,US0009,Jenna,0,0.0015125329,0.0013027366
1.0,6.0,US0010,Gervase,0,0.0004540724,0.00039109014
1.0,6.0,US0011,Colleen,0,0.000308646,0.00026583517
1.0,6.0,US0012,Sean,0,0.42650986,0.36735067
1.0,6.0,US0013,Sue,0,0.09082835,0.07822998
1.0,6.0,US0014,Rudy,0,0.007861585,0.0067711417
1.0,6.0,US0015,Kelly,0,0.5365091,0.46209243
1.0,6.0,US0016,Richard,1,0.09557712,0.082320064
1.0,13.0,US0013,Sue,0,0.0036068284,0.004275832
1.0,9.0,US0010,Gervase,0,0.0005328328,0.00047243855
1.0,13.0,US0016,Richard,1,0.096883774,0.114854015
1.0,5.0,US0010,Gervase,0,0.00027773873,0.00022193632
1.0,2.0,US0004,Ramona,0,0.008341745,0.007126485
1.0,1.0,US0011,Colleen,0,0.00034124544,0.0002813813
1.0,1.0,US0012,Sean,0,0.47061855,0.3880587
1.0,1.0,US0013,Sue,0,0.14439459,0.11906368
1.0,1.0,US0014,Rudy,0,0.0042115403,0.0034727168
1.0,1.0,US0015,Kelly,0,0.47437808,0.3911587
1.0,1.0,US0016,Richard,1,0.1078172,0.08890301
1.0,2.0,US0002,B.B.,0,0.0010483973,0.00089566247
1.0,2.0,US0003,Stacey,0,0.00030055502,0.00025676892
1.0,1.0,US0010,Gervase,0,0.00032186034,0.0002653969
1.0,2.0,US0005,Dirk,0,0.00032418664,0.00027695778
1.0,2.0,US0006,Joel,0,0.00025313103,0.00021625386
1.0,2.0,US0007,Gretchen,0,0.0012670018,0.0010824198
1.0,2.0,US0008,Greg,0,0.0002443269,0.00020873234
1.0,2.0,US0009,Jenna,0,0.0036118547,0.003085665
1.0,2.0,US0010,Gervase,0,0.00041644604,0.00035577646
1.0,2.0,US0011,Colleen,0,0.0004345139,0.00037121214
1.0,2.0,US0012,Sean,0,0.47395387,0.40490633
1.0,1.0,US0001,Sonja,0,0.0005511829,0.00045448978
1.0,2.0,US0013,Sue,0,0.10185562,0.08701687
1.0,1.0,US0002,B.B.,0,0.0016539476,0.0013637983
1.0,1.0,US0003,Stacey,0,0.00046433185,0.0003828749
1.0,1.0,US0004,Ramona,0,0.004243199,0.0034988213
1.0,1.0,US0005,Dirk,0,0.00034750148,0.00028653987
1.0,1.0,US0006,Joel,0,0.00022512015,0.0001856277
1.0,1.0,US0007,Gretchen,0,0.0010277339,0.0008474402
1.0,1.0,US0008,Greg,0,0.00034020242,0.00028052126
1.0,1.0,US0009,Jenna,0,0.0018146107,0.0014962765
1.0,4.0,US0013,Sue,0,0.10969588,0.09831272
1.0,4.0,US0005,Dirk,0,0.00028556093,0.00025592823
1.0,4.0,US0006,Joel,0,0.00027084613,0.00024274037
1.0,4.0,US0007,Gretchen,0,0.00094872894,0.0008502792
1.0,4.0,US0008,Greg,0,0.00020300149,0.00018193599
1.0,4.0,US0009,Jenna,0,0.0011637066,0.0010429486
1.0,4.0,US0010,Gervase,0,0.0002904545,0.000260314
1.0,4.0,US0011,Colleen,0,0.00022216223,0.00019910841
1.0,4.0,US0012,Sean,0,0.43828163,0.39280105
1.0,4.0,US0004,Ramona,0,0.0021940074,0.0019663349
1.0,4.0,US0014,Rudy,0,0.008878331,0.0079570245
1.0,4.0,US0015,Kelly,0,0.46508935,0.41682693
1.0,4.0,US0016,Richard,1,0.08826158,0.07910266
1.0,5.0,US0005,Dirk,0,8.0037535e-05,6.395664e-05
1.0,5.0,US0006,Joel,0,0.00025597008,0.00020454136
1.0,5.0,US0007,Gretchen,0,0.0008282536,0.0006618434
1.0,5.0,US0008,Greg,0,0.00016741137,0.0001337756
1.0,5.0,US0009,Jenna,0,0.0015178474,0.0012128862
1.0,3.0,US0008,Greg,0,0.00022296818,0.0001924767
1.0,2.0,US0014,Rudy,0,0.012320721,0.010525787
1.0,2.0,US0015,Kelly,0,0.37889487,0.3236959
1.0,2.0,US0016,Richard,1,0.18726005,0.15997924
1.0,3.0,US0003,Stacey,0,0.00016221385,0.00014003068
1.0,3.0,US0004,Ramona,0,0.007754675,0.006694203
1.0,3.0,US0005,Dirk,0,0.0002921871,0.00025222974
1.0,3.0,US0006,Joel,0,0.00026591166,0.00022954754
1.0,3.0,US0007,Gretchen,0,0.0009840792,0.0008495038
1.0,3.0,US0009,Jenna,0,0.0018207801,0.0015717837
1.0,3.0,US0010,Gervase,0,0.0003947711,0.00034078513
1.0,3.0,US0011,Colleen,0,0.0002450062,0.00021150096
1.0,3.0,US0012,Sean,0,0.45909065,0.39630878
1.0,3.0,US0013,Sue,0,0.102279134,0.0882922
1.0,3.0,US0014,Rudy,0,0.010004136,0.008636043
1.0,3.0,US0015,Kelly,0,0.5022272,0.4335463
1.0,3.0,US0016,Richard,1,0.072672814,0.06273462
1.0,9.0,US0011,Colleen,0,0.00024723617,0.00021921303
1.0,9.0,US0012,Sean,0,0.41683382,0.36958754
1.0,9.0,US0013,Sue,0,0.1059003,0.09389697
1.0,9.0,US0014,Rudy,0,0.008501048,0.0075374916
1.0,9.0,US0015,Kelly,0,0.49260548,0.43677083
1.0,13.0,US0015,Kelly,0,0.74092394,0.87835234
1.0,12.0,US0016,Richard,1,0.096872576,0.122097306
1.0,13.0,US0014,Rudy,0,0.0021239128,0.0025178613
1.0,12.0,US0015,Kelly,0,0.59538233,0.75041443
1.0,11.0,US0011,Colleen,0,0.00015954032,0.00013567306
1.0,9.0,US0016,Richard,1,0.10264033,0.0910065
1.0,10.0,US0010,Gervase,0,0.00020143029,0.00016204797
1.0,10.0,US0011,Colleen,0,0.0001618199,0.00013018194
1.0,10.0,US0012,Sean,0,0.43902063,0.35318622
1.0,10.0,US0013,Sue,0,0.109166645,0.08782311
1.0,10.0,US0014,Rudy,0,0.009046134,0.0072774934
1.0,10.0,US0015,Kelly,0,0.570158,0.45868447
1.0,10.0,US0016,Richard,1,0.11527404,0.09273642
1.0,11.0,US0012,Sean,0,0.32629985,0.27748534
1.0,11.0,US0013,Sue,0,0.08192479,0.06966883
1.0,11.0,US0014,Rudy,0,0.0093784435,0.007975427
1.0,11.0,US0015,Kelly,0,0.65314776,0.5554368
1.0,11.0,US0016,Richard,1,0.10500702,0.08929796
1.0,12.0,US0012,Sean,0,0.034937397,0.044034775
1.0,12.0,US0013,Sue,0,0.057196144,0.07208949
1.0,12.0,US0014,Rudy,0,0.009016232,0.011363976
2.0,7.0,US0024,Alicia,0,0.0017303654,0.005187808
2.0,6.0,US0025,Jerri,0,0.0034349128,0.008808925
2.0,6.0,US0026,Nick,0,0.0006764331,0.0017347307
2.0,6.0,US0027,Amber,0,0.022448888,0.05757077
2.0,6.0,US0028,Rodger,0,0.008167323,0.020945316
2.0,6.0,US0029,Elisabeth,0,0.0012786235,0.0032790639
2.0,6.0,US0030,Keith,0,0.006859388,0.017591083
2.0,6.0,US0031,Colby,0,0.25449252,0.6526528
2.0,6.0,US0032,Tina,1,0.07767992,0.19921221
2.0,7.0,US0023,Jeff,0,0.00482569,0.014467899
2.0,6.0,US0024,Alicia,0,0.0019051398,0.0048857816
2.0,7.0,US0025,Jerri,0,0.0041646915,0.012486161
2.0,7.0,US0026,Nick,0,0.00040797624,0.0012231534
2.0,7.0,US0027,Amber,0,0.019129105,0.057350963
2.0,7.0,US0028,Rodger,0,0.0069544665,0.020850183
2.0,7.0,US0029,Elisabeth,0,0.0006500122,0.0019488015
2.0,7.0,US0030,Keith,0,0.009188071,0.027546752
2.0,7.0,US0031,Colby,0,0.232512,0.69709414
2.0,7.0,US0032,Tina,1,0.05398222,0.16184407
2.0,5.0,US0026,Nick,0,0.00071725866,0.0015629987
2.0,4.0,US0030,Keith,0,0.006997586,0.015847735
2.0,4.0,US0031,Colby,0,0.30780494,0.69709915
2.0,4.0,US0032,Tina,1,0.07405304,0.16771112
2.0,5.0,US0021,Kimmi,0,4.8379956e-05,0.00010542613
2.0,5.0,US0022,Michael,0,0.0016134467,0.0035159076
2.0,5.0,US0023,Jeff,0,0.010600343,0.023099508
2.0,5.0,US0024,Alicia,0,0.0020305987,0.004424935
2.0,5.0,US0025,Jerri,0,0.0036064563,0.007858931
2.0,8.0,US0024,Alicia,0,0.00072198064,0.002266568
2.0,5.0,US0027,Amber,0,0.01836451,0.04001862
2.0,5.0,US0028,Rodger,0,0.009891323,0.021554463
2.0,5.0,US0029,Elisabeth,0,0.0012938953,0.002819564
2.0,5.0,US0030,Keith,0,0.0072133695,0.015718859
2.0,5.0,US0031,Colby,0,0.32613498,0.71068996
2.0,5.0,US0032,Tina,1,0.07738454,0.16863084
2.0,6.0,US0022,Michael,0,0.0014827268,0.0038024923
2.0,6.0,US0023,Jeff,0,0.011509657,0.02951682
2.0,12.0,US0030,Keith,0,0.00997549,0.027238864
2.0,11.0,US0028,Rodger,0,0.0072616814,0.01784202
2.0,11.0,US0029,Elisabeth,0,0.0007499022,0.0018425169
2.0,11.0,US0030,Keith,0,0.0074727326,0.018360576
2.0,11.0,US0031,Colby,0,0.31341484,0.7700633
2.0,11.0,US0032,Tina,1,0.058973517,0.1448985
2.0,12.0,US0027,Amber,0,0.0060775713,0.01659529
2.0,12.0,US0028,Rodger,0,0.0072504454,0.019797916
2.0,12.0,US0029,Elisabeth,0,0.0013188752,0.003601293
2.0,11.0,US0027,Amber,0,0.018938938,0.046533152
2.0,12.0,US0031,Colby,0,0.26844487,0.73300993
2.0,12.0,US0032,Tina,1,0.073155425,0.19975668
2.0,13.0,US0028,Rodger,0,0.0031911964,0.009618504
2.0,13.0,US0029,Elisabeth,0,0.0013010764,0.0039215414
2.0,13.0,US0030,Keith,0,0.009806298,0.029556911
2.0,13.0,US0031,Colby,0,0.27416888,0.8263654
2.0,13.0,US0032,Tina,1,0.04330937,0.13053766
2.0,14.0,US0029,Elisabeth,0,0.0007503958,0.0022246446
2.0,10.0,US0025,Jerri,0,0.0010898743,0.0035464445
2.0,8.0,US0025,Jerri,0,0.0030997233,0.009731193
2.0,8.0,US0026,Nick,0,0.00042741522,0.0013418165
2.0,8.0,US0027,Amber,0,0.019023802,0.059722845
2.0,8.0,US0028,Rodger,0,0.007151373,0.02245084
2.0,8.0,US0029,Elisabeth,0,0.00079136714,0.002484398
2.0,8.0,US0030,Keith,0,0.009129899,0.028662173
2.0,8.0,US0031,Colby,0,0.21846366,0.6858393
2.0,8.0,US0032,Tina,1,0.059725553,0.1875009
2.0,4.0,US0029,Elisabeth,0,0.0019139724,0.004334656
2.0,10.0,US0026,Nick,0,0.0003603055,0.001172432
2.0,10.0,US0027,Amber,0,0.018661175,0.060723353
2.0,10.0,US0028,Rodger,0,0.006502517,0.021159152
2.0,10.0,US0029,Elisabeth,0,0.0006883666,0.002239941
2.0,10.0,US0030,Keith,0,0.009206372,0.02995748
2.0,10.0,US0031,Colby,0,0.20738375,0.6748255
2.0,10.0,US0032,Tina,1,0.06342226,0.20637567
2.0,11.0,US0026,Nick,0,0.00018722475,0.00046001302
2.0,1.0,US0026,Nick,0,0.0018371029,0.0029501189
2.0,1.0,US0018,Kel,0,0.014867154,0.023874477
2.0,1.0,US0019,Maralyn,0,0.06159385,0.09891072
2.0,1.0,US0020,Mitchell,0,0.00017051146,0.0002738165
2.0,1.0,US0021,Kimmi,0,9.757853e-05,0.00015669686
2.0,1.0,US0022,Michael,0,0.003104978,0.004986141
2.0,1.0,US0023,Jeff,0,0.018301971,0.02939029
2.0,1.0,US0024,Alicia,0,0.005168077,0.008299177
2.0,1.0,US0025,Jerri,0,0.003379791,0.0054274504
2.0,1.0,US0017,Debb,0,0.0006273175,0.0010073803
2.0,1.0,US0027,Amber,0,0.039807707,0.06392536
2.0,1.0,US0028,Rodger,0,0.012777755,0.020519208
2.0,1.0,US0029,Elisabeth,0,0.0034695594,0.005571605
2.0,1.0,US0030,Keith,0,0.007932026,0.012737675
2.0,1.0,US0031,Colby,0,0.30827793,0.4950493
2.0,1.0,US0032,Tina,1,0.14130835,0.22692056
2.0,2.0,US0018,Kel,0,0.0031795686,0.006288147
2.0,2.0,US0019,Maralyn,0,0.04821271,0.095348984
2.0,2.0,US0020,Mitchell,0,0.00015043595,0.00029751315
2.0,4.0,US0020,Mitchell,0,8.080535e-05,0.00018300337
2.0,3.0,US0025,Jerri,0,0.002857675,0.0056254743
2.0,3.0,US0026,Nick,0,0.0008099172,0.0015943621
2.0,3.0,US0027,Amber,0,0.029894836,0.05884946
2.0,3.0,US0028,Rodger,0,0.008728226,0.017181944
2.0,3.0,US0029,Elisabeth,0,0.0016319668,0.0032126072
2.0,3.0,US0030,Keith,0,0.011700203,0.023032427
2.0,3.0,US0031,Colby,0,0.31636414,0.6227784
2.0,3.0,US0032,Tina,1,0.10062229,0.19807994
2.0,3.0,US0024,Alicia,0,0.0022176388,0.0043655313
2.0,4.0,US0021,Kimmi,0,0.00013848551,0.0003136341
2.0,4.0,US0022,Michael,0,0.001134632,0.00256965
2.0,4.0,US0023,Jeff,0,0.01200407,0.027186135
2.0,4.0,US0024,Alicia,0,0.002360095,0.005345009
2.0,4.0,US0025,Jerri,0,0.0035358071,0.008007695
2.0,4.0,US0026,Nick,0,0.000814416,0.001844443
2.0,4.0,US0027,Amber,0,0.021243718,0.04811156
2.0,4.0,US0028,Rodger,0,0.009469615,0.021446247
2.0,2.0,US0029,Elisabeth,0,0.0022321513,0.0044144657
2.0,2.0,US0021,Kimmi,0,0.00014298501,0.00028277762
2.0,2.0,US0022,Michael,0,0.0012752162,0.0025219608
2.0,2.0,US0023,Jeff,0,0.009907784,0.019594358
2.0,2.0,US0024,Alicia,0,0.0024996616,0.004943514
2.0,2.0,US0025,Jerri,0,0.0028349939,0.0056066914
2.0,2.0,US0026,Nick,0,0.0009976437,0.0019730132
2.0,2.0,US0027,Amber,0,0.04287573,0.08479418
2.0,2.0,US0028,Rodger,0,0.009695429,0.01917439
2.0,14.0,US0030,Keith,0,0.012289339,0.03643332
2.0,2.0,US0030,Keith,0,0.00642081,0.012698263
2.0,2.0,US0031,Colby,0,0.28389576,0.561453
2.0,2.0,US0032,Tina,1,0.09132384,0.1806087
2.0,3.0,US0019,Maralyn,0,0.022307126,0.04391268
2.0,3.0,US0020,Mitchell,0,0.00014479997,0.00028504588
2.0,3.0,US0021,Kimmi,0,0.00013722882,0.00027014173
2.0,3.0,US0022,Michael,0,0.0009936473,0.0019560438
2.0,3.0,US0023,Jeff,0,0.009578597,0.01885594
2.0,14.0,US0031,Colby,0,0.28229544,0.836901
2.0,14.0,US0032,Tina,1,0.041975256,0.12444103
2.0,15.0,US0030,Keith,0,0.0027768419,0.007942301
2.0,15.0,US0031,Colby,0,0.29079124,0.8317188
2.0,15.0,US0032,Tina,1,0.056058798,0.16033892
3.0,14.0,US0046,Lex,0,0.022098275,0.52048856
3.0,12.0,US0047,Kim J.,0,0.0042535025,0.010695866
3.0,12.0,US0048,Ethan,1,0.0066961395,0.016838126
3.0,13.0,US0044,Teresa,0,0.00026698064,0.00059031637
3.0,13.0,US0045,Tom,0,0.012194903,0.026963942
3.0,13.0,US0046,Lex,0,0.42911017,0.94879824
3.0,13.0,US0047,Kim J.,0,0.0048378534,0.010696895
3.0,13.0,US0048,Ethan,1,0.0058571477,0.01295064
3.0,14.0,US0045,Tom,0,0.0036282698,0.08545793
3.0,14.0,US0047,Kim J.,0,0.008718766,0.20535621
3.0,14.0,US0048,Ethan,1,0.008011483,0.18869731
3.0,12.0,US0046,Lex,0,0.37011617,0.9306949
3.0,6.0,US0041,Brandon,0,0.00032103047,0.0005364441
3.0,5.0,US0044,Teresa,0,0.0004941092,0.00079269457
3.0,5.0,US0045,Tom,0,0.012970771,0.020808883
3.0,5.0,US0046,Lex,0,0.55466926,0.88985056
3.0,5.0,US0047,Kim J.,0,0.006074378,0.009745066
3.0,5.0,US0048,Ethan,1,0.015570544,0.024979673
3.0,6.0,US0038,Lindsey,0,0.0015480062,0.0025867287
3.0,6.0,US0039,Clarence,0,9.3569426e-05,0.00015635513
3.0,6.0,US0040,Kelly,0,0.00045342403,0.00075767457
3.0,5.0,US0043,Kim P.,0,0.0021430748,0.0034381142
3.0,6.0,US0042,Frank,0,0.027314395,0.045642536
3.0,6.0,US0043,Kim P.,0,0.0019299532,0.0032249647
3.0,6.0,US0044,Teresa,0,0.000425507,0.00071102503
3.0,6.0,US0045,Tom,0,0.01031121,0.017230099
3.0,6.0,US0046,Lex,0,0.5395648,0.90161633
3.0,6.0,US0047,Kim J.,0,0.0037840316,0.006323142
3.0,6.0,US0048,Ethan,1,0.01269576,0.0212147
3.0,7.0,US0039,Clarence,0,4.0756717e-05,7.013548e-05
3.0,4.0,US0046,Lex,0,0.572176,0.87884635
3.0,4.0,US0038,Lindsey,0,0.0027886967,0.00428336
3.0,4.0,US0039,Clarence,0,0.00010242801,0.00015732658
3.0,4.0,US0040,Kelly,0,0.0006543763,0.0010051037
3.0,4.0,US0041,Brandon,0,0.00029012712,0.00044562717
3.0,4.0,US0042,Frank,0,0.037261464,0.05723257
3.0,4.0,US0043,Kim P.,0,0.0021660773,0.0033270342
3.0,4.0,US0044,Teresa,0,0.0004907965,0.00075384974
3.0,4.0,US0045,Tom,0,0.013200597,0.02027575
3.0,7.0,US0040,Kelly,0,0.00035993662,0.0006193906
3.0,4.0,US0047,Kim J.,0,0.0050272066,0.007721649
3.0,4.0,US0048,Ethan,1,0.01567811,0.024081139
3.0,5.0,US0037,Silas,0,6.486367e-05,0.000104060164
3.0,5.0,US0038,Lindsey,0,0.0028421232,0.004559591
3.0,5.0,US0039,Clarence,0,0.00011513531,0.00018471047
3.0,5.0,US0040,Kelly,0,0.0005360541,0.0008599864
3.0,5.0,US0041,Brandon,0,0.0002979565,0.0004780087
3.0,5.0,US0042,Frank,0,0.027550321,0.044198714
3.0,11.0,US0043,Kim P.,0,0.0028579726,0.0038761275
3.0,10.0,US0042,Frank,0,0.029784404,0.044249833
3.0,10.0,US0043,Kim P.,0,0.0018012141,0.002676012
3.0,10.0,US0044,Teresa,0,0.0003729364,0.00055406085
3.0,10.0,US0045,Tom,0,0.008149108,0.012106895
3.0,10.0,US0046,Lex,0,0.62168103,0.92361367
3.0,10.0,US0047,Kim J.,0,0.0049559884,0.0073629697
3.0,10.0,US0048,Ethan,1,0.0061861733,0.00919062
3.0,11.0,US0042,Frank,0,0.009502784,0.012888158
3.0,10.0,US0041,Brandon,0,0.00016553735,0.0002459341
3.0,11.0,US0044,Teresa,0,0.0005392424,0.0007313479
3.0,11.0,US0045,Tom,0,0.009789847,0.013277487
3.0,11.0,US0046,Lex,0,0.7038812,0.9546394
3.0,11.0,US0047,Kim J.,0,0.0042222566,0.0057264385
3.0,11.0,US0048,Ethan,1,0.0065335333,0.00886111
3.0,12.0,US0043,Kim P.,0,0.00058285805,0.001465656
3.0,12.0,US0044,Teresa,0,0.0005574009,0.0014016415
3.0,12.0,US0045,Tom,0,0.01547117,0.038903836
3.0,9.0,US0040,Kelly,0,0.00016966973,0.0003444565
3.0,7.0,US0041,Brandon,0,0.00038949712,0.00067025924
3.0,7.0,US0042,Frank,0,0.035852943,0.061696906
3.0,7.0,US0043,Kim P.,0,0.0020767287,0.0035737022
3.0,7.0,US0044,Teresa,0,0.0004583472,0.0007887387
3.0,7.0,US0045,Tom,0,0.010219828,0.017586611
3.0,7.0,US0046,Lex,0,0.5170408,0.8897405
3.0,7.0,US0047,Kim J.,0,0.0033265594,0.0057244515
3.0,7.0,US0048,Ethan,1,0.011348716,0.019529238
3.0,4.0,US0037,Silas,0,0.00014498841,0.00022269816
3.0,9.0,US0041,Brandon,0,0.00039009596,0.0007919567
3.0,9.0,US0042,Frank,0,0.0139299,0.028279908
3.0,9.0,US0043,Kim P.,0,0.0018517968,0.0037594414
3.0,9.0,US0044,Teresa,0,0.0004888298,0.0009924021
3.0,9.0,US0045,Tom,0,0.00991484,0.020128699
3.0,9.0,US0046,Lex,0,0.4538887,0.9214662
3.0,9.0,US0047,Kim J.,0,0.0045527285,0.009242762
3.0,9.0,US0048,Ethan,1,0.007385711,0.014994167
3.0,1.0,US0034,Jessie,0,0.0027822251,0.0036797165
3.0,1.0,US0033,Diane,0,0.0009693658,0.0012820642
3.0,1.0,US0035,Carl,0,0.0041844686,0.0055342964
3.0,1.0,US0036,Linda,0,0.0026886389,0.0035559412
3.0,1.0,US0037,Silas,0,0.00026717645,0.00035336235
3.0,1.0,US0038,Lindsey,0,0.0030364045,0.004015889
3.0,1.0,US0039,Clarence,0,0.00020189927,0.00026702802
3.0,1.0,US0040,Kelly,0,0.0031337366,0.0041446188
3.0,1.0,US0041,Brandon,0,0.00037090247,0.0004905484
3.0,1.0,US0042,Frank,0,0.034475558,0.045596696
3.0,1.0,US0043,Kim P.,0,0.0023883611,0.0031587998
3.0,3.0,US0041,Brandon,0,0.00032307682,0.00049057906
3.0,2.0,US0047,Kim J.,0,0.008878594,0.012980075
3.0,2.0,US0048,Ethan,1,0.022708531,0.033198774
3.0,3.0,US0035,Carl,0,0.0010887178,0.0016531739
3.0,3.0,US0036,Linda,0,0.002090015,0.0031736032
3.0,3.0,US0037,Silas,0,0.00012571672,0.00019089575
3.0,3.0,US0038,Lindsey,0,0.0026862258,0.004078925
3.0,3.0,US0039,Clarence,0,9.388384e-05,0.00014255881
3.0,3.0,US0040,Kelly,0,0.0006533073,0.0009920207
3.0,2.0,US0046,Lex,0,0.58681947,0.85790163
3.0,3.0,US0042,Frank,0,0.03170908,0.048148952
3.0,3.0,US0043,Kim P.,0,0.0025355732,0.0038501653
3.0,3.0,US0044,Teresa,0,0.00052834564,0.0008022715
3.0,3.0,US0045,Tom,0,0.012441941,0.018892583
3.0,3.0,US0046,Lex,0,0.57882327,0.87891966
3.0,3.0,US0047,Kim J.,0,0.0049982825,0.0075896895
3.0,3.0,US0048,Ethan,1,0.020464744,0.031074885
3.0,4.0,US0036,Linda,0,0.0010726287,0.0016475277
3.0,2.0,US0037,Silas,0,0.00016898387,0.00024704624
3.0,1.0,US0044,Teresa,0,0.00058420905,0.00077266345
3.0,1.0,US0045,Tom,0,0.018694898,0.024725506
3.0,1.0,US0046,Lex,0,0.6640767,0.8782948
3.0,1.0,US0047,Kim J.,0,0.009929948,0.013133154
3.0,1.0,US0048,Ethan,1,0.008313184,0.010994854
3.0,2.0,US0034,Jessie,0,0.000789825,0.0011546859
3.0,2.0,US0035,Carl,0,0.0023925402,0.003497778
3.0,2.0,US0036,Linda,0,0.0030454176,0.004452253
3.0,2.0,US0038,Lindsey,0,0.0036386014,0.005319459
3.0,2.0,US0039,Clarence,0,0.00023136435,0.00033824347
3.0,2.0,US0040,Kelly,0,0.0010259325,0.0014998636
3.0,2.0,US0041,Brandon,0,0.00033786587,0.0004939436
3.0,2.0,US0042,Frank,0,0.030058324,0.043943815
3.0,2.0,US0043,Kim P.,0,0.0020660777,0.0030205054
3.0,2.0,US0044,Teresa,0,0.00055726623,0.00081469625
3.0,2.0,US0045,Tom,0,0.021298388,0.031137211
4.0,5.0,US0060,Sean,0,0.046727285,0.1759558
4.0,4.0,US0063,Neleh,0,0.019488664,0.08428681
4.0,4.0,US0064,Vecepia,1,0.040015694,0.17306446
4.0,5.0,US0053,Gabriel,0,0.00054850825,0.0020654572
4.0,5.0,US0054,Gina,0,0.00063461,0.0023896813
4.0,5.0,US0055,Boston Rob,0,0.0029368866,0.011059111
4.0,5.0,US0056,John,0,0.0019329368,0.0072786477
4.0,5.0,US0057,Zoe,0,0.00029860143,0.0011244107
4.0,5.0,US0058,Tammy,0,0.0010846376,0.0040843007
4.0,5.0,US0059,Robert,0,0.001552589,0.005846414
4.0,4.0,US0062,Kathy,0,0.041008797,0.17735954
4.0,5.0,US0061,Paschal,0,0.109450884,0.41214716
4.0,5.0,US0062,Kathy,0,0.04697428,0.17688589
4.0,5.0,US0063,Neleh,0,0.018453239,0.06948733
4.0,5.0,US0064,Vecepia,1,0.034968164,0.13167578
4.0,6.0,US0054,Gina,0,0.00021388143,0.0008376772
4.0,6.0,US0055,Boston Rob,0,0.0031631887,0.012388785
4.0,6.0,US0056,John,0,0.0017230846,0.0067485464
4.0,6.0,US0057,Zoe,0,0.00023660278,0.00092666654
4.0,4.0,US0053,Gabriel,0,0.0014837874,0.006417254
4.0,3.0,US0058,Tammy,0,0.0006317442,0.0021985418
4.0,3.0,US0059,Robert,0,0.0016981167,0.005909639
4.0,3.0,US0060,Sean,0,0.035001896,0.12181058
4.0,3.0,US0061,Paschal,0,0.09865844,0.3433426
4.0,3.0,US0062,Kathy,0,0.07296322,0.25392032
4.0,3.0,US0063,Neleh,0,0.018821133,0.065499686
4.0,3.0,US0064,Vecepia,1,0.05064387,0.17624642
4.0,4.0,US0052,Sarah,0,0.000113310634,0.0004900588
4.0,6.0,US0058,Tammy,0,0.0006832291,0.0026759007
4.0,4.0,US0054,Gina,0,0.0006039937,0.0026122213
4.0,4.0,US0055,Boston Rob,0,0.0028783644,0.01244868
4.0,4.0,US0056,John,0,0.0014717074,0.0063650087
4.0,4.0,US0057,Zoe,0,0.00022001524,0.0009515471
4.0,4.0,US0058,Tammy,0,0.00066241046,0.0028648686
4.0,4.0,US0059,Robert,0,0.0015487529,0.0066982238
4.0,4.0,US0060,Sean,0,0.03684757,0.15936258
4.0,4.0,US0061,Paschal,0,0.084875375,0.36707875
4.0,10.0,US0058,Tammy,0,0.0015954723,0.016111318
4.0,8.0,US0058,Tammy,0,0.0007281173,0.005190643
4.0,8.0,US0059,Robert,0,0.0008355184,0.00595629
4.0,8.0,US0060,Sean,0,0.019271431,0.13738325
4.0,8.0,US0061,Paschal,0,0.043974597,0.31348854
4.0,8.0,US0062,Kathy,0,0.05803185,0.41370067
4.0,8.0,US0063,Neleh,0,0.006992231,0.049846604
4.0,8.0,US0064,Vecepia,1,0.009812949,0.069955096
4.0,10.0,US0057,Zoe,0,6.234534e-05,0.00062957255
4.0,8.0,US0057,Zoe,0,0.00019339842,0.0013787093
4.0,10.0,US0059,Robert,0,0.00077068934,0.007782536
4.0,10.0,US0060,Sean,0,0.02308929,0.2331591
4.0,10.0,US0061,Paschal,0,0.038302165,0.38678098
4.0,10.0,US0062,Kathy,0,0.021006802,0.21212983
4.0,10.0,US0063,Neleh,0,0.005790109,0.058469385
4.0,10.0,US0064,Vecepia,1,0.008411172,0.084937274
4.0,11.0,US0058,Tammy,0,0.000697114,0.0050102533
4.0,11.0,US0059,Robert,0,0.00095745217,0.006881339
4.0,7.0,US0057,Zoe,0,0.00036160607,0.002202413
4.0,6.0,US0059,Robert,0,0.001033331,0.0040470925
4.0,6.0,US0060,Sean,0,0.04559002,0.17855558
4.0,6.0,US0061,Paschal,0,0.101297036,0.39673486
4.0,6.0,US0062,Kathy,0,0.04371586,0.17121534
4.0,6.0,US0063,Neleh,0,0.02260107,0.08851821
4.0,6.0,US0064,Vecepia,1,0.035069477,0.13735135
4.0,7.0,US0055,Boston Rob,0,0.0007882336,0.004800848
4.0,7.0,US0056,John,0,0.00081249204,0.004948598
4.0,3.0,US0057,Zoe,0,0.00023707653,0.0008250533
4.0,7.0,US0058,Tammy,0,0.00073268835,0.004462542
4.0,7.0,US0059,Robert,0,0.00076816446,0.0046786144
4.0,7.0,US0060,Sean,0,0.01373046,0.08362731
4.0,7.0,US0061,Paschal,0,0.055714227,0.33933538
4.0,7.0,US0062,Kathy,0,0.075105436,0.4574403
4.0,7.0,US0063,Neleh,0,0.0071138097,0.043327667
4.0,7.0,US0064,Vecepia,1,0.009059193,0.055176295
4.0,8.0,US0056,John,0,0.00043488826,0.0031002555
4.0,1.0,US0049,Peter,0,0.00110798,0.0040890495
4.0,1.0,US0050,Patricia,0,0.0006933692,0.0025589096
4.0,2.0,US0062,Kathy,0,0.06235849,0.24394943
4.0,2.0,US0054,Gina,0,0.00034742712,0.0013591517
4.0,2.0,US0055,Boston Rob,0,0.0039906385,0.01561157
4.0,2.0,US0056,John,0,0.0018957286,0.0074161817
4.0,2.0,US0057,Zoe,0,0.00021617705,0.0008456951
4.0,2.0,US0058,Tammy,0,0.0006956056,0.0027212426
4.0,2.0,US0059,Robert,0,0.0016223005,0.0063465177
4.0,2.0,US0060,Sean,0,0.023265112,0.09101424
4.0,2.0,US0061,Paschal,0,0.093619525,0.3662441
4.0,2.0,US0053,Gabriel,0,0.0014094502,0.005513837
4.0,2.0,US0063,Neleh,0,0.02133364,0.08345823
4.0,2.0,US0064,Vecepia,1,0.043812335,0.17139597
4.0,3.0,US0051,Hunter,0,0.00018340941,0.00063828565
4.0,3.0,US0052,Sarah,0,0.0006987586,0.0024317594
4.0,3.0,US0053,Gabriel,0,0.0012569502,0.0043743295
4.0,3.0,US0054,Gina,0,0.0004206672,0.0014639697
4.0,3.0,US0055,Boston Rob,0,0.0040928423,0.014243557
4.0,3.0,US0056,John,0,0.002038787,0.0070952103
4.0,1.0,US0059,Robert,0,0.0014342546,0.00529318
4.0,1.0,US0051,Hunter,0,0.000802217,0.0029606174
4.0,1.0,US0052,Sarah,0,0.00045053457,0.0016627178
4.0,1.0,US0053,Gabriel,0,0.0015024651,0.005544914
4.0,1.0,US0054,Gina,0,0.0005176485,0.0019104048
4.0,1.0,US0055,Boston Rob,0,0.0042234417,0.015586798
4.0,1.0,US0056,John,0,0.0017541827,0.006473889
4.0,1.0,US0057,Zoe,0,0.00031564778,0.0011649121
4.0,1.0,US0058,Tammy,0,0.00059676374,0.002202383
4.0,11.0,US0060,Sean,0,0.03171043,0.22790718
4.0,1.0,US0060,Sean,0,0.027464041,0.10135726
4.0,1.0,US0061,Paschal,0,0.09394169,0.34669596
4.0,1.0,US0062,Kathy,0,0.049454816,0.18251519
4.0,1.0,US0063,Neleh,0,0.025287423,0.093324356
4.0,1.0,US0064,Vecepia,1,0.061416272,0.22665948
4.0,2.0,US0050,Patricia,0,0.00020897134,0.00081750593
4.0,2.0,US0051,Hunter,0,0.00040311017,0.0015769864
4.0,2.0,US0052,Sarah,0,0.00044204184,0.001729289
4.0,14.0,US0064,Vecepia,1,0.031716894,0.41580394
4.0,14.0,US0062,Kathy,0,0.011711026,0.15352987
4.0,14.0,US0063,Neleh,0,0.020754067,0.27208284
4.0,12.0,US0063,Neleh,0,0.009745069,0.059141897
4.0,11.0,US0061,Paschal,0,0.052145414,0.37477618
4.0,11.0,US0062,Kathy,0,0.038475867,0.2765313
4.0,11.0,US0063,Neleh,0,0.005825704,0.04187013
4.0,11.0,US0064,Vecepia,1,0.0093255015,0.06702365
4.0,12.0,US0059,Robert,0,0.0003244402,0.0019689966
4.0,12.0,US0060,Sean,0,0.03574825,0.21695274
4.0,12.0,US0061,Paschal,0,0.06933764,0.42080358
4.0,12.0,US0062,Kathy,0,0.03851699,0.23375596
4.0,12.0,US0064,Vecepia,1,0.01110197,0.0673768
4.0,13.0,US0060,Sean,0,0.0025523482,0.019087305
4.0,13.0,US0061,Paschal,0,0.06167512,0.461227
4.0,13.0,US0062,Kathy,0,0.047827773,0.35767195
4.0,13.0,US0063,Neleh,0,0.009098028,0.06803807
4.0,13.0,US0064,Vecepia,1,0.012566399,0.09397569
4.0,14.0,US0061,Paschal,0,0.012096499,0.15858337
5.0,4.0,US0079,Clay,0,0.053278882,0.05026171
5.0,4.0,US0070,Robb,0,0.0012976341,0.0012241493
5.0,4.0,US0071,Shii Ann,0,0.004091612,0.0038599048
5.0,4.0,US0072,Erin,0,0.0017498703,0.0016507754
5.0,4.0,US0073,Ken,0,0.0044725034,0.0042192265
5.0,4.0,US0074,Penny,0,0.009187454,0.00866717
5.0,4.0,US0075,Jake,0,0.035473913,0.03346503
5.0,4.0,US0076,Ted,0,0.47700483,0.44999212
5.0,4.0,US0077,Helen,0,0.08519029,0.08036598
5.0,4.0,US0078,Jan,0,0.08819637,0.083201826
5.0,4.0,US0069,Stephanie,0,0.0012941887,0.001220899
5.0,4.0,US0080,Brian,1,0.29801685,0.2811402
5.0,5.0,US0069,Stephanie,0,0.0006281842,0.0005640107
5.0,5.0,US0070,Robb,0,0.0012304122,0.0011047168
5.0,5.0,US0071,Shii Ann,0,0.0044319746,0.003979217
5.0,5.0,US0072,Erin,0,0.0018277585,0.00164104
5.0,5.0,US0073,Ken,0,0.0037114732,0.00333232
5.0,5.0,US0074,Penny,0,0.014132324,0.012688606
5.0,5.0,US0075,Jake,0,0.03134143,0.028139679
5.0,3.0,US0073,Ken,0,0.0047034947,0.004504019
5.0,2.0,US0079,Clay,0,0.06432357,0.05353631
5.0,2.0,US0080,Brian,1,0.3372089,0.28065795
5.0,3.0,US0067,Jed,0,0.00051016966,0.0004885333
5.0,3.0,US0068,Ghandia,0,0.002205689,0.0021121455
5.0,3.0,US0069,Stephanie,0,0.0014100958,0.0013502935
5.0,3.0,US0070,Robb,0,0.0013316135,0.0012751396
5.0,3.0,US0071,Shii Ann,0,0.0034589416,0.0033122476
5.0,3.0,US0072,Erin,0,0.0017841128,0.0017084483
5.0,5.0,US0076,Ted,0,0.50671345,0.45494905
5.0,3.0,US0074,Penny,0,0.011650358,0.011156266
5.0,3.0,US0075,Jake,0,0.036932237,0.035365935
5.0,3.0,US0076,Ted,0,0.4764918,0.45628375
5.0,3.0,US0077,Helen,0,0.0681072,0.06521877
5.0,3.0,US0078,Jan,0,0.10116088,0.09687063
5.0,3.0,US0079,Clay,0,0.04795152,0.04591789
5.0,3.0,US0080,Brian,1,0.28659025,0.2744359
5.0,4.0,US0068,Ghandia,0,0.0007748249,0.00073094666
5.0,8.0,US0073,Ken,0,0.004310083,0.004272227
5.0,7.0,US0074,Penny,0,0.015973799,0.014093494
5.0,7.0,US0075,Jake,0,0.038614657,0.034069255
5.0,7.0,US0076,Ted,0,0.52701366,0.46497792
5.0,7.0,US0077,Helen,0,0.07246468,0.06393473
5.0,7.0,US0078,Jan,0,0.08825882,0.07786971
5.0,7.0,US0079,Clay,0,0.062131844,0.05481819
5.0,7.0,US0080,Brian,1,0.3205055,0.2827782
5.0,8.0,US0072,Erin,0,0.00073276483,0.0007263289
5.0,7.0,US0073,Ken,0,0.005031951,0.0044396305
5.0,8.0,US0074,Penny,0,0.016253747,0.016110988
5.0,8.0,US0075,Jake,0,0.03302841,0.032738317
5.0,8.0,US0076,Ted,0,0.5364974,0.5317853
5.0,8.0,US0077,Helen,0,0.042424668,0.042052045
5.0,8.0,US0078,Jan,0,0.09889473,0.09802613
5.0,8.0,US0079,Clay,0,0.06807603,0.06747811
5.0,8.0,US0080,Brian,1,0.20864311,0.20681058
5.0,9.0,US0073,Ken,0,0.002081334,0.002100704
5.0,6.0,US0074,Penny,0,0.014236224,0.012652303
5.0,5.0,US0077,Helen,0,0.07668051,0.06884705
5.0,5.0,US0078,Jan,0,0.1015576,0.09118277
5.0,5.0,US0079,Clay,0,0.059581146,0.05349451
5.0,5.0,US0080,Brian,1,0.3119444,0.28007704
5.0,6.0,US0070,Robb,0,0.0005565268,0.0004946077
5.0,6.0,US0071,Shii Ann,0,0.004138582,0.0036781237
5.0,6.0,US0072,Erin,0,0.0018175461,0.001615326
5.0,6.0,US0073,Ken,0,0.0041519394,0.003689995
5.0,2.0,US0078,Jan,0,0.10991651,0.091483176
5.0,6.0,US0075,Jake,0,0.031694308,0.028168002
5.0,6.0,US0076,Ted,0,0.53164643,0.4724955
5.0,6.0,US0077,Helen,0,0.082192086,0.0730474
5.0,6.0,US0078,Jan,0,0.09476365,0.08422025
5.0,6.0,US0079,Clay,0,0.058333803,0.05184359
5.0,6.0,US0080,Brian,1,0.3016572,0.26809484
5.0,7.0,US0071,Shii Ann,0,0.0014324002,0.0012637897
5.0,7.0,US0072,Erin,0,0.0019892524,0.0017550938
5.0,2.0,US0069,Stephanie,0,0.0014453935,0.0012029967
5.0,1.0,US0076,Ted,0,0.50244266,0.45543376
5.0,1.0,US0077,Helen,0,0.05599333,0.050754555
5.0,1.0,US0078,Jan,0,0.08344143,0.07563459
5.0,1.0,US0079,Clay,0,0.049684837,0.04503629
5.0,1.0,US0080,Brian,1,0.33675584,0.30524874
5.0,2.0,US0066,Tanya,0,0.0022640538,0.0018843651
5.0,2.0,US0067,Jed,0,0.00167086,0.0013906517
5.0,2.0,US0068,Ghandia,0,0.0034717098,0.0028894935
5.0,1.0,US0075,Jake,0,0.037376273,0.03387932
5.0,2.0,US0070,Robb,0,0.0013921619,0.0011586922
5.0,2.0,US0071,Shii Ann,0,0.0044560474,0.003708755
5.0,2.0,US0072,Erin,0,0.0016755523,0.0013945572
5.0,2.0,US0073,Ken,0,0.0048536896,0.0040397113
5.0,2.0,US0074,Penny,0,0.010871119,0.009047999
5.0,2.0,US0075,Jake,0,0.040910956,0.034050066
5.0,2.0,US0076,Ted,0,0.5402526,0.44965062
5.0,2.0,US0077,Helen,0,0.07678104,0.06390463
5.0,1.0,US0066,Tanya,0,0.006830499,0.006191433
5.0,1.0,US0065,John,0,0.002143073,0.0019425654
5.0,1.0,US0067,Jed,0,0.0015165335,0.0013746456
5.0,1.0,US0068,Ghandia,0,0.0023264107,0.0021087502
5.0,1.0,US0069,Stephanie,0,0.0015122937,0.0013708024
5.0,1.0,US0070,Robb,0,0.001422325,0.0012892513
5.0,1.0,US0071,Shii Ann,0,0.00396893,0.003597594
5.0,1.0,US0072,Erin,0,0.0020850592,0.0018899796
5.0,1.0,US0073,Ken,0,0.0040560598,0.0036765719
5.0,1.0,US0074,Penny,0,0.011662278,0.010571147
5.0,9.0,US0074,Penny,0,0.01761386,0.017777784
5.0,14.0,US0079,Clay,0,0.12941611,0.3363214
5.0,12.0,US0080,Brian,1,0.16683413,0.17209895
5.0,13.0,US0076,Ted,0,0.095212996,0.15430963
5.0,13.0,US0077,Helen,0,0.063510716,0.102930434
5.0,13.0,US0078,Jan,0,0.099541545,0.16132481
5.0,13.0,US0079,Clay,0,0.122215584,0.19807214
5.0,13.0,US0080,Brian,1,0.23654477,0.38336298
5.0,14.0,US0077,Helen,0,0.013288742,0.034534253
5.0,14.0,US0078,Jan,0,0.019291565,0.05013415
5.0,12.0,US0079,Clay,0,0.07765378,0.080104314
5.0,14.0,US0080,Brian,1,0.22280249,0.57901025
5.0,10.0,US0076,Ted,0,0.5031624,0.4906634
5.0,9.0,US0075,Jake,0,0.036364842,0.036703274
5.0,9.0,US0076,Ted,0,0.5079509,0.51267815
5.0,9.0,US0077,Helen,0,0.028301338,0.028564725
5.0,9.0,US0078,Jan,0,0.10026157,0.10119466
5.0,9.0,US0079,Clay,0,0.10070007,0.101637244
5.0,9.0,US0080,Brian,1,0.1975054,0.19934349
5.0,10.0,US0074,Penny,0,0.005222414,0.005092685
5.0,10.0,US0075,Jake,0,0.039721783,0.038735062
5.0,10.0,US0077,Helen,0,0.047412887,0.046235114
5.0,10.0,US0078,Jan,0,0.09737038,0.09495162
5.0,10.0,US0079,Clay,0,0.15393168,0.15010789
5.0,10.0,US0080,Brian,1,0.17865211,0.17421424
5.0,12.0,US0075,Jake,0,0.009021426,0.009306116
5.0,12.0,US0076,Ted,0,0.54395634,0.56112206
5.0,12.0,US0077,Helen,0,0.069044426,0.071223274
5.0,12.0,US0078,Jan,0,0.1028981,0.10614527
6.0,4.0,US0086,Shawna,0,0.00025380187,0.00022928137
6.0,3.0,US0090,Alex,0,0.00091408135,0.00079767854
6.0,3.0,US0091,Christy,0,0.00058330904,0.0005090281
6.0,3.0,US0092,Heidi,0,0.01421643,0.012406052
6.0,3.0,US0093,Butch,0,0.027809503,0.024268128
6.0,3.0,US0094,Rob,0,0.40786824,0.35592866
6.0,3.0,US0095,Matthew,0,0.44449994,0.38789552
6.0,3.0,US0096,Jenna,1,0.10857662,0.09475003
6.0,4.0,US0084,JoAnna,0,0.00014244327,0.00012868144
6.0,4.0,US0085,Jeanne,0,0.0007969574,0.0007199611
6.0,3.0,US0089,Deena,0,0.021709817,0.0189452
6.0,4.0,US0087,Roger,0,0.11383627,0.10283823
6.0,4.0,US0088,Dave,0,0.0002538958,0.00022936621
6.0,4.0,US0089,Deena,0,0.018762115,0.016949456
6.0,4.0,US0090,Alex,0,0.0009699732,0.0008762614
6.0,4.0,US0091,Christy,0,0.00041023977,0.00037060535
6.0,4.0,US0092,Heidi,0,0.008444489,0.0076286434
6.0,4.0,US0093,Butch,0,0.032183897,0.029074522
6.0,4.0,US0094,Rob,0,0.37539878,0.33913046
6.0,2.0,US0094,Rob,0,0.4085943,0.34672156
6.0,2.0,US0086,Shawna,0,0.00032060622,0.00027205737
6.0,2.0,US0087,Roger,0,0.12279546,0.10420075
6.0,2.0,US0088,Dave,0,0.00031026898,0.00026328547
6.0,2.0,US0089,Deena,0,0.020304315,0.017229667
6.0,2.0,US0090,Alex,0,0.0010277177,0.00087209215
6.0,2.0,US0091,Christy,0,0.00058480987,0.0004962531
6.0,2.0,US0092,Heidi,0,0.018319856,0.015545712
6.0,2.0,US0093,Butch,0,0.026974987,0.02289021
6.0,4.0,US0095,Matthew,0,0.45758793,0.41337907
6.0,2.0,US0095,Matthew,0,0.52148944,0.44252118
6.0,2.0,US0096,Jenna,1,0.055503987,0.04709911
6.0,3.0,US0083,Daniel,0,0.00024787817,0.00021631236
6.0,3.0,US0084,JoAnna,0,0.00031462716,0.0002745613
6.0,3.0,US0085,Jeanne,0,0.00087683386,0.0007651743
6.0,3.0,US0086,Shawna,0,0.000230974,0.00020156083
6.0,3.0,US0087,Roger,0,0.11785034,0.1028428
6.0,3.0,US0088,Dave,0,0.00022833006,0.00019925358
6.0,7.0,US0089,Deena,0,0.0147300605,0.015430045
6.0,6.0,US0091,Christy,0,0.00025361465,0.00020772398
6.0,6.0,US0092,Heidi,0,0.011352007,0.009297902
6.0,6.0,US0093,Butch,0,0.034928594,0.02860839
6.0,6.0,US0094,Rob,0,0.45513362,0.3727788
6.0,6.0,US0095,Matthew,0,0.4571557,0.374435
6.0,6.0,US0096,Jenna,1,0.067624055,0.05538772
6.0,7.0,US0087,Roger,0,0.040605113,0.0425347
6.0,7.0,US0088,Dave,0,0.00024580664,0.00025748758
6.0,6.0,US0090,Alex,0,0.0005438554,0.0004454467
6.0,7.0,US0090,Alex,0,0.00054534787,0.00057126326
6.0,7.0,US0091,Christy,0,0.00023793773,0.0002492447
6.0,7.0,US0092,Heidi,0,0.011013732,0.011537114
6.0,7.0,US0093,Butch,0,0.02327368,0.024379665
6.0,7.0,US0094,Rob,0,0.33698046,0.35299405
6.0,7.0,US0095,Matthew,0,0.4325912,0.45314828
6.0,7.0,US0096,Jenna,1,0.09441162,0.098898135
6.0,8.0,US0088,Dave,0,6.7088025e-05,7.1715986e-05
6.0,5.0,US0092,Heidi,0,0.007661367,0.0069677057
6.0,4.0,US0096,Jenna,1,0.09790418,0.08844539
6.0,5.0,US0085,Jeanne,0,0.0003738434,0.00033999557
6.0,5.0,US0086,Shawna,0,0.00022707497,0.00020651557
6.0,5.0,US0087,Roger,0,0.108238585,0.09843865
6.0,5.0,US0088,Dave,0,0.00031036866,0.00028226787
6.0,5.0,US0089,Deena,0,0.013997274,0.01272996
6.0,5.0,US0090,Alex,0,0.0007914132,0.00071975857
6.0,5.0,US0091,Christy,0,0.00027832747,0.00025312768
6.0,2.0,US0085,Jeanne,0,0.0010188586,0.00086457457
6.0,5.0,US0093,Butch,0,0.03475387,0.03160725
6.0,5.0,US0094,Rob,0,0.42423666,0.38582623
6.0,5.0,US0095,Matthew,0,0.4313185,0.39226687
6.0,5.0,US0096,Jenna,1,0.07736645,0.07036168
6.0,6.0,US0086,Shawna,0,0.00010163061,8.324091e-05
6.0,6.0,US0087,Roger,0,0.17995994,0.14739683
6.0,6.0,US0088,Dave,0,0.00022965403,0.00018809894
6.0,6.0,US0089,Deena,0,0.013638785,0.011170896
6.0,1.0,US0091,Christy,0,0.00031756237,0.00027318546
6.0,1.0,US0083,Daniel,0,0.0008252312,0.00070991146
6.0,1.0,US0084,JoAnna,0,0.00030071582,0.0002586931
6.0,1.0,US0085,Jeanne,0,0.0008337215,0.0007172153
6.0,1.0,US0086,Shawna,0,0.00026559772,0.00022848246
6.0,1.0,US0087,Roger,0,0.13708018,0.11792427
6.0,1.0,US0088,Dave,0,0.00035761783,0.00030764347
6.0,1.0,US0089,Deena,0,0.012684355,0.010911813
6.0,1.0,US0090,Alex,0,0.0024632274,0.00211901
6.0,1.0,US0082,Janet,0,0.00035129022,0.0003022001
6.0,1.0,US0092,Heidi,0,0.010067693,0.00866081
6.0,1.0,US0093,Butch,0,0.029631568,0.025490783
6.0,1.0,US0094,Rob,0,0.40817055,0.35113183
6.0,1.0,US0095,Matthew,0,0.47745275,0.4107324
6.0,1.0,US0096,Jenna,1,0.08149184,0.07010398
6.0,2.0,US0082,Janet,0,0.00016352536,0.00013876299
6.0,2.0,US0083,Daniel,0,0.00071129814,0.0006035875
6.0,2.0,US0084,JoAnna,0,0.00033142362,0.00028123672
6.0,8.0,US0089,Deena,0,0.0115216365,0.012316437
6.0,1.0,US0081,Ryan,0,0.00014849698,0.00012774566
6.0,12.0,US0095,Matthew,0,0.49371982,0.5062526
6.0,11.0,US0093,Butch,0,0.025640925,0.027155615
6.0,11.0,US0094,Rob,0,0.364232,0.38574833
6.0,11.0,US0095,Matthew,0,0.46757668,0.4951979
6.0,11.0,US0096,Jenna,1,0.07698914,0.08153713
6.0,12.0,US0091,Christy,0,0.000100711884,0.0001032684
6.0,12.0,US0092,Heidi,0,0.008966812,0.009194429
6.0,12.0,US0093,Butch,0,0.026837157,0.027518403
6.0,12.0,US0094,Rob,0,0.36729014,0.3766136
6.0,11.0,US0092,Heidi,0,0.009320117,0.009870685
6.0,12.0,US0096,Jenna,1,0.078329355,0.0803177
6.0,13.0,US0092,Heidi,0,0.0010882388,0.0011640373
6.0,13.0,US0093,Butch,0,0.024896974,0.02663111
6.0,13.0,US0094,Rob,0,0.33938792,0.36302713
6.0,13.0,US0095,Matthew,0,0.49008554,0.5242212
6.0,13.0,US0096,Jenna,1,0.079424426,0.08495653
6.0,14.0,US0093,Butch,0,0.0060827383,0.009367005
6.0,14.0,US0094,Rob,0,0.017622573,0.02713757
6.0,9.0,US0090,Alex,0,0.0005730947,0.0005808389
6.0,8.0,US0090,Alex,0,0.0006298438,0.00067329255
6.0,8.0,US0091,Christy,0,0.00022706328,0.00024272688
6.0,8.0,US0092,Heidi,0,0.012772481,0.01365357
6.0,8.0,US0093,Butch,0,0.02144979,0.022929467
6.0,8.0,US0094,Rob,0,0.31206334,0.3335905
6.0,8.0,US0095,Matthew,0,0.50584096,0.54073554
6.0,8.0,US0096,Jenna,1,0.07089605,0.0757867
6.0,9.0,US0089,Deena,0,0.008319291,0.008431709
6.0,14.0,US0095,Matthew,0,0.5104229,0.7860167
6.0,9.0,US0091,Christy,0,0.0003566084,0.00036142723
6.0,9.0,US0092,Heidi,0,0.0077741668,0.007879219
6.0,9.0,US0093,Butch,0,0.021059945,0.021344528
6.0,9.0,US0094,Rob,0,0.30202323,0.30610445
6.0,9.0,US0095,Matthew,0,0.5588866,0.5664388
6.0,9.0,US0096,Jenna,1,0.08767427,0.08885901
6.0,11.0,US0090,Alex,0,0.00023405637,0.0002478828
6.0,11.0,US0091,Christy,0,0.000228952,0.00024247692
6.0,14.0,US0096,Jenna,1,0.11525103,0.17747878
7.0,11.0,US0100,Burton,0,0.012133034,0.015048071
7.0,10.0,US0109,Christa,0,0.0007228288,0.00079050893
7.0,10.0,US0100,Burton,0,0.012017005,0.013142185
7.0,10.0,US0110,Darrah,0,0.15983722,0.17480315
7.0,10.0,US0111,Jonny Fairplay,0,0.6103708,0.6675213
7.0,10.0,US0099,Lillian,0,0.0007541659,0.00082478026
7.0,10.0,US0112,Sandra,1,0.12855433,0.14059117
7.0,11.0,US0108,Tijuana,0,0.0005387125,0.0006681415
7.0,11.0,US0109,Christa,0,0.0008882065,0.0011016036
7.0,10.0,US0108,Tijuana,0,0.0012770626,0.001396637
7.0,11.0,US0110,Darrah,0,0.10080056,0.12501852
7.0,11.0,US0111,Jonny Fairplay,0,0.55161154,0.6841396
7.0,11.0,US0099,Lillian,0,0.00064958836,0.00080565596
7.0,11.0,US0112,Sandra,1,0.13966335,0.17321834
7.0,12.0,US0109,Christa,0,0.00042256952,0.0005214033
7.0,12.0,US0100,Burton,0,0.011909589,0.014695094
7.0,12.0,US0110,Darrah,0,0.15621732,0.19275461
7.0,12.0,US0111,Jonny Fairplay,0,0.49815568,0.6146681
7.0,9.0,US0107,Rupert,0,0.0021518674,0.0023439892
7.0,8.0,US0108,Tijuana,0,0.0011440134,0.0012193806
7.0,8.0,US0109,Christa,0,0.0007440449,0.0007930624
7.0,8.0,US0100,Burton,0,0.0066374866,0.0070747626
7.0,8.0,US0110,Darrah,0,0.1407498,0.15002236
7.0,8.0,US0111,Jonny Fairplay,0,0.65311915,0.6961465
7.0,8.0,US0099,Lillian,0,0.0007329663,0.0007812539
7.0,8.0,US0112,Sandra,1,0.13260353,0.14133942
7.0,9.0,US0106,Ryan O.,0,0.00018284054,0.00019916482
7.0,12.0,US0099,Lillian,0,0.0009310077,0.0011487588
7.0,9.0,US0108,Tijuana,0,0.0013538735,0.0014747494
7.0,9.0,US0109,Christa,0,0.0006766236,0.00073703355
7.0,9.0,US0100,Burton,0,0.010133702,0.011038454
7.0,9.0,US0110,Darrah,0,0.14034116,0.15287103
7.0,9.0,US0111,Jonny Fairplay,0,0.6345851,0.6912418
7.0,9.0,US0099,Lillian,0,0.0007544837,0.00082184514
7.0,9.0,US0112,Sandra,1,0.12785672,0.13927196
7.0,10.0,US0107,Rupert,0,0.00085064716,0.00093029527
7.0,14.0,US0099,Lillian,0,0.001552136,0.007148103
7.0,12.0,US0112,Sandra,1,0.14281042,0.176212
7.0,13.0,US0100,Burton,0,0.011457946,0.01509068
7.0,13.0,US0110,Darrah,0,0.13622668,0.17941725
7.0,13.0,US0111,Jonny Fairplay,0,0.494061,0.65070266
7.0,13.0,US0099,Lillian,0,0.000751984,0.0009904
7.0,13.0,US0112,Sandra,1,0.11677547,0.15379904
7.0,14.0,US0110,Darrah,0,0.03433132,0.15810716
7.0,14.0,US0111,Jonny Fairplay,0,0.037173502,0.17119636
7.0,14.0,US0112,Sandra,1,0.14408262,0.6635484
7.0,8.0,US0107,Rupert,0,0.0015195358,0.0016196425
7.0,5.0,US0102,Trish,0,0.009990057,0.009642037
7.0,5.0,US0111,Jonny Fairplay,0,0.6847206,0.6608672
7.0,5.0,US0112,Sandra,1,0.15433425,0.14895776
7.0,5.0,US0104,Osten,0,0.00088085927,0.00085017306
7.0,5.0,US0105,Andrew,0,0.0012654532,0.001221369
7.0,5.0,US0106,Ryan O.,0,0.0003881949,0.00037467148
7.0,5.0,US0108,Tijuana,0,0.001070231,0.0010329477
7.0,5.0,US0110,Darrah,0,0.17978199,0.17351899
7.0,5.0,US0101,Michelle,0,0.00037027433,0.0003573752
7.0,5.0,US0109,Christa,0,0.0007394567,0.00071369647
7.0,6.0,US0103,Shawn,0,0.0008789733,0.00086596544
7.0,6.0,US0107,Rupert,0,0.0011777182,0.0011602893
7.0,6.0,US0109,Christa,0,0.0006520927,0.00064244244
7.0,6.0,US0111,Jonny Fairplay,0,0.6781696,0.66813344
7.0,6.0,US0112,Sandra,1,0.14751564,0.14533257
7.0,6.0,US0104,Osten,0,0.00076398725,0.00075268105
7.0,6.0,US0105,Andrew,0,0.0013252136,0.0013056019
7.0,6.0,US0106,Ryan O.,0,0.00034027424,0.00033523855
7.0,4.0,US0105,Andrew,0,0.001333833,0.0012069696
7.0,3.0,US0101,Michelle,0,0.0011814873,0.00088521175
7.0,3.0,US0102,Trish,0,0.0113516385,0.008505045
7.0,4.0,US0103,Shawn,0,0.00093214517,0.0008434871
7.0,4.0,US0107,Rupert,0,0.0029238418,0.0026457498
7.0,4.0,US0109,Christa,0,0.00073363545,0.000663858
7.0,4.0,US0111,Jonny Fairplay,0,0.68374413,0.61871195
7.0,4.0,US0112,Sandra,1,0.17753477,0.1606491
7.0,4.0,US0104,Osten,0,0.0009476163,0.00085748674
7.0,6.0,US0108,Tijuana,0,0.0011352726,0.0011184717
7.0,4.0,US0106,Ryan O.,0,0.0002999556,0.00027142625
7.0,4.0,US0108,Tijuana,0,0.0013148161,0.0011897614
7.0,4.0,US0110,Darrah,0,0.20506145,0.18555768
7.0,4.0,US0100,Burton,0,0.016548341,0.014974398
7.0,4.0,US0101,Michelle,0,0.0010253823,0.0009278563
7.0,4.0,US0102,Trish,0,0.01270906,0.011500278
7.0,5.0,US0103,Shawn,0,0.00092974724,0.00089735794
7.0,5.0,US0107,Rupert,0,0.0016230196,0.001566479
7.0,7.0,US0110,Darrah,0,0.13212273,0.1417731
7.0,7.0,US0107,Rupert,0,0.0015194273,0.0016304078
7.0,7.0,US0109,Christa,0,0.00054834335,0.0005883949
7.0,7.0,US0111,Jonny Fairplay,0,0.64198303,0.6888741
7.0,7.0,US0112,Sandra,1,0.12749399,0.13680628
7.0,7.0,US0104,Osten,0,0.0002611923,0.00028027003
7.0,7.0,US0105,Andrew,0,0.0013515281,0.001450245
7.0,7.0,US0106,Ryan O.,0,0.00029264818,0.0003140235
7.0,7.0,US0108,Tijuana,0,0.0008132907,0.00087269425
7.0,7.0,US0102,Trish,0,0.0016502251,0.0017707592
7.0,7.0,US0100,Burton,0,0.020631,0.02213791
7.0,7.0,US0099,Lillian,0,0.0020738344,0.0022253094
7.0,7.0,US0097,Nicole,0,0.00019648216,0.00021083342
7.0,7.0,US0098,Ryan S.,0,0.00024723003,0.00026528796
7.0,7.0,US0101,Michelle,0,0.00042673512,0.00045790427
7.0,8.0,US0105,Andrew,0,0.0006116859,0.00065198366
7.0,8.0,US0106,Ryan O.,0,0.00032992053,0.00035165562
7.0,6.0,US0110,Darrah,0,0.18049578,0.17782465
7.0,6.0,US0102,Trish,0,0.002566669,0.002528685
7.0,7.0,US0103,Shawn,0,0.00031917318,0.0003424859
7.0,3.0,US0100,Burton,0,0.11910196,0.08923536
7.0,1.0,US0103,Shawn,0,0.0007690665,0.000609188
7.0,1.0,US0107,Rupert,0,0.0025826774,0.0020457737
7.0,1.0,US0109,Christa,0,0.0005689828,0.00045069895
7.0,1.0,US0111,Jonny Fairplay,0,0.70423776,0.55783623
7.0,1.0,US0112,Sandra,1,0.19099975,0.15129349
7.0,1.0,US0104,Osten,0,0.0009896287,0.0007838983
7.0,1.0,US0105,Andrew,0,0.0023710344,0.0018781284
7.0,3.0,US0109,Christa,0,0.00045490635,0.0003408318
7.0,2.0,US0110,Darrah,0,0.24912836,0.19073899
7.0,2.0,US0098,Ryan S.,0,0.0003148147,0.00024103012
7.0,2.0,US0099,Lillian,0,0.0074058454,0.0056701032
7.0,2.0,US0100,Burton,0,0.1098344,0.084092006
7.0,2.0,US0101,Michelle,0,0.0012119504,0.0009279
7.0,2.0,US0102,Trish,0,0.011262722,0.008623026
7.0,3.0,US0103,Shawn,0,0.00073277386,0.00054901984
7.0,3.0,US0107,Rupert,0,0.0020086581,0.0015049571
7.0,2.0,US0108,Tijuana,0,0.0026246307,0.0020094838
7.0,3.0,US0111,Jonny Fairplay,0,0.70956045,0.5316276
7.0,3.0,US0112,Sandra,1,0.18944047,0.14193544
7.0,3.0,US0104,Osten,0,0.0010820652,0.00081072113
7.0,3.0,US0105,Andrew,0,0.0011674868,0.000874722
7.0,3.0,US0106,Ryan O.,0,0.00035537966,0.00026626288
7.0,3.0,US0108,Tijuana,0,0.0023279064,0.0017441491
7.0,3.0,US0110,Darrah,0,0.29448828,0.22064094
7.0,3.0,US0099,Lillian,0,0.0014412035,0.0010798002
7.0,1.0,US0102,Trish,0,0.008949205,0.0070887865
7.0,1.0,US0106,Ryan O.,0,0.00051031413,0.0004042267
7.0,1.0,US0108,Tijuana,0,0.0019464893,0.0015418405
7.0,1.0,US0110,Darrah,0,0.24797009,0.19642046
7.0,1.0,US0097,Nicole,0,0.00017045115,0.00013501666
7.0,1.0,US0098,Ryan S.,0,0.0010342445,0.00081923907
7.0,1.0,US0099,Lillian,0,0.003417378,0.0027069512
7.0,1.0,US0100,Burton,0,0.09495136,0.075212255
7.0,1.0,US0101,Michelle,0,0.0009768687,0.0007737909
7.0,2.0,US0103,Shawn,0,0.0008239637,0.0006308475
7.0,2.0,US0107,Rupert,0,0.0023810759,0.0018230121
7.0,2.0,US0109,Christa,0,0.00061480555,0.00047071071
7.0,2.0,US0111,Jonny Fairplay,0,0.7453416,0.5706524
7.0,2.0,US0112,Sandra,1,0.17147373,0.13128464
7.0,2.0,US0104,Osten,0,0.001172402,0.0008976207
7.0,2.0,US0105,Andrew,0,0.0019494495,0.001492548
7.0,2.0,US0106,Ryan O.,0,0.0005820878,0.00044566116
8.0,7.0,US0027,Amber,1,0.059820194,0.032271616
8.0,6.0,US0046,Lex,0,0.002026229,0.0010799905
8.0,6.0,US0048,Ethan,0,0.015101466,0.00804916
8.0,6.0,US0055,Boston Rob,0,0.8257011,0.440103
8.0,6.0,US0062,Kathy,0,0.0034318424,0.0018291898
8.0,6.0,US0071,Shii Ann,0,0.0033965863,0.0018103982
8.0,6.0,US0107,Rupert,0,0.8050936,0.42911908
8.0,7.0,US0009,Jenna L.,0,0.057253182,0.030886771
8.0,7.0,US0024,Alicia,0,0.00031958972,0.00017241128
8.0,7.0,US0025,Jerri,0,0.0047902614,0.0025842355
8.0,6.0,US0045,Tom,0,0.10421101,0.05554501
8.0,7.0,US0031,Colby,0,0.00026887504,0.00014505189
8.0,7.0,US0045,Tom,0,0.079480186,0.042877726
8.0,7.0,US0046,Lex,0,0.002283783,0.0012320483
8.0,7.0,US0048,Ethan,0,0.013821715,0.0074564964
8.0,7.0,US0055,Boston Rob,0,0.84766227,0.45729426
8.0,7.0,US0062,Kathy,0,0.0035141404,0.0018957977
8.0,7.0,US0071,Shii Ann,0,0.0036361716,0.0019616308
8.0,7.0,US0107,Rupert,0,0.780797,0.42122197
8.0,5.0,US0062,Kathy,0,0.0042867074,0.0023567474
8.0,5.0,US0024,Alicia,0,0.00037780718,0.00020771097
8.0,5.0,US0025,Jerri,0,0.0034187343,0.001879553
8.0,5.0,US0027,Amber,1,0.045940064,0.025256945
8.0,5.0,US0031,Colby,0,0.00056979083,0.0003132598
8.0,5.0,US0045,Tom,0,0.11168792,0.061403826
8.0,5.0,US0046,Lex,0,0.0027379964,0.0015052967
8.0,5.0,US0048,Ethan,0,0.013752121,0.0075606457
8.0,5.0,US0055,Boston Rob,0,0.8088628,0.44469687
8.0,8.0,US0009,Jenna L.,0,0.0504868,0.022191264
8.0,5.0,US0071,Shii Ann,0,0.004113778,0.0022616743
8.0,5.0,US0107,Rupert,0,0.756459,0.41588628
8.0,6.0,US0009,Jenna L.,0,0.052077014,0.027757319
8.0,6.0,US0013,Sue,0,0.00040210556,0.00021432436
8.0,6.0,US0024,Alicia,0,0.00028537287,0.00015210522
8.0,6.0,US0025,Jerri,0,0.0040684566,0.0021685085
8.0,6.0,US0027,Amber,1,0.0597011,0.031820998
8.0,6.0,US0031,Colby,0,0.0006584765,0.0003509714
8.0,11.0,US0062,Kathy,0,0.008160759,0.003304848
8.0,10.0,US0071,Shii Ann,0,0.0033738697,0.0012277769
8.0,10.0,US0107,Rupert,0,0.94847876,0.34515867
8.0,11.0,US0009,Jenna L.,0,0.08662017,0.035078414
8.0,11.0,US0024,Alicia,0,0.0009228443,0.0003737226
8.0,11.0,US0027,Amber,1,0.2536824,0.102733314
8.0,11.0,US0045,Tom,0,0.29262337,0.11850316
8.0,11.0,US0046,Lex,0,0.001200548,0.0004861838
8.0,11.0,US0055,Boston Rob,0,0.94544286,0.3828743
8.0,10.0,US0062,Kathy,0,0.0039646644,0.0014427716
8.0,11.0,US0071,Shii Ann,0,0.0034860238,0.0014117288
8.0,11.0,US0107,Rupert,0,0.87719053,0.3552343
8.0,12.0,US0009,Jenna L.,0,0.09148694,0.037377752
8.0,12.0,US0024,Alicia,0,0.0006652346,0.00027178714
8.0,12.0,US0027,Amber,1,0.24004097,0.09807074
8.0,12.0,US0045,Tom,0,0.26529804,0.10838973
8.0,12.0,US0055,Boston Rob,0,0.9651788,0.39433184
8.0,12.0,US0062,Kathy,0,0.003172767,0.0012962605
8.0,8.0,US0071,Shii Ann,0,0.004364501,0.0019183984
8.0,8.0,US0024,Alicia,0,0.0012874275,0.0005658834
8.0,8.0,US0025,Jerri,0,0.004645088,0.0020417294
8.0,8.0,US0027,Amber,1,0.16023214,0.07042938
8.0,8.0,US0045,Tom,0,0.26543087,0.116669044
8.0,8.0,US0046,Lex,0,0.002311832,0.0010161562
8.0,8.0,US0048,Ethan,0,0.005405482,0.0023759573
8.0,8.0,US0055,Boston Rob,0,0.95543253,0.41995642
8.0,8.0,US0062,Kathy,0,0.003745513,0.0016463248
8.0,5.0,US0016,Richard,0,0.003060769,0.0016827506
8.0,8.0,US0107,Rupert,0,0.82173324,0.36118945
8.0,10.0,US0009,Jenna L.,0,0.2590804,0.09428134
8.0,10.0,US0024,Alicia,0,0.0010584601,0.00038518172
8.0,10.0,US0025,Jerri,0,0.0015349013,0.0005585623
8.0,10.0,US0027,Amber,1,0.24594475,0.08950117
8.0,10.0,US0045,Tom,0,0.3198568,0.11639833
8.0,10.0,US0046,Lex,0,0.0022332848,0.0008127094
8.0,10.0,US0055,Boston Rob,0,0.96242434,0.35023355
8.0,2.0,US0025,Jerri,0,0.0064227353,0.0034118542
8.0,1.0,US0094,Rob C.,0,0.0001837632,9.784706e-05
8.0,1.0,US0096,Jenna M.,0,0.0014803847,0.0007882498
8.0,1.0,US0107,Rupert,0,0.7854517,0.4182238
8.0,2.0,US0009,Jenna L.,0,0.03392752,0.018022811
8.0,2.0,US0013,Sue,0,0.0004912248,0.00026094605
8.0,2.0,US0014,Rudy,0,0.0019405095,0.001030828
8.0,2.0,US0016,Richard,0,0.009153884,0.0048626815
8.0,2.0,US0024,Alicia,0,0.00030977893,0.00016455924
8.0,1.0,US0071,Shii Ann,0,0.0034365274,0.0018298229
8.0,2.0,US0027,Amber,1,0.03809996,0.020239275
8.0,2.0,US0031,Colby,0,0.00054711074,0.0002906335
8.0,2.0,US0045,Tom,0,0.10153054,0.053934556
8.0,2.0,US0046,Lex,0,0.0021805232,0.0011583269
8.0,2.0,US0048,Ethan,0,0.015378953,0.008169532
8.0,2.0,US0055,Boston Rob,0,0.84212536,0.44734973
8.0,2.0,US0062,Kathy,0,0.004460109,0.0023692772
8.0,2.0,US0071,Shii Ann,0,0.003955903,0.0021014356
8.0,1.0,US0025,Jerri,0,0.006213915,0.0033086785
8.0,1.0,US0009,Jenna L.,0,0.047207467,0.02513622
8.0,1.0,US0013,Sue,0,0.0004465918,0.0002377935
8.0,1.0,US0014,Rudy,0,0.002134829,0.001136717
8.0,1.0,US0016,Richard,0,0.007906895,0.004210127
8.0,1.0,US0024,Alicia,0,0.00038198355,0.00020339202
8.0,2.0,US0094,Rob C.,0,0.00025297783,0.00013438564
8.0,1.0,US0027,Amber,1,0.058617402,0.031211585
8.0,1.0,US0031,Colby,0,0.0006365885,0.00033895968
8.0,1.0,US0032,Tina,0,0.0051152967,0.002723705
8.0,1.0,US0045,Tom,0,0.10640626,0.05665737
8.0,1.0,US0046,Lex,0,0.0028414151,0.0015129477
8.0,1.0,US0048,Ethan,0,0.016194543,0.008622991
8.0,1.0,US0055,Boston Rob,0,0.8284907,0.44114044
8.0,1.0,US0062,Kathy,0,0.004919333,0.0026193615
8.0,4.0,US0046,Lex,0,0.0033126571,0.0018016078
8.0,4.0,US0009,Jenna L.,0,0.073521286,0.03998498
8.0,4.0,US0013,Sue,0,0.00036271298,0.00019726355
8.0,4.0,US0016,Richard,0,0.013805749,0.0075083366
8.0,4.0,US0024,Alicia,0,0.0002561832,0.00013932672
8.0,4.0,US0025,Jerri,0,0.0038785841,0.0021093905
8.0,4.0,US0027,Amber,1,0.041233957,0.022425326
8.0,4.0,US0031,Colby,0,0.00065736164,0.00035750994
8.0,4.0,US0045,Tom,0,0.07130645,0.03878043
8.0,3.0,US0107,Rupert,0,0.81795335,0.41167203
8.0,4.0,US0048,Ethan,0,0.014714421,0.008002523
8.0,4.0,US0055,Boston Rob,0,0.8176416,0.44467914
8.0,4.0,US0062,Kathy,0,0.0053949384,0.0029340684
8.0,4.0,US0071,Shii Ann,0,0.004050658,0.002202974
8.0,4.0,US0094,Rob C.,0,6.298115e-05,3.4252662e-05
8.0,4.0,US0107,Rupert,0,0.7885232,0.4288429
8.0,5.0,US0009,Jenna L.,0,0.063256346,0.034777097
8.0,5.0,US0013,Sue,0,0.00038434486,0.00021130526
8.0,3.0,US0031,Colby,0,0.00056724163,0.00028549
8.0,2.0,US0096,Jenna M.,0,0.0013817337,0.0007339978
8.0,2.0,US0107,Rupert,0,0.8203177,0.43576515
8.0,3.0,US0009,Jenna L.,0,0.10717134,0.053938825
8.0,3.0,US0013,Sue,0,0.0004727591,0.0002379374
8.0,3.0,US0016,Richard,0,0.011796795,0.005937271
8.0,3.0,US0024,Alicia,0,0.00032756056,0.00016485967
8.0,3.0,US0025,Jerri,0,0.008625137,0.0043409904
8.0,3.0,US0027,Amber,1,0.04142118,0.020847082
8.0,12.0,US0071,Shii Ann,0,0.0037981633,0.0015517713
8.0,3.0,US0045,Tom,0,0.110678524,0.055703975
8.0,3.0,US0046,Lex,0,0.0022120348,0.0011133066
8.0,3.0,US0048,Ethan,0,0.013460162,0.0067744358
8.0,3.0,US0055,Boston Rob,0,0.8621931,0.4339377
8.0,3.0,US0062,Kathy,0,0.0044205184,0.0022248258
8.0,3.0,US0071,Shii Ann,0,0.0039389734,0.0019824666
8.0,3.0,US0094,Rob C.,0,0.00024474284,0.0001231779
8.0,3.0,US0096,Jenna M.,0,0.0014219811,0.00071567635
8.0,16.0,US0027,Amber,1,0.24633548,0.17640345
8.0,15.0,US0107,Rupert,0,0.8612579,0.399428
8.0,16.0,US0009,Jenna L.,0,0.0029538695,0.0021152974
8.0,16.0,US0055,Boston Rob,0,0.9568579,0.6852161
8.0,16.0,US0107,Rupert,0,0.19028503,0.13626513
8.0,15.0,US0055,Boston Rob,0,0.9556277,0.44319415
8.0,14.0,US0009,Jenna L.,0,0.08463042,0.03573301
8.0,12.0,US0107,Rupert,0,0.8779899,0.35871008
8.0,13.0,US0009,Jenna L.,0,0.08783274,0.03699035
8.0,13.0,US0024,Alicia,0,0.0004615412,0.00019437591
8.0,13.0,US0027,Amber,1,0.21983956,0.092584394
8.0,13.0,US0045,Tom,0,0.2273196,0.09573458
8.0,13.0,US0055,Boston Rob,0,0.9625374,0.40536812
8.0,13.0,US0071,Shii Ann,0,0.0056433533,0.0023766716
8.0,13.0,US0107,Rupert,0,0.8708431,0.3667515
8.0,14.0,US0027,Amber,1,0.2287729,0.09659345
8.0,14.0,US0045,Tom,0,0.22596015,0.09540584
8.0,14.0,US0055,Boston Rob,0,0.9555237,0.4034452
8.0,14.0,US0071,Shii Ann,0,0.0016745108,0.00070701895
8.0,14.0,US0107,Rupert,0,0.8718483,0.36811543
8.0,15.0,US0009,Jenna L.,0,0.080090486,0.037143793
8.0,15.0,US0027,Amber,1,0.20441855,0.09480377
8.0,15.0,US0045,Tom,0,0.054833405,0.025430243
9.0,14.0,US0129,Twila,0,0.059989065,0.054875866
9.0,14.0,US0130,Chris,1,0.7910875,0.72365874
9.0,1.0,US0126,Julie,0,0.0011165083,0.00071260193
9.0,1.0,US0118,Travis,0,0.02250518,0.014363741
9.0,1.0,US0119,Lisa,0,0.0023093445,0.0014739195
9.0,1.0,US0120,John K.,0,0.00078453176,0.00050072075
9.0,1.0,US0121,Rory,0,0.004380269,0.0027956695
9.0,1.0,US0122,Lea,0,0.0053273113,0.0034001113
9.0,1.0,US0123,Chad,0,0.0045961365,0.0029334452
9.0,1.0,US0124,Leann,0,0.008517692,0.0054363445
9.0,1.0,US0125,Ami,0,0.0027048178,0.001726327
9.0,1.0,US0117,Brady,0,0.008461607,0.0054005487
9.0,1.0,US0127,Eliza,0,0.82980454,0.5296157
9.0,1.0,US0128,Scout,0,0.017213471,0.010986352
9.0,1.0,US0129,Twila,0,0.0501562,0.03201177
9.0,1.0,US0130,Chris,1,0.6056223,0.3865333
9.0,2.0,US0114,Dolly,0,0.00013457083,9.392723e-05
9.0,2.0,US0115,John P.,0,0.00074664206,0.00052113837
9.0,2.0,US0116,Mia,0,0.0019779736,0.0013805784
9.0,2.0,US0117,Brady,0,0.0033130036,0.0023123974
9.0,1.0,US0113,Brook,0,0.0001885981,0.000120371136
9.0,1.0,US0114,Dolly,0,0.00027887308,0.00017798838
9.0,1.0,US0115,John P.,0,0.000899554,0.0005741327
9.0,1.0,US0116,Mia,0,0.0019380169,0.0012369228
9.0,2.0,US0118,Travis,0,0.02114028,0.01475541
9.0,8.0,US0127,Eliza,0,0.8885353,0.7042772
9.0,7.0,US0128,Scout,0,0.012163757,0.010034053
9.0,7.0,US0129,Twila,0,0.03888011,0.03207274
9.0,7.0,US0130,Chris,1,0.25785163,0.21270539
9.0,8.0,US0121,Rory,0,0.0013524102,0.001071957
9.0,8.0,US0122,Lea,0,0.0037066964,0.0029380284
9.0,8.0,US0123,Chad,0,0.0022374166,0.0017734371
9.0,8.0,US0124,Leann,0,0.012971863,0.0102818515
9.0,8.0,US0125,Ami,0,0.003133154,0.002483423
9.0,8.0,US0126,Julie,0,0.0010556434,0.0008367317
9.0,7.0,US0127,Eliza,0,0.8776582,0.72399247
9.0,8.0,US0128,Scout,0,0.009621185,0.007626013
9.0,8.0,US0129,Twila,0,0.023087049,0.018299423
9.0,8.0,US0130,Chris,1,0.31592652,0.25041196
9.0,9.0,US0122,Lea,0,0.0011592071,0.0009041482
9.0,9.0,US0123,Chad,0,0.0017095576,0.0013334058
9.0,9.0,US0124,Leann,0,0.008853592,0.0069055473
9.0,9.0,US0125,Ami,0,0.003717694,0.0028996945
9.0,9.0,US0126,Julie,0,0.0011239578,0.00087665475
9.0,6.0,US0129,Twila,0,0.04012996,0.033844907
9.0,6.0,US0121,Rory,0,0.0027731406,0.0023388183
9.0,6.0,US0122,Lea,0,0.0021870367,0.0018445085
9.0,6.0,US0123,Chad,0,0.0027613647,0.0023288867
9.0,6.0,US0124,Leann,0,0.013386241,0.011289721
9.0,6.0,US0125,Ami,0,0.0030647453,0.0025847526
9.0,6.0,US0126,Julie,0,0.001154963,0.00097407564
9.0,6.0,US0127,Eliza,0,0.79404587,0.6696844
9.0,6.0,US0128,Scout,0,0.015003265,0.012653491
9.0,9.0,US0127,Eliza,0,0.84672177,0.6604186
9.0,6.0,US0130,Chris,1,0.3089506,0.26056352
9.0,7.0,US0120,John K.,0,0.00033230064,0.0002741194
9.0,7.0,US0121,Rory,0,0.003397008,0.002802239
9.0,7.0,US0122,Lea,0,0.002145936,0.0017702124
9.0,7.0,US0123,Chad,0,0.0022678259,0.001870761
9.0,7.0,US0124,Leann,0,0.0124559635,0.010275098
9.0,7.0,US0125,Ami,0,0.003844145,0.0031710886
9.0,7.0,US0126,Julie,0,0.0012509378,0.001031916
9.0,13.0,US0128,Scout,0,0.01078414,0.006425356
9.0,12.0,US0125,Ami,0,0.004456371,0.0027925374
9.0,12.0,US0126,Julie,0,0.0010893372,0.00068262155
9.0,12.0,US0127,Eliza,0,0.86203337,0.540184
9.0,12.0,US0128,Scout,0,0.011015009,0.006902438
9.0,12.0,US0129,Twila,0,0.039755505,0.024912363
9.0,12.0,US0130,Chris,1,0.67746454,0.42452595
9.0,13.0,US0126,Julie,0,0.0006070406,0.0003616841
9.0,13.0,US0127,Eliza,0,0.9205772,0.54849404
9.0,11.0,US0130,Chris,1,0.44194084,0.31910828
9.0,13.0,US0129,Twila,0,0.047556847,0.028335098
9.0,13.0,US0130,Chris,1,0.6988472,0.41638386
9.0,14.0,US0127,Eliza,0,0.23853445,0.21820284
9.0,14.0,US0128,Scout,0,0.0035665366,0.003262541
9.0,10.0,US0128,Scout,0,0.008495483,0.0059307786
9.0,9.0,US0128,Scout,0,0.00811038,0.0063258633
9.0,9.0,US0129,Twila,0,0.023971962,0.01869744
9.0,9.0,US0130,Chris,1,0.38673043,0.30163863
9.0,10.0,US0123,Chad,0,0.0008426989,0.0005882963
9.0,10.0,US0124,Leann,0,0.008591223,0.0059976154
9.0,10.0,US0125,Ami,0,0.0046489015,0.003245443
9.0,10.0,US0126,Julie,0,0.0011060802,0.0007721653
9.0,10.0,US0127,Eliza,0,0.8718138,0.60862166
9.0,6.0,US0120,John K.,0,0.00072060036,0.00060774176
9.0,10.0,US0129,Twila,0,0.039760273,0.027757032
9.0,10.0,US0130,Chris,1,0.4971813,0.3470871
9.0,11.0,US0124,Leann,0,0.0036853463,0.0026610452
9.0,11.0,US0125,Ami,0,0.0060383882,0.004360085
9.0,11.0,US0126,Julie,0,0.0011611123,0.000838394
9.0,11.0,US0127,Eliza,0,0.8822745,0.63705605
9.0,11.0,US0128,Scout,0,0.008948808,0.0064615854
9.0,11.0,US0129,Twila,0,0.04087543,0.029514557
9.0,3.0,US0129,Twila,0,0.03857669,0.030884903
9.0,3.0,US0121,Rory,0,0.0027581116,0.002208173
9.0,3.0,US0122,Lea,0,0.0025177824,0.002015763
9.0,3.0,US0123,Chad,0,0.0034494444,0.0027616615
9.0,3.0,US0124,Leann,0,0.013174299,0.010547482
9.0,3.0,US0125,Ami,0,0.0029216574,0.0023391095
9.0,3.0,US0126,Julie,0,0.0009998174,0.0008004643
9.0,3.0,US0127,Eliza,0,0.84082896,0.6731765
9.0,3.0,US0128,Scout,0,0.010837596,0.008676693
9.0,3.0,US0120,John K.,0,0.0007547595,0.0006042684
9.0,3.0,US0130,Chris,1,0.31358975,0.25106326
9.0,3.0,US0116,Mia,0,0.00086420996,0.00069189555
9.0,3.0,US0117,Brady,0,0.0028821072,0.0023074453
9.0,3.0,US0118,Travis,0,0.012535898,0.010036372
9.0,3.0,US0119,Lisa,0,0.0019674618,0.0015751706
9.0,2.0,US0127,Eliza,0,0.79428744,0.55439365
9.0,2.0,US0119,Lisa,0,0.0026058855,0.0018188459
9.0,2.0,US0120,John K.,0,0.00069295726,0.00048366762
9.0,2.0,US0121,Rory,0,0.002923333,0.0020404167
9.0,2.0,US0122,Lea,0,0.0029263785,0.0020425424
9.0,2.0,US0123,Chad,0,0.002882847,0.0020121585
9.0,2.0,US0124,Leann,0,0.012063777,0.008420228
9.0,2.0,US0125,Ami,0,0.0026671663,0.0018616184
9.0,2.0,US0126,Julie,0,0.0013249088,0.0009247547
9.0,2.0,US0128,Scout,0,0.014170469,0.009890649
9.0,2.0,US0129,Twila,0,0.0457456,0.031929336
9.0,2.0,US0130,Chris,1,0.52311045,0.36511862
9.0,3.0,US0115,John P.,0,0.00038819932,0.00031079646
9.0,5.0,US0123,Chad,0,0.0024667624,0.002125841
9.0,4.0,US0128,Scout,0,0.010617285,0.008388156
9.0,4.0,US0129,Twila,0,0.036926843,0.029173948
9.0,4.0,US0130,Chris,1,0.30962303,0.2446168
9.0,5.0,US0118,Travis,0,0.00754206,0.006499702
9.0,5.0,US0119,Lisa,0,0.0031980795,0.0027560857
9.0,5.0,US0120,John K.,0,0.0009849961,0.00084886374
9.0,5.0,US0121,Rory,0,0.0029557422,0.0025472408
9.0,5.0,US0122,Lea,0,0.0020630655,0.0017779375
9.0,4.0,US0127,Eliza,0,0.8698113,0.68719196
9.0,5.0,US0124,Leann,0,0.013409121,0.0115559
9.0,5.0,US0125,Ami,0,0.0027143543,0.0023392143
9.0,5.0,US0126,Julie,0,0.0009148787,0.00078843697
9.0,5.0,US0127,Eliza,0,0.85232395,0.73452765
9.0,5.0,US0128,Scout,0,0.011350001,0.0097813625
9.0,5.0,US0129,Twila,0,0.037292186,0.032138184
9.0,5.0,US0130,Chris,1,0.22315493,0.19231358
9.0,6.0,US0119,Lisa,0,0.0015238002,0.0012851465
9.0,4.0,US0118,Travis,0,0.012522831,0.009893627
9.0,4.0,US0117,Brady,0,0.0021773092,0.001720177
9.0,4.0,US0119,Lisa,0,0.0021168715,0.0016724283
9.0,4.0,US0120,John K.,0,0.00073266565,0.00057884044
9.0,4.0,US0121,Rory,0,0.003086254,0.0024382863
9.0,4.0,US0122,Lea,0,0.002155297,0.0017027863
9.0,4.0,US0123,Chad,0,0.0028516105,0.0022529068
9.0,4.0,US0124,Leann,0,0.009714855,0.0076751937
9.0,4.0,US0125,Ami,0,0.002402422,0.0018980268
9.0,4.0,US0126,Julie,0,0.0010086932,0.00079691526
10.0,11.0,US0149,Katie,0,0.7419847,0.6733065
10.0,10.0,US0147,Jenn,0,0.0021473845,0.002200099
10.0,10.0,US0148,Ian,0,0.21233816,0.2175507
10.0,10.0,US0149,Katie,0,0.71896976,0.7366192
10.0,10.0,US0150,Tom,1,0.02507115,0.025686601
10.0,11.0,US0144,Stephenie,0,0.00079042313,0.00071726146
10.0,11.0,US0145,Gregg,0,0.00057163625,0.0005187255
10.0,11.0,US0146,Caryn,0,0.016025439,0.014542121
10.0,11.0,US0147,Jenn,0,0.002725987,0.0024736691
10.0,11.0,US0148,Ian,0,0.31968644,0.29009622
10.0,10.0,US0146,Caryn,0,0.013985947,0.014329277
10.0,11.0,US0150,Tom,1,0.02021681,0.018345539
10.0,12.0,US0145,Gregg,0,0.0002486752,0.00023760722
10.0,12.0,US0146,Caryn,0,0.015342273,0.0146594215
10.0,12.0,US0147,Jenn,0,0.0026318193,0.0025146827
10.0,12.0,US0148,Ian,0,0.26897198,0.25700063
10.0,12.0,US0149,Katie,0,0.74131006,0.70831597
10.0,12.0,US0150,Tom,1,0.018076198,0.017271666
10.0,13.0,US0146,Caryn,0,0.0037740383,0.0035562336
10.0,9.0,US0145,Gregg,0,0.0005369925,0.0004949927
10.0,8.0,US0146,Caryn,0,0.010408639,0.009654609
10.0,8.0,US0147,Jenn,0,0.0024195795,0.0022442986
10.0,8.0,US0148,Ian,0,0.32778957,0.3040436
10.0,8.0,US0149,Katie,0,0.6942821,0.6439864
10.0,8.0,US0150,Tom,1,0.039726805,0.036848888
10.0,9.0,US0142,Coby,0,3.7439917e-05,3.4511628e-05
10.0,9.0,US0143,Janu,0,9.61841e-05,8.866125e-05
10.0,9.0,US0144,Stephenie,0,0.003045373,0.002807185
10.0,13.0,US0147,Jenn,0,0.0029719677,0.0028004514
10.0,9.0,US0146,Caryn,0,0.008755456,0.008070665
10.0,9.0,US0147,Jenn,0,0.0025734052,0.0023721315
10.0,9.0,US0148,Ian,0,0.3256386,0.3001694
10.0,9.0,US0149,Katie,0,0.7175087,0.6613901
10.0,9.0,US0150,Tom,1,0.026657252,0.024572307
10.0,10.0,US0143,Janu,0,0.00015080276,0.0001545047
10.0,10.0,US0144,Stephenie,0,0.0027150654,0.0027817155
10.0,10.0,US0145,Gregg,0,0.00066170783,0.0006779516
10.0,14.0,US0149,Katie,0,0.78478295,0.9467921
10.0,13.0,US0148,Ian,0,0.2891829,0.27249378
10.0,13.0,US0149,Katie,0,0.75025976,0.7069613
10.0,13.0,US0150,Tom,1,0.015057269,0.014188293
10.0,14.0,US0147,Jenn,0,0.0004080655,0.00049230584
10.0,14.0,US0148,Ian,0,0.023531234,0.028388979
10.0,14.0,US0150,Tom,1,0.020163974,0.024326589
10.0,8.0,US0145,Gregg,0,0.00059174956,0.0005488816
10.0,5.0,US0146,Caryn,0,0.020981802,0.016912501
10.0,5.0,US0138,Angie,0,0.00020641342,0.0001663807
10.0,5.0,US0139,James,0,0.00029153455,0.00023499309
10.0,5.0,US0140,Ibrehem,0,0.00030411273,0.0002451318
10.0,5.0,US0141,Bobby Jon,0,0.0004437915,0.00035772068
10.0,5.0,US0142,Coby,0,0.00014436954,0.00011636989
10.0,5.0,US0143,Janu,0,0.00021206887,0.00017093933
10.0,5.0,US0144,Stephenie,0,0.0033300268,0.0026841871
10.0,5.0,US0145,Gregg,0,0.0007428773,0.0005988005
10.0,5.0,US0137,Willard,0,0.0040195887,0.0032400123
10.0,5.0,US0147,Jenn,0,0.00475974,0.0038366157
10.0,5.0,US0148,Ian,0,0.4378313,0.35291642
10.0,5.0,US0149,Katie,0,0.7364201,0.5935956
10.0,5.0,US0150,Tom,1,0.030921318,0.024924304
10.0,4.0,US0142,Coby,0,0.00014946198,0.00013482997
10.0,3.0,US0149,Katie,0,0.71793807,0.62897503
10.0,3.0,US0150,Tom,1,0.022861004,0.020028193
10.0,4.0,US0136,Kim,0,0.00020908873,0.0001886194
10.0,4.0,US0137,Willard,0,0.007837265,0.0070700133
10.0,4.0,US0138,Angie,0,0.00067372195,0.000607766
10.0,4.0,US0139,James,0,0.0003651941,0.00032944238
10.0,4.0,US0140,Ibrehem,0,0.0003838811,0.00034629996
10.0,4.0,US0141,Bobby Jon,0,0.00040447977,0.00036488206
10.0,4.0,US0143,Janu,0,0.00020124177,0.00018154063
10.0,4.0,US0144,Stephenie,0,0.0036930882,0.0033315427
10.0,4.0,US0145,Gregg,0,0.00046968448,0.00042370337
10.0,4.0,US0146,Caryn,0,0.018340949,0.01654541
10.0,4.0,US0147,Jenn,0,0.0051231533,0.0046216077
10.0,4.0,US0148,Ian,0,0.34093073,0.30755433
10.0,4.0,US0149,Katie,0,0.7054784,0.6364136
10.0,4.0,US0150,Tom,1,0.024261542,0.021886388
10.0,7.0,US0146,Caryn,0,0.012107422,0.0112950895
10.0,6.0,US0149,Katie,0,0.78710914,0.6512158
10.0,6.0,US0150,Tom,1,0.042364094,0.03504999
10.0,7.0,US0140,Ibrehem,0,0.00010774717,0.000100518
10.0,7.0,US0141,Bobby Jon,0,0.0004725915,0.00044088354
10.0,7.0,US0142,Coby,0,8.581665e-05,8.005889e-05
10.0,7.0,US0143,Janu,0,0.000112334106,0.00010479719
10.0,7.0,US0144,Stephenie,0,0.0024742538,0.0023082467
10.0,7.0,US0145,Gregg,0,0.00063884945,0.0005959866
10.0,6.0,US0148,Ian,0,0.35364005,0.29258457
10.0,7.0,US0147,Jenn,0,0.001835446,0.0017122991
10.0,7.0,US0148,Ian,0,0.31787425,0.29654688
10.0,7.0,US0149,Katie,0,0.69590056,0.64921
10.0,7.0,US0150,Tom,1,0.040309764,0.03760523
10.0,8.0,US0141,Bobby Jon,0,0.00044194306,0.00040992748
10.0,8.0,US0142,Coby,0,0.000101314195,9.397472e-05
10.0,8.0,US0143,Janu,0,0.000110470144,0.000102467384
10.0,8.0,US0144,Stephenie,0,0.0022283557,0.0020669275
10.0,6.0,US0139,James,0,0.00012201171,0.000100946556
10.0,6.0,US0140,Ibrehem,0,0.00027911272,0.00023092428
10.0,6.0,US0141,Bobby Jon,0,0.00047089017,0.00038959162
10.0,6.0,US0142,Coby,0,9.2651084e-05,7.6655e-05
10.0,6.0,US0143,Janu,0,0.00012567501,0.00010397739
10.0,6.0,US0144,Stephenie,0,0.0028874315,0.0023889204
10.0,6.0,US0145,Gregg,0,0.00061503,0.0005088459
10.0,6.0,US0146,Caryn,0,0.018800464,0.015554589
10.0,6.0,US0147,Jenn,0,0.002169793,0.0017951812
10.0,3.0,US0148,Ian,0,0.3645364,0.31936502
10.0,1.0,US0136,Kim,0,0.0012893032,0.0011760617
10.0,1.0,US0146,Caryn,0,0.015271572,0.013930247
10.0,1.0,US0147,Jenn,0,0.006012663,0.0054845614
10.0,1.0,US0148,Ian,0,0.30769855,0.2806729
10.0,1.0,US0149,Katie,0,0.61492676,0.56091684
10.0,1.0,US0150,Tom,1,0.024577398,0.022418728
10.0,1.0,US0133,Jolanda,0,0.0048823743,0.004453548
10.0,1.0,US0134,Ashlee,0,0.00208135,0.0018985418
10.0,1.0,US0135,Jeff,0,0.008091441,0.007380758
10.0,1.0,US0145,Gregg,0,0.0004527274,0.00041296368
10.0,1.0,US0137,Willard,0,0.00409537,0.0037356676
10.0,1.0,US0138,Angie,0,0.00042870897,0.0003910548
10.0,1.0,US0139,James,0,0.00031488042,0.00028722401
10.0,1.0,US0140,Ibrehem,0,0.00034092122,0.0003109776
10.0,1.0,US0141,Bobby Jon,0,0.0006574124,0.00059967086
10.0,1.0,US0142,Coby,0,0.00018311464,0.00016703141
10.0,1.0,US0143,Janu,0,0.00015786994,0.00014400399
10.0,1.0,US0144,Stephenie,0,0.0041459524,0.0037818071
10.0,1.0,US0132,Wanda,0,0.10068031,0.091837406
10.0,3.0,US0139,James,0,0.00021718691,0.00019027428
10.0,2.0,US0147,Jenn,0,0.0047949464,0.0043538576
10.0,2.0,US0148,Ian,0,0.3238964,0.29410106
10.0,2.0,US0149,Katie,0,0.70898217,0.64376265
10.0,2.0,US0150,Tom,1,0.02607838,0.02367942
10.0,3.0,US0135,Jeff,0,0.001074385,0.00094125303
10.0,3.0,US0136,Kim,0,0.00055470667,0.0004859704
10.0,3.0,US0137,Willard,0,0.0064589716,0.0056586107
10.0,3.0,US0138,Angie,0,0.0003651332,0.00031988785
10.0,2.0,US0146,Caryn,0,0.016874554,0.015322258
10.0,3.0,US0140,Ibrehem,0,0.0003211238,0.0002813319
10.0,3.0,US0141,Bobby Jon,0,0.00045257184,0.00039649158
10.0,3.0,US0142,Coby,0,0.00015092806,0.00013222586
10.0,3.0,US0143,Janu,0,0.00018017947,0.0001578526
10.0,3.0,US0144,Stephenie,0,0.0040478585,0.0035462698
10.0,3.0,US0145,Gregg,0,0.00047390195,0.00041517857
10.0,3.0,US0146,Caryn,0,0.016820334,0.014736049
10.0,3.0,US0147,Jenn,0,0.004988467,0.004370323
10.0,2.0,US0137,Willard,0,0.007288895,0.006618387
10.0,2.0,US0134,Ashlee,0,0.00074358203,0.00067517965
10.0,2.0,US0135,Jeff,0,0.0052139615,0.004734327
10.0,2.0,US0136,Kim,0,0.00064747664,0.000587915
10.0,2.0,US0138,Angie,0,0.0003768929,0.00034222237
10.0,2.0,US0139,James,0,0.00029888368,0.00027138926
10.0,2.0,US0140,Ibrehem,0,0.00031918412,0.00028982226
10.0,2.0,US0141,Bobby Jon,0,0.0005090692,0.00046223972
10.0,2.0,US0142,Coby,0,0.00017192445,0.00015610906
10.0,2.0,US0143,Janu,0,0.00019700782,0.00017888499
10.0,2.0,US0144,Stephenie,0,0.0044740047,0.0040624393
10.0,2.0,US0145,Gregg,0,0.0004425803,0.00040186718
11.0,5.0,US0144,Stephenie,0,0.2009386,0.27659115
11.0,4.0,US0159,Brandon,0,0.0008365892,0.0012012405
11.0,4.0,US0160,Jamie,0,0.0029126618,0.0041822284
11.0,4.0,US0161,Gary,0,0.0053366055,0.007662717
11.0,4.0,US0162,Judd,0,0.03127781,0.04491113
11.0,4.0,US0163,Cindy,0,0.08409605,0.12075171
11.0,4.0,US0164,Lydia,0,0.0175687,0.025226519
11.0,4.0,US0165,Rafe,0,0.12709573,0.18249401
11.0,4.0,US0166,Danni,1,0.22872968,0.32842803
11.0,5.0,US0141,Bobby Jon,0,0.00015997492,0.00022020482
11.0,4.0,US0158,Amy,0,0.0057680155,0.008282169
11.0,5.0,US0155,Blake,0,3.721821e-05,5.1230712e-05
11.0,5.0,US0156,Margaret,0,0.00037416015,0.0005150299
11.0,5.0,US0157,Brian,0,0.0016919482,0.0023289595
11.0,5.0,US0158,Amy,0,0.006881118,0.00947183
11.0,5.0,US0159,Brandon,0,0.00037424703,0.0005151495
11.0,5.0,US0160,Jamie,0,0.0023924012,0.0032931303
11.0,5.0,US0161,Gary,0,0.0047463463,0.006533326
11.0,5.0,US0162,Judd,0,0.027541079,0.037910182
11.0,3.0,US0164,Lydia,0,0.014960873,0.022384357
11.0,3.0,US0156,Margaret,0,0.00042798257,0.00064034463
11.0,3.0,US0157,Brian,0,0.0014895131,0.0022285995
11.0,3.0,US0158,Amy,0,0.006191121,0.009263113
11.0,3.0,US0159,Brandon,0,0.0009013802,0.001348639
11.0,3.0,US0160,Jamie,0,0.0028818564,0.004311814
11.0,3.0,US0161,Gary,0,0.006823803,0.010209728
11.0,3.0,US0162,Judd,0,0.022852547,0.03419183
11.0,3.0,US0163,Cindy,0,0.09258199,0.13852054
11.0,5.0,US0163,Cindy,0,0.09756533,0.13429828
11.0,3.0,US0165,Rafe,0,0.14497635,0.21691263
11.0,3.0,US0166,Danni,1,0.18729849,0.28023475
11.0,4.0,US0141,Bobby Jon,0,0.00022577835,0.00032419027
11.0,4.0,US0144,Stephenie,0,0.19058129,0.27365157
11.0,4.0,US0154,Brooke,0,9.492612e-05,0.00013630238
11.0,4.0,US0155,Blake,0,0.00011756094,0.00016880322
11.0,4.0,US0156,Margaret,0,0.0003695995,0.00053069997
11.0,4.0,US0157,Brian,0,0.001426762,0.0020486568
11.0,6.0,US0165,Rafe,0,0.16943054,0.24087295
11.0,6.0,US0157,Brian,0,0.0004853524,0.000690007
11.0,6.0,US0158,Amy,0,0.008861252,0.012597705
11.0,6.0,US0159,Brandon,0,0.000593784,0.0008441601
11.0,6.0,US0160,Jamie,0,0.0024130302,0.0034305132
11.0,6.0,US0161,Gary,0,0.0047739963,0.006787009
11.0,6.0,US0162,Judd,0,0.031449556,0.044710636
11.0,6.0,US0163,Cindy,0,0.11662411,0.16580006
11.0,6.0,US0164,Lydia,0,0.009431143,0.013407897
11.0,6.0,US0144,Stephenie,0,0.17316094,0.24617632
11.0,6.0,US0166,Danni,1,0.18592013,0.26431558
11.0,7.0,US0141,Bobby Jon,0,0.0001382707,0.00019259016
11.0,7.0,US0144,Stephenie,0,0.21940775,0.3056018
11.0,7.0,US0158,Amy,0,0.002466279,0.0034351535
11.0,7.0,US0159,Brandon,0,0.00055400503,0.00077164517
11.0,7.0,US0160,Jamie,0,0.0017770528,0.0024751655
11.0,7.0,US0161,Gary,0,0.003921095,0.0054614916
11.0,7.0,US0162,Judd,0,0.03993065,0.05561735
11.0,5.0,US0164,Lydia,0,0.010306423,0.014186748
11.0,5.0,US0165,Rafe,0,0.16779,0.23096223
11.0,5.0,US0166,Danni,1,0.20568356,0.28312257
11.0,6.0,US0141,Bobby Jon,0,0.00012584288,0.00017890603
11.0,6.0,US0156,Margaret,0,0.00013241507,0.00018824945
11.0,3.0,US0155,Blake,0,0.00012735682,0.00019055042
11.0,1.0,US0141,Bobby Jon,0,0.00022137628,0.00019181792
11.0,1.0,US0144,Stephenie,0,0.37267113,0.32291174
11.0,1.0,US0151,Jim,0,0.0003398868,0.00029450483
11.0,1.0,US0152,Morgan,0,0.0002726616,0.00023625558
11.0,2.0,US0162,Judd,0,0.019575762,0.026391536
11.0,2.0,US0154,Brooke,0,0.00016590822,0.00022367318
11.0,2.0,US0155,Blake,0,0.00014215181,0.0001916454
11.0,2.0,US0156,Margaret,0,0.0005470242,0.0007374839
11.0,2.0,US0157,Brian,0,0.0016755451,0.0022589266
11.0,2.0,US0158,Amy,0,0.007917855,0.010674648
11.0,2.0,US0159,Brandon,0,0.00096092443,0.0012954935
11.0,2.0,US0160,Jamie,0,0.0022338172,0.0030115747
11.0,2.0,US0161,Gary,0,0.0057482733,0.0077496734
11.0,2.0,US0153,Brianna,0,0.00050081185,0.0006751816
11.0,2.0,US0163,Cindy,0,0.11012956,0.14847383
11.0,2.0,US0164,Lydia,0,0.015241556,0.020548273
11.0,2.0,US0165,Rafe,0,0.12741333,0.17177537
11.0,2.0,US0166,Danni,1,0.24211542,0.32641375
11.0,3.0,US0141,Bobby Jon,0,0.00021588765,0.00032300965
11.0,3.0,US0144,Stephenie,0,0.18633892,0.27879903
11.0,3.0,US0153,Brianna,0,0.00015550996,0.00023267296
11.0,3.0,US0154,Brooke,0,0.00013926721,0.00020837066
11.0,1.0,US0161,Gary,0,0.0065814303,0.005702672
11.0,1.0,US0153,Brianna,0,0.00017652888,0.00015295859
11.0,1.0,US0154,Brooke,0,0.00027988205,0.00024251196
11.0,1.0,US0155,Blake,0,0.00023106718,0.0002002149
11.0,1.0,US0156,Margaret,0,0.000785502,0.00068062113
11.0,1.0,US0157,Brian,0,0.00080838316,0.0007004471
11.0,1.0,US0158,Amy,0,0.004990664,0.0043243063
11.0,1.0,US0159,Brandon,0,0.0015111271,0.0013093601
11.0,1.0,US0160,Jamie,0,0.0013069048,0.0011324057
11.0,7.0,US0163,Cindy,0,0.10613873,0.14783518
11.0,1.0,US0162,Judd,0,0.047281913,0.04096879
11.0,1.0,US0163,Cindy,0,0.25376624,0.21988314
11.0,1.0,US0164,Lydia,0,0.011466781,0.009935726
11.0,1.0,US0165,Rafe,0,0.08917828,0.07727112
11.0,1.0,US0166,Danni,1,0.36222613,0.31386137
11.0,2.0,US0141,Bobby Jon,0,0.00023474963,0.0003164834
11.0,2.0,US0144,Stephenie,0,0.20702332,0.2791035
11.0,2.0,US0152,Morgan,0,0.00011788413,0.00015892833
11.0,10.0,US0163,Cindy,0,0.09801051,0.2079735
11.0,9.0,US0163,Cindy,0,0.07108334,0.1844849
11.0,9.0,US0164,Lydia,0,0.0033099803,0.0085905
11.0,9.0,US0165,Rafe,0,0.098109886,0.2546278
11.0,9.0,US0166,Danni,1,0.06583797,0.17087144
11.0,10.0,US0144,Stephenie,0,0.11962625,0.25384104
11.0,10.0,US0160,Jamie,0,0.000858714,0.001822149
11.0,10.0,US0161,Gary,0,0.0059327115,0.012588923
11.0,10.0,US0162,Judd,0,0.039151646,0.08307787
11.0,9.0,US0162,Judd,0,0.025414268,0.06595848
11.0,10.0,US0164,Lydia,0,0.0032020116,0.006794512
11.0,10.0,US0165,Rafe,0,0.10757254,0.22826366
11.0,10.0,US0166,Danni,1,0.096910045,0.20563836
11.0,11.0,US0144,Stephenie,0,0.120411985,0.26996836
11.0,11.0,US0161,Gary,0,0.0023452267,0.00525809
11.0,11.0,US0162,Judd,0,0.038166214,0.08557014
11.0,11.0,US0163,Cindy,0,0.09985932,0.22388849
11.0,11.0,US0164,Lydia,0,0.0034823664,0.0078076012
11.0,8.0,US0162,Judd,0,0.029694716,0.07300131
11.0,7.0,US0164,Lydia,0,0.007935881,0.011053481
11.0,7.0,US0165,Rafe,0,0.16268022,0.22658893
11.0,7.0,US0166,Danni,1,0.17300314,0.24096718
11.0,8.0,US0141,Bobby Jon,0,8.9938396e-05,0.00022110401
11.0,8.0,US0144,Stephenie,0,0.110022634,0.27047896
11.0,8.0,US0159,Brandon,0,0.00012601605,0.0003097971
11.0,8.0,US0160,Jamie,0,0.0012257858,0.0030134644
11.0,8.0,US0161,Gary,0,0.005286712,0.012996822
11.0,11.0,US0165,Rafe,0,0.078031115,0.1749488
11.0,8.0,US0163,Cindy,0,0.09781561,0.2404693
11.0,8.0,US0164,Lydia,0,0.003446456,0.008472746
11.0,8.0,US0165,Rafe,0,0.09984192,0.24545078
11.0,8.0,US0166,Danni,1,0.059219867,0.14558576
11.0,9.0,US0141,Bobby Jon,0,3.76142e-05,9.762136e-05
11.0,9.0,US0144,Stephenie,0,0.1138224,0.295407
11.0,9.0,US0160,Jamie,0,0.0013964941,0.0036243666
11.0,9.0,US0161,Gary,0,0.006295108,0.016337898
11.0,14.0,US0166,Danni,1,0.34815228,0.5874151
11.0,14.0,US0144,Stephenie,0,0.23086548,0.38952458
11.0,14.0,US0165,Rafe,0,0.012516564,0.021118399
11.0,13.0,US0163,Cindy,0,0.021684978,0.03483405
11.0,11.0,US0166,Danni,1,0.10372635,0.23255852
11.0,12.0,US0144,Stephenie,0,0.14902215,0.24034014
11.0,12.0,US0162,Judd,0,0.010099721,0.016288642
11.0,12.0,US0163,Cindy,0,0.0970737,0.15655865
11.0,12.0,US0164,Lydia,0,0.0048438027,0.0078119948
11.0,12.0,US0165,Rafe,0,0.1197512,0.1931325
11.0,12.0,US0166,Danni,1,0.23925626,0.38586804
11.0,13.0,US0144,Stephenie,0,0.20418091,0.3279896
11.0,13.0,US0164,Lydia,0,0.0047948714,0.007702327
11.0,13.0,US0165,Rafe,0,0.10345385,0.16618493
11.0,13.0,US0166,Danni,1,0.2884079,0.4632891
11.0,14.0,US0164,Lydia,0,0.0011509872,0.0019419872
12.0,5.0,US0171,Bobby,0,0.00019776497,0.00011642571
12.0,4.0,US0174,Austin,0,0.001099927,0.0006347076
12.0,4.0,US0175,Sally,0,0.00021311095,0.00012297466
12.0,4.0,US0176,Bruce,0,0.13817362,0.07973243
12.0,4.0,US0177,Courtney,0,0.001412795,0.00081524666
12.0,4.0,US0178,Shane,0,0.040994097,0.023655448
12.0,4.0,US0179,Cirie,0,0.1407882,0.08124116
12.0,4.0,US0180,Terry,0,0.0016170478,0.0009331097
12.0,4.0,US0181,Danielle,0,0.61717206,0.3561362
12.0,4.0,US0182,Aras,1,0.78634137,0.45375454
12.0,4.0,US0173,Nick,0,0.0008577376,0.0004949534
12.0,5.0,US0172,Dan,0,0.0023671405,0.0013935532
12.0,5.0,US0173,Nick,0,0.00088162004,0.0005190163
12.0,5.0,US0174,Austin,0,0.0011813787,0.0006954865
12.0,5.0,US0175,Sally,0,0.00023174056,0.00013642739
12.0,5.0,US0176,Bruce,0,0.12303607,0.07243225
12.0,5.0,US0177,Courtney,0,0.001233063,0.00072591344
12.0,5.0,US0178,Shane,0,0.021337595,0.012561602
12.0,5.0,US0179,Cirie,0,0.14794904,0.0870987
12.0,3.0,US0177,Courtney,0,0.0014697005,0.00084246043
12.0,3.0,US0169,Misty,0,0.00047252595,0.0002708609
12.0,3.0,US0170,Ruth Marie,0,0.0032451106,0.0018601594
12.0,3.0,US0171,Bobby,0,0.00076621614,0.00043920975
12.0,3.0,US0172,Dan,0,0.003014607,0.0017280304
12.0,3.0,US0173,Nick,0,0.0009424162,0.000540211
12.0,3.0,US0174,Austin,0,0.0009871027,0.0005658262
12.0,3.0,US0175,Sally,0,0.00019697832,0.00011291174
12.0,3.0,US0176,Bruce,0,0.09607097,0.055069715
12.0,5.0,US0180,Terry,0,0.0022631332,0.0013323234
12.0,3.0,US0178,Shane,0,0.08431284,0.048329733
12.0,3.0,US0179,Cirie,0,0.136636,0.07832237
12.0,3.0,US0180,Terry,0,0.0018346459,0.0010516541
12.0,3.0,US0181,Danielle,0,0.6284989,0.3602676
12.0,3.0,US0182,Aras,1,0.7860855,0.45059925
12.0,4.0,US0170,Ruth Marie,0,0.0014732687,0.0008501427
12.0,4.0,US0171,Bobby,0,0.0007223929,0.00041685338
12.0,4.0,US0172,Dan,0,0.0021007962,0.0012122544
12.0,9.0,US0177,Courtney,0,0.0011543713,0.000723726
12.0,8.0,US0178,Shane,0,0.067466475,0.041368257
12.0,8.0,US0179,Cirie,0,0.14109369,0.08651408
12.0,8.0,US0180,Terry,0,0.0026591835,0.0016305251
12.0,8.0,US0181,Danielle,0,0.47353145,0.29035413
12.0,8.0,US0182,Aras,1,0.7701126,0.47220808
12.0,9.0,US0174,Austin,0,0.00043121036,0.0002703447
12.0,9.0,US0175,Sally,0,0.00019988592,0.00012531725
12.0,9.0,US0176,Bruce,0,0.14812732,0.092867516
12.0,8.0,US0177,Courtney,0,0.0011318491,0.0006940132
12.0,9.0,US0178,Shane,0,0.079381764,0.04976791
12.0,9.0,US0179,Cirie,0,0.15246388,0.0955863
12.0,9.0,US0180,Terry,0,0.0034993193,0.0021938768
12.0,9.0,US0181,Danielle,0,0.5595665,0.3508168
12.0,9.0,US0182,Aras,1,0.65021485,0.4076482
12.0,10.0,US0175,Sally,0,7.829695e-05,5.5832905e-05
12.0,10.0,US0176,Bruce,0,0.13614795,0.09708597
12.0,10.0,US0177,Courtney,0,0.001272756,0.0009075917
12.0,6.0,US0178,Shane,0,0.045095537,0.025281165
12.0,5.0,US0181,Danielle,0,0.5948195,0.35017467
12.0,5.0,US0182,Aras,1,0.80313843,0.47281358
12.0,6.0,US0172,Dan,0,0.0009000028,0.00050455367
12.0,6.0,US0173,Nick,0,0.0008877017,0.0004976575
12.0,6.0,US0174,Austin,0,0.0013461348,0.0007546613
12.0,6.0,US0175,Sally,0,0.00021456876,0.00012029013
12.0,6.0,US0176,Bruce,0,0.17537817,0.09831936
12.0,6.0,US0177,Courtney,0,0.0011448272,0.0006418055
12.0,2.0,US0182,Aras,1,0.72634894,0.36047733
12.0,6.0,US0179,Cirie,0,0.14917494,0.08362948
12.0,6.0,US0180,Terry,0,0.0017068019,0.0009568561
12.0,6.0,US0181,Danielle,0,0.6094441,0.34166256
12.0,6.0,US0182,Aras,1,0.7984676,0.44763166
12.0,8.0,US0173,Nick,0,0.00026250773,0.00016096124
12.0,8.0,US0174,Austin,0,0.0018582031,0.0011393899
12.0,8.0,US0175,Sally,0,0.00020198245,0.0001238491
12.0,8.0,US0176,Bruce,0,0.17255755,0.1058067
12.0,2.0,US0173,Nick,0,0.0006861649,0.00034053452
12.0,1.0,US0180,Terry,0,0.0031974823,0.001748205
12.0,1.0,US0181,Danielle,0,0.63879967,0.34926006
12.0,1.0,US0182,Aras,1,0.728363,0.3982283
12.0,2.0,US0168,Melinda,0,5.2866457e-05,2.623692e-05
12.0,2.0,US0169,Misty,0,0.0013145336,0.0006523856
12.0,2.0,US0170,Ruth Marie,0,0.003505625,0.0017397951
12.0,2.0,US0171,Bobby,0,0.0009209193,0.00045704
12.0,2.0,US0172,Dan,0,0.0032763085,0.0016259884
12.0,1.0,US0179,Cirie,0,0.21349823,0.11672893
12.0,2.0,US0174,Austin,0,0.0005621974,0.0002790111
12.0,2.0,US0175,Sally,0,0.00017889998,8.878568e-05
12.0,2.0,US0176,Bruce,0,0.1648899,0.08183266
12.0,2.0,US0177,Courtney,0,0.0030581714,0.0015177297
12.0,2.0,US0178,Shane,0,0.21800658,0.10819376
12.0,2.0,US0179,Cirie,0,0.18900186,0.09379911
12.0,2.0,US0180,Terry,0,0.0023757187,0.0011790376
12.0,2.0,US0181,Danielle,0,0.7007857,0.34779063
12.0,1.0,US0170,Ruth Marie,0,0.004729628,0.002585897
12.0,1.0,US0167,Tina,0,0.0007096112,0.00038797586
12.0,1.0,US0168,Melinda,0,0.0001721277,9.4109826e-05
12.0,1.0,US0169,Misty,0,0.0016208483,0.0008861895
12.0,1.0,US0171,Bobby,0,0.00048806667,0.00026684764
12.0,1.0,US0172,Dan,0,0.0033288242,0.0018200155
12.0,1.0,US0173,Nick,0,0.00068906724,0.00037674356
12.0,1.0,US0174,Austin,0,0.00055827264,0.00030523236
12.0,1.0,US0175,Sally,0,0.00019936402,0.00010900113
12.0,1.0,US0176,Bruce,0,0.2103081,0.11498475
12.0,1.0,US0177,Courtney,0,0.0019320053,0.0010563128
12.0,1.0,US0178,Shane,0,0.020414378,0.011161444
12.0,10.0,US0178,Shane,0,0.06728737,0.047982063
12.0,15.0,US0180,Terry,0,0.0012866986,0.001074369
12.0,13.0,US0179,Cirie,0,0.085705206,0.08198883
12.0,13.0,US0180,Terry,0,0.0035539374,0.0033998303
12.0,13.0,US0181,Danielle,0,0.34884316,0.33371648
12.0,13.0,US0182,Aras,1,0.5878994,0.56240666
12.0,14.0,US0179,Cirie,0,0.0065527293,0.0074793305
12.0,14.0,US0180,Terry,0,0.0036791398,0.0041993954
12.0,14.0,US0181,Danielle,0,0.38269496,0.43681067
12.0,14.0,US0182,Aras,1,0.4831849,0.5515106
12.0,13.0,US0178,Shane,0,0.019326262,0.01848823
12.0,15.0,US0181,Danielle,0,0.5697936,0.47576684
12.0,15.0,US0182,Aras,1,0.6265517,0.5231588
12.0,11.0,US0180,Terry,0,0.0033701917,0.0026111128
12.0,10.0,US0179,Cirie,0,0.12454868,0.08881463
12.0,10.0,US0180,Terry,0,0.0030958846,0.0022076496
12.0,10.0,US0181,Danielle,0,0.5255586,0.37477145
12.0,10.0,US0182,Aras,1,0.54435474,0.38817483
12.0,11.0,US0176,Bruce,0,0.13800462,0.1069214
12.0,11.0,US0177,Courtney,0,0.001380446,0.0010695237
12.0,11.0,US0178,Shane,0,0.08492835,0.06579967
12.0,11.0,US0179,Cirie,0,0.108666815,0.08419144
12.0,11.0,US0181,Danielle,0,0.40206555,0.31150705
12.0,11.0,US0182,Aras,1,0.552295,0.42789987
12.0,12.0,US0177,Courtney,0,0.0004594627,0.00037106068
12.0,12.0,US0178,Shane,0,0.07506038,0.060618535
12.0,12.0,US0179,Cirie,0,0.1010505,0.08160808
12.0,12.0,US0180,Terry,0,0.0046623624,0.0037653097
12.0,12.0,US0181,Danielle,0,0.46817008,0.37809274
12.0,12.0,US0182,Aras,1,0.58883864,0.47554427
13.0,8.0,US0194,Nate,0,0.014576722,0.010138591
13.0,6.0,US0198,Adam,0,0.0045512635,0.0030376469
13.0,6.0,US0199,Sundra,0,0.12398066,0.08274834
13.0,6.0,US0200,Becky,0,0.06093907,0.040672526
13.0,6.0,US0201,Ozzy,0,0.41378447,0.27617192
13.0,6.0,US0202,Yul,1,0.6978277,0.4657507
13.0,8.0,US0190,Jessica,0,0.0002857279,0.00019873319
13.0,8.0,US0191,Brad,0,0.0007407428,0.000515211
13.0,8.0,US0192,Rebecca,0,0.007693124,0.0053508217
13.0,8.0,US0193,Jenny,0,0.009397108,0.006535999
13.0,6.0,US0197,Parvati,0,0.015687775,0.010470482
13.0,8.0,US0195,Candice,0,0.00908715,0.0063204127
13.0,8.0,US0196,Jonathan,0,0.10673416,0.07423713
13.0,8.0,US0197,Parvati,0,0.014951692,0.010399396
13.0,8.0,US0198,Adam,0,0.0047331583,0.003292068
13.0,8.0,US0199,Sundra,0,0.12502925,0.08696197
13.0,8.0,US0200,Becky,0,0.06765636,0.047057234
13.0,8.0,US0201,Ozzy,0,0.40478635,0.28154227
13.0,8.0,US0202,Yul,1,0.67207474,0.46745017
13.0,6.0,US0194,Nate,0,0.004461193,0.0029775312
13.0,6.0,US0195,Candice,0,0.009174194,0.0061231265
13.0,6.0,US0196,Jonathan,0,0.11296834,0.075398386
13.0,9.0,US0191,Brad,0,0.00045341297,0.00029375518
13.0,6.0,US0189,Cristina,0,0.03606548,0.02407116
13.0,6.0,US0190,Jessica,0,0.00058416394,0.00038988816
13.0,6.0,US0191,Brad,0,0.00081222807,0.0005421049
13.0,6.0,US0192,Rebecca,0,0.0082014045,0.005473858
13.0,6.0,US0193,Jenny,0,0.0076503432,0.0051060636
13.0,10.0,US0197,Parvati,0,0.012676397,0.006790593
13.0,10.0,US0199,Sundra,0,0.079249926,0.042453226
13.0,10.0,US0200,Becky,0,0.03179629,0.01703289
13.0,10.0,US0201,Ozzy,0,0.77162355,0.41334942
13.0,10.0,US0202,Yul,1,0.86842555,0.46520507
13.0,10.0,US0193,Jenny,0,0.003875485,0.0020760505
13.0,10.0,US0194,Nate,0,0.011588073,0.006207591
13.0,10.0,US0195,Candice,0,0.008161855,0.004372207
13.0,10.0,US0196,Jonathan,0,0.0722416,0.03869895
13.0,10.0,US0198,Adam,0,0.004300005,0.0023034606
13.0,11.0,US0194,Nate,0,0.007000682,0.003970818
13.0,11.0,US0195,Candice,0,0.004777156,0.0027096241
13.0,11.0,US0196,Jonathan,0,0.01670486,0.009475071
13.0,9.0,US0200,Becky,0,0.059338514,0.038443975
13.0,9.0,US0192,Rebecca,0,0.0075195646,0.0048717423
13.0,9.0,US0193,Jenny,0,0.006967899,0.0045143315
13.0,9.0,US0194,Nate,0,0.017946718,0.01162724
13.0,9.0,US0195,Candice,0,0.008136383,0.005271364
13.0,9.0,US0196,Jonathan,0,0.07410681,0.048011992
13.0,9.0,US0197,Parvati,0,0.012785161,0.008283193
13.0,9.0,US0198,Adam,0,0.0042088334,0.0027268003
13.0,9.0,US0199,Sundra,0,0.10719811,0.069451034
13.0,9.0,US0201,Ozzy,0,0.34977362,0.22660978
13.0,9.0,US0202,Yul,1,0.89507127,0.5798948
13.0,10.0,US0192,Rebecca,0,0.002819895,0.0015105837
13.0,3.0,US0196,Jonathan,0,0.10404071,0.070388965
13.0,3.0,US0188,Cao Boi,0,0.0029201799,0.001975654
13.0,3.0,US0189,Cristina,0,0.10613588,0.07180646
13.0,3.0,US0190,Jessica,0,0.00038986525,0.00026376417
13.0,3.0,US0191,Brad,0,0.0006650143,0.00044991687
13.0,3.0,US0192,Rebecca,0,0.008217641,0.005559663
13.0,3.0,US0193,Jenny,0,0.0064737373,0.004379821
13.0,3.0,US0194,Nate,0,0.0054449714,0.003683807
13.0,3.0,US0195,Candice,0,0.009946007,0.006728993
13.0,3.0,US0187,Stephannie,0,0.0003249683,0.000219858
13.0,3.0,US0197,Parvati,0,0.011398667,0.0077117924
13.0,3.0,US0198,Adam,0,0.004773147,0.0032292828
13.0,3.0,US0199,Sundra,0,0.109419815,0.07402821
13.0,3.0,US0200,Becky,0,0.07076708,0.04787762
13.0,3.0,US0201,Ozzy,0,0.37856287,0.25611752
13.0,3.0,US0202,Yul,1,0.6569205,0.44444096
13.0,4.0,US0186,J.P.,0,0.0006034154,0.00040175943
13.0,4.0,US0187,Stephannie,0,0.0003105575,0.00020677198
13.0,2.0,US0196,Jonathan,0,0.15938328,0.10240057
13.0,2.0,US0188,Cao Boi,0,0.0024228839,0.0015566543
13.0,2.0,US0189,Cristina,0,0.111871086,0.07187493
13.0,2.0,US0190,Jessica,0,0.00057543605,0.00036970613
13.0,2.0,US0191,Brad,0,0.0008732128,0.00056102173
13.0,2.0,US0192,Rebecca,0,0.009050503,0.0058147674
13.0,2.0,US0193,Jenny,0,0.0054200245,0.0034822572
13.0,2.0,US0194,Nate,0,0.004981785,0.0032006972
13.0,2.0,US0195,Candice,0,0.00784268,0.0050387653
13.0,4.0,US0188,Cao Boi,0,0.0028510005,0.0018982219
13.0,2.0,US0197,Parvati,0,0.010889269,0.0069961376
13.0,2.0,US0198,Adam,0,0.004390606,0.0028208767
13.0,2.0,US0199,Sundra,0,0.13796745,0.08864132
13.0,2.0,US0200,Becky,0,0.061893914,0.0397656
13.0,2.0,US0201,Ozzy,0,0.3216602,0.20666024
13.0,2.0,US0202,Yul,1,0.7142659,0.45890152
13.0,3.0,US0185,Cecilia,0,0.0005423224,0.0003669094
13.0,3.0,US0186,J.P.,0,0.0011393027,0.0007707977
13.0,5.0,US0199,Sundra,0,0.15494858,0.09677833
13.0,5.0,US0191,Brad,0,0.0009907198,0.00061878725
13.0,5.0,US0192,Rebecca,0,0.008487377,0.0053010765
13.0,5.0,US0193,Jenny,0,0.007024363,0.004387302
13.0,5.0,US0194,Nate,0,0.0048530493,0.0030311348
13.0,5.0,US0195,Candice,0,0.010762004,0.006721771
13.0,5.0,US0196,Jonathan,0,0.0966659,0.06037593
13.0,5.0,US0197,Parvati,0,0.014556598,0.009091811
13.0,5.0,US0198,Adam,0,0.005048412,0.003153155
13.0,5.0,US0190,Jessica,0,0.0005237852,0.0003271476
13.0,5.0,US0200,Becky,0,0.06364548,0.03975192
13.0,5.0,US0201,Ozzy,0,0.4481455,0.2799043
13.0,5.0,US0202,Yul,1,0.70051074,0.43752748
13.0,6.0,US0188,Cao Boi,0,0.0015976598,0.001066325
13.0,4.0,US0197,Parvati,0,0.016933953,0.011274779
13.0,4.0,US0189,Cristina,0,0.100443676,0.06687631
13.0,4.0,US0190,Jessica,0,0.0003965085,0.00026399893
13.0,4.0,US0191,Brad,0,0.0009840586,0.0006551951
13.0,4.0,US0192,Rebecca,0,0.0077336864,0.005149158
13.0,4.0,US0193,Jenny,0,0.00913364,0.00608126
13.0,4.0,US0194,Nate,0,0.0050661042,0.003373058
13.0,4.0,US0195,Candice,0,0.009755045,0.006494997
13.0,4.0,US0196,Jonathan,0,0.09051485,0.060265608
13.0,11.0,US0197,Parvati,0,0.012777755,0.0072476
13.0,4.0,US0198,Adam,0,0.004208242,0.0028018856
13.0,4.0,US0199,Sundra,0,0.12107228,0.08061102
13.0,4.0,US0200,Becky,0,0.07529711,0.050133497
13.0,4.0,US0201,Ozzy,0,0.36493292,0.24297564
13.0,4.0,US0202,Yul,1,0.69169503,0.4605368
13.0,5.0,US0187,Stephannie,0,0.0001479359,9.239833e-05
13.0,5.0,US0188,Cao Boi,0,0.0029893806,0.001867118
13.0,5.0,US0189,Cristina,0,0.08176696,0.0510703
13.0,15.0,US0198,Adam,0,0.0018691674,0.0010502242
13.0,13.0,US0201,Ozzy,0,0.8486298,0.4639378
13.0,13.0,US0202,Yul,1,0.85186106,0.46570432
13.0,14.0,US0197,Parvati,0,0.002575967,0.0014641309
13.0,14.0,US0198,Adam,0,0.0064329375,0.00365636
13.0,14.0,US0199,Sundra,0,0.05933555,0.033725202
13.0,14.0,US0200,Becky,0,0.032869294,0.018682284
13.0,14.0,US0201,Ozzy,0,0.8286386,0.47098252
13.0,14.0,US0202,Yul,1,0.8295306,0.4714895
13.0,13.0,US0200,Becky,0,0.031909313,0.017444517
13.0,15.0,US0199,Sundra,0,0.012503723,0.0070254337
13.0,15.0,US0200,Becky,0,0.03686715,0.020714449
13.0,15.0,US0201,Ozzy,0,0.9017576,0.50666815
13.0,15.0,US0202,Yul,1,0.82678175,0.4645417
13.0,12.0,US0198,Adam,0,0.005187665,0.0033707733
13.0,11.0,US0198,Adam,0,0.0057598315,0.003267002
13.0,11.0,US0199,Sundra,0,0.06737384,0.038214743
13.0,11.0,US0200,Becky,0,0.019954337,0.011318189
13.0,11.0,US0201,Ozzy,0,0.804831,0.45650375
13.0,11.0,US0202,Yul,1,0.82385314,0.46729317
13.0,12.0,US0195,Candice,0,0.0017532894,0.0011392294
13.0,12.0,US0196,Jonathan,0,0.017119994,0.0111240065
13.0,12.0,US0197,Parvati,0,0.015190854,0.009870514
13.0,12.0,US0199,Sundra,0,0.06602447,0.042900514
13.0,12.0,US0200,Becky,0,0.025298482,0.016438117
13.0,12.0,US0201,Ozzy,0,0.5800845,0.37691972
13.0,12.0,US0202,Yul,1,0.8283542,0.53823715
13.0,13.0,US0196,Jonathan,0,0.0028798687,0.0015743967
13.0,13.0,US0197,Parvati,0,0.01273826,0.0069638854
13.0,13.0,US0198,Adam,0,0.0064103478,0.0035044758
13.0,13.0,US0199,Sundra,0,0.074760035,0.040870596
13.0,2.0,US0187,Stephannie,0,0.0004629287,0.00029742243
13.0,1.0,US0197,Parvati,0,0.0114366,0.0066499305
13.0,1.0,US0189,Cristina,0,0.063204825,0.036751103
13.0,1.0,US0190,Jessica,0,0.0005354385,0.00031133628
13.0,1.0,US0191,Brad,0,0.00072523206,0.00042169375
13.0,1.0,US0192,Rebecca,0,0.012108893,0.007040842
13.0,1.0,US0193,Jenny,0,0.0052027646,0.0030252018
13.0,1.0,US0194,Nate,0,0.0055802087,0.0032446706
13.0,1.0,US0195,Candice,0,0.008238151,0.0047901585
13.0,1.0,US0196,Jonathan,0,0.12097824,0.07034406
13.0,1.0,US0188,Cao Boi,0,0.0022384354,0.0013015616
13.0,1.0,US0198,Adam,0,0.004658394,0.0027086718
13.0,1.0,US0199,Sundra,0,0.18410145,0.10704771
13.0,1.0,US0200,Becky,0,0.062152304,0.036139105
13.0,1.0,US0201,Ozzy,0,0.44179028,0.25688356
13.0,1.0,US0202,Yul,1,0.7926198,0.46087706
13.0,2.0,US0184,Billy,0,0.000203635,0.00013083141
13.0,2.0,US0185,Cecilia,0,0.0012454066,0.0008001488
13.0,2.0,US0186,J.P.,0,0.0010684818,0.00068647816
13.0,1.0,US0183,Sekou,0,0.0012936206,0.00075218914
13.0,1.0,US0184,Billy,0,0.00038749498,0.000225313
13.0,1.0,US0185,Cecilia,0,0.0009495799,0.0005521431
13.0,1.0,US0186,J.P.,0,0.0013244268,0.0007701018
13.0,1.0,US0187,Stephannie,0,0.0002813825,0.00016361279
14.0,2.0,US0209,Anthony,0,0.00042851755,0.00042257478
14.0,1.0,US0218,Yau-Man,0,0.0066680843,0.0065390784
14.0,1.0,US0219,Dreamz,0,0.0505463,0.049568392
14.0,1.0,US0220,Cassandra,0,0.15740246,0.15435722
14.0,1.0,US0221,Earl,1,0.0026988406,0.002646627
14.0,2.0,US0204,Erica,0,0.00044666498,0.00044047055
14.0,2.0,US0205,Sylvia,0,0.003760305,0.0037081563
14.0,2.0,US0206,Gary,0,0.31008363,0.30578333
14.0,2.0,US0207,Liliana,0,0.00072019635,0.0007102085
14.0,2.0,US0208,Rita,0,0.0020172591,0.0019892834
14.0,1.0,US0217,Boo,0,0.17549977,0.17210442
14.0,2.0,US0210,Rocky,0,0.00040871292,0.0004030448
14.0,2.0,US0211,Lisi,0,0.0041860924,0.004128039
14.0,2.0,US0212,Michelle,0,0.0025674382,0.0025318323
14.0,2.0,US0213,Edgardo,0,0.0012796164,0.0012618704
14.0,2.0,US0214,Mookie,0,0.0026601232,0.002623232
14.0,2.0,US0215,Alex,0,0.20811129,0.20522515
14.0,2.0,US0216,Stacy,0,0.07300568,0.071993224
14.0,2.0,US0217,Boo,0,0.19916002,0.19639803
14.0,1.0,US0208,Rita,0,0.0018697262,0.0018335531
14.0,1.0,US0203,Jessica,0,0.00031380967,0.00030773846
14.0,1.0,US0204,Erica,0,0.00045241698,0.00044366418
14.0,1.0,US0205,Sylvia,0,0.0032458447,0.0031830482
14.0,1.0,US0206,Gary,0,0.32753995,0.3212031
14.0,1.0,US0207,Liliana,0,0.0007696032,0.0007547139
14.0,2.0,US0218,Yau-Man,0,0.0057637347,0.005683802
14.0,1.0,US0209,Anthony,0,0.0007538876,0.0007393023
14.0,1.0,US0210,Rocky,0,0.00046613504,0.00045711684
14.0,1.0,US0211,Lisi,0,0.0037548055,0.0036821624
14.0,1.0,US0212,Michelle,0,0.002813049,0.0027586257
14.0,1.0,US0213,Edgardo,0,0.0005690397,0.0005580307
14.0,1.0,US0214,Mookie,0,0.005417285,0.005312478
14.0,1.0,US0215,Alex,0,0.19351745,0.18977351
14.0,1.0,US0216,Stacy,0,0.085429974,0.08377718
14.0,4.0,US0212,Michelle,0,0.0032094289,0.0028374565
14.0,3.0,US0220,Cassandra,0,0.1694548,0.1665379
14.0,3.0,US0221,Earl,1,0.0025861496,0.002541633
14.0,4.0,US0206,Gary,0,0.3390473,0.29975176
14.0,4.0,US0207,Liliana,0,0.00021105462,0.00018659342
14.0,4.0,US0208,Rita,0,0.0017785844,0.0015724467
14.0,4.0,US0209,Anthony,0,0.00042707496,0.00037757703
14.0,4.0,US0210,Rocky,0,0.00042958895,0.00037979963
14.0,4.0,US0211,Lisi,0,0.0028461057,0.0025162424
14.0,3.0,US0219,Dreamz,0,0.05488185,0.05393714
14.0,4.0,US0213,Edgardo,0,0.00086848275,0.0007678257
14.0,4.0,US0214,Mookie,0,0.0017572589,0.0015535927
14.0,4.0,US0215,Alex,0,0.27692482,0.24482927
14.0,4.0,US0216,Stacy,0,0.052898906,0.046767928
14.0,4.0,US0217,Boo,0,0.20776086,0.1836814
14.0,4.0,US0218,Yau-Man,0,0.0057789995,0.005109214
14.0,4.0,US0219,Dreamz,0,0.062691756,0.05542579
14.0,4.0,US0220,Cassandra,0,0.17258747,0.1525846
14.0,3.0,US0210,Rocky,0,0.0004042982,0.00039733882
14.0,2.0,US0219,Dreamz,0,0.03328546,0.032823853
14.0,2.0,US0220,Cassandra,0,0.16481985,0.1625341
14.0,2.0,US0221,Earl,1,0.0013586787,0.0013398363
14.0,3.0,US0205,Sylvia,0,0.0010606893,0.0010424312
14.0,3.0,US0206,Gary,0,0.28524193,0.28033194
14.0,3.0,US0207,Liliana,0,0.0007563777,0.0007433578
14.0,3.0,US0208,Rita,0,0.001932134,0.0018988753
14.0,3.0,US0209,Anthony,0,0.0004790983,0.00047085134
14.0,3.0,US0211,Lisi,0,0.003754445,0.0036898179
14.0,3.0,US0212,Michelle,0,0.0027258897,0.0026789678
14.0,3.0,US0213,Edgardo,0,0.001388856,0.0013649489
14.0,3.0,US0214,Mookie,0,0.0018337858,0.00180222
14.0,3.0,US0215,Alex,0,0.21044296,0.20682052
14.0,3.0,US0216,Stacy,0,0.056011558,0.055047404
14.0,3.0,US0217,Boo,0,0.22011846,0.21632947
14.0,3.0,US0218,Yau-Man,0,0.0044417074,0.0043652505
14.0,4.0,US0221,Earl,1,0.0018759561,0.001658533
14.0,12.0,US0221,Earl,1,0.004781665,0.01617599
14.0,11.0,US0220,Cassandra,0,0.07417919,0.1351705
14.0,11.0,US0221,Earl,1,0.0047464725,0.008649099
14.0,12.0,US0215,Alex,0,0.040614482,0.13739556
14.0,12.0,US0216,Stacy,0,0.02187594,0.07400456
14.0,12.0,US0217,Boo,0,0.09268702,0.3135528
14.0,12.0,US0218,Yau-Man,0,0.013770644,0.04658499
14.0,12.0,US0219,Dreamz,0,0.025560403,0.08646881
14.0,12.0,US0220,Cassandra,0,0.09631244,0.32581732
14.0,11.0,US0219,Dreamz,0,0.024286784,0.044255767
14.0,13.0,US0216,Stacy,0,0.0065223943,0.02002659
14.0,13.0,US0217,Boo,0,0.18352944,0.5635153
14.0,13.0,US0218,Yau-Man,0,0.0066960277,0.02055972
14.0,13.0,US0219,Dreamz,0,0.029379131,0.09020673
14.0,13.0,US0220,Cassandra,0,0.09517743,0.29223615
14.0,13.0,US0221,Earl,1,0.0043822806,0.01345551
14.0,14.0,US0217,Boo,0,0.03156307,0.169183
14.0,14.0,US0218,Yau-Man,0,0.0030862365,0.016542712
14.0,10.0,US0218,Yau-Man,0,0.00285326,0.0064043263
14.0,9.0,US0219,Dreamz,0,0.03222076,0.06570766
14.0,9.0,US0220,Cassandra,0,0.04908758,0.1001041
14.0,9.0,US0221,Earl,1,0.0014204268,0.0028966705
14.0,10.0,US0213,Edgardo,0,0.00048360194,0.0010854758
14.0,10.0,US0214,Mookie,0,0.0011546309,0.0025916437
14.0,10.0,US0215,Alex,0,0.16937603,0.38017544
14.0,10.0,US0216,Stacy,0,0.031108383,0.06982478
14.0,10.0,US0217,Boo,0,0.12763108,0.28647622
14.0,14.0,US0219,Dreamz,0,0.047523007,0.25473076
14.0,10.0,US0219,Dreamz,0,0.026971994,0.06054038
14.0,10.0,US0220,Cassandra,0,0.084640905,0.18998198
14.0,10.0,US0221,Earl,1,0.0013008205,0.0029197757
14.0,11.0,US0214,Mookie,0,0.0005465296,0.000995895
14.0,11.0,US0215,Alex,0,0.27288988,0.49726433
14.0,11.0,US0216,Stacy,0,0.027560122,0.050220497
14.0,11.0,US0217,Boo,0,0.13704786,0.24973081
14.0,11.0,US0218,Yau-Man,0,0.0075255246,0.013713132
14.0,14.0,US0221,Earl,1,0.005026804,0.026944457
14.0,14.0,US0220,Cassandra,0,0.09936259,0.5325991
14.0,9.0,US0218,Yau-Man,0,0.0032220632,0.00657074
14.0,5.0,US0219,Dreamz,0,0.055331234,0.07391372
14.0,5.0,US0211,Lisi,0,0.0060831904,0.008126175
14.0,5.0,US0212,Michelle,0,0.0028568383,0.0038162814
14.0,5.0,US0213,Edgardo,0,0.0019284307,0.0025760767
14.0,5.0,US0214,Mookie,0,0.002192678,0.0029290689
14.0,5.0,US0215,Alex,0,0.21014929,0.28072602
14.0,5.0,US0216,Stacy,0,0.07345166,0.098119736
14.0,5.0,US0217,Boo,0,0.22232145,0.29698607
14.0,5.0,US0218,Yau-Man,0,0.0047842273,0.0063909665
14.0,5.0,US0210,Rocky,0,0.00040542477,0.000541583
14.0,5.0,US0220,Cassandra,0,0.16643906,0.2223361
14.0,5.0,US0221,Earl,1,0.0013521248,0.0018062236
14.0,6.0,US0209,Anthony,0,0.00020728554,0.0003764744
14.0,6.0,US0210,Rocky,0,0.0003888295,0.00070619665
14.0,6.0,US0211,Lisi,0,0.004845157,0.0087998295
14.0,6.0,US0212,Michelle,0,0.0023030164,0.004182765
14.0,6.0,US0213,Edgardo,0,0.0012458266,0.0022626847
14.0,6.0,US0214,Mookie,0,0.0020520866,0.0037270235
14.0,6.0,US0215,Alex,0,0.1705605,0.30977395
14.0,5.0,US0208,Rita,0,0.0007555554,0.0010093019
14.0,5.0,US0209,Anthony,0,0.0005409469,0.000722619
14.0,8.0,US0219,Dreamz,0,0.04240141,0.080802664
14.0,8.0,US0211,Lisi,0,0.0016186761,0.003084646
14.0,8.0,US0212,Michelle,0,0.0013657802,0.0026027127
14.0,8.0,US0213,Edgardo,0,0.000943421,0.0017978395
14.0,8.0,US0214,Mookie,0,0.0013634091,0.002598194
14.0,8.0,US0215,Alex,0,0.25270048,0.48156115
14.0,8.0,US0216,Stacy,0,0.028356807,0.054038428
14.0,8.0,US0217,Boo,0,0.13048494,0.24865991
14.0,8.0,US0218,Yau-Man,0,0.004035821,0.0076909023
14.0,7.0,US0221,Earl,1,0.0015768936,0.003055772
14.0,8.0,US0220,Cassandra,0,0.059826747,0.11400943
14.0,8.0,US0221,Earl,1,0.0016551189,0.0031540936
14.0,9.0,US0212,Michelle,0,0.0004959719,0.0010114334
14.0,9.0,US0213,Edgardo,0,0.00076047063,0.0015508246
14.0,9.0,US0214,Mookie,0,0.0012583123,0.002566071
14.0,9.0,US0215,Alex,0,0.18981415,0.38708723
14.0,9.0,US0216,Stacy,0,0.021604413,0.04405779
14.0,9.0,US0217,Boo,0,0.19048117,0.38844746
14.0,7.0,US0212,Michelle,0,0.0022476153,0.004355525
14.0,6.0,US0216,Stacy,0,0.034952544,0.06348121
14.0,6.0,US0217,Boo,0,0.1799067,0.3267486
14.0,6.0,US0218,Yau-Man,0,0.0030821036,0.005597752
14.0,6.0,US0219,Dreamz,0,0.04799884,0.08717605
14.0,6.0,US0220,Cassandra,0,0.10198975,0.18523496
14.0,6.0,US0221,Earl,1,0.0010639927,0.0019324359
14.0,7.0,US0210,Rocky,0,0.00024656174,0.00047779793
14.0,7.0,US0211,Lisi,0,0.0038309365,0.007423753
14.0,7.0,US0213,Edgardo,0,0.001067533,0.0020687114
14.0,7.0,US0214,Mookie,0,0.002158459,0.0041827546
14.0,7.0,US0215,Alex,0,0.18265155,0.35395002
14.0,7.0,US0216,Stacy,0,0.020914722,0.040529445
14.0,7.0,US0217,Boo,0,0.17625616,0.34155676
14.0,7.0,US0218,Yau-Man,0,0.0043582357,0.008445576
14.0,7.0,US0219,Dreamz,0,0.04314985,0.083617635
14.0,7.0,US0220,Cassandra,0,0.077579156,0.15033622
15.0,1.0,US0237,Todd,1,0.09868678,0.04899827
15.0,1.0,US0228,Jaime,0,0.0016592566,0.0008238257
15.0,1.0,US0229,Jean-Robert,0,0.0038545614,0.0019138008
15.0,1.0,US0230,Frosti,0,0.008758225,0.004348484
15.0,1.0,US0231,James,0,0.39282557,0.19503903
15.0,1.0,US0232,Erik,0,0.01685557,0.008368839
15.0,1.0,US0233,Peih-Gee,0,0.0012932577,0.00064210617
15.0,1.0,US0234,Denise,0,0.49441302,0.2454775
15.0,1.0,US0235,Amanda,0,0.49070284,0.24363537
15.0,1.0,US0236,Courtney,0,0.5003015,0.24840114
15.0,1.0,US0227,Sherea,0,0.0011818239,0.000586779
15.0,2.0,US0223,Ashley,0,0.00034648113,0.00019402787
15.0,2.0,US0224,Leslie,0,0.00015876454,8.890743e-05
15.0,2.0,US0225,Dave,0,0.00024583781,0.00013766807
15.0,2.0,US0226,Aaron,0,0.0012679024,0.00071001967
15.0,2.0,US0227,Sherea,0,0.0011132616,0.0006234215
15.0,2.0,US0228,Jaime,0,0.002312468,0.0012949717
15.0,2.0,US0229,Jean-Robert,0,0.0034025656,0.0019054215
15.0,2.0,US0230,Frosti,0,0.0049305563,0.0027610895
15.0,2.0,US0231,James,0,0.30852437,0.17277226
15.0,1.0,US0222,Chicken,0,0.0013651698,0.00067781075
15.0,1.0,US0223,Ashley,0,0.00045906694,0.00022792806
15.0,1.0,US0224,Leslie,0,0.0001150439,5.711963e-05
15.0,1.0,US0225,Dave,0,0.00021330264,0.000105905376
15.0,1.0,US0226,Aaron,0,0.0014019375,0.000696066
15.0,4.0,US0231,James,0,0.3079155,0.15170015
15.0,3.0,US0236,Courtney,0,0.48069364,0.25600877
15.0,3.0,US0237,Todd,1,0.103303544,0.055017605
15.0,4.0,US0225,Dave,0,9.612304e-05,4.735676e-05
15.0,4.0,US0226,Aaron,0,0.0015923097,0.00078448025
15.0,4.0,US0227,Sherea,0,0.00038318656,0.0001887838
15.0,4.0,US0228,Jaime,0,0.00065034867,0.00032040605
15.0,4.0,US0229,Jean-Robert,0,0.0047391416,0.002334824
15.0,4.0,US0230,Frosti,0,0.0018271037,0.00090015575
15.0,3.0,US0235,Amanda,0,0.5070612,0.27005163
15.0,4.0,US0232,Erik,0,0.0046852725,0.0023082844
15.0,4.0,US0233,Peih-Gee,0,0.0010381211,0.0005114492
15.0,4.0,US0234,Denise,0,0.57391584,0.28275004
15.0,4.0,US0235,Amanda,0,0.50739205,0.24997589
15.0,4.0,US0236,Courtney,0,0.5107107,0.2516109
15.0,4.0,US0237,Todd,1,0.11481814,0.056567237
15.0,5.0,US0226,Aaron,0,0.00085512054,0.00047185365
15.0,5.0,US0227,Sherea,0,0.0004103896,0.00022645207
15.0,3.0,US0226,Aaron,0,0.0015864107,0.00084489374
15.0,2.0,US0232,Erik,0,0.018390879,0.01029881
15.0,2.0,US0233,Peih-Gee,0,0.0020251994,0.0011341026
15.0,2.0,US0234,Denise,0,0.3939757,0.22062463
15.0,2.0,US0235,Amanda,0,0.47543728,0.26624274
15.0,2.0,US0236,Courtney,0,0.48663238,0.27251196
15.0,2.0,US0237,Todd,1,0.08696496,0.048699986
15.0,3.0,US0224,Leslie,0,0.000103991064,5.5383764e-05
15.0,3.0,US0225,Dave,0,0.00014239465,7.5836826e-05
15.0,3.0,US0227,Sherea,0,0.000401201,0.0002136724
15.0,3.0,US0228,Jaime,0,0.0005627909,0.0002997323
15.0,3.0,US0229,Jean-Robert,0,0.005567316,0.0029650521
15.0,3.0,US0230,Frosti,0,0.0018712993,0.0009966203
15.0,3.0,US0231,James,0,0.29956472,0.15954277
15.0,3.0,US0232,Erik,0,0.006619336,0.003525339
15.0,3.0,US0233,Peih-Gee,0,0.001156212,0.0006157776
15.0,3.0,US0234,Denise,0,0.46901116,0.24978688
15.0,5.0,US0228,Jaime,0,0.0005506964,0.00030387306
15.0,14.0,US0236,Courtney,0,0.53591037,0.26985863
15.0,14.0,US0237,Todd,1,0.4759362,0.23965853
15.0,7.0,US0234,Denise,0,0.5315727,0.2486207
15.0,6.0,US0236,Courtney,0,0.4559352,0.19901814
15.0,6.0,US0237,Todd,1,0.38894424,0.16977623
15.0,7.0,US0228,Jaime,0,0.00031418086,0.00014694483
15.0,7.0,US0229,Jean-Robert,0,0.0052900035,0.002474176
15.0,7.0,US0230,Frosti,0,0.0020461436,0.00095699733
15.0,7.0,US0231,James,0,0.33024067,0.15445614
15.0,7.0,US0232,Erik,0,0.004764165,0.002228237
15.0,7.0,US0233,Peih-Gee,0,0.0009667879,0.00045217425
15.0,6.0,US0235,Amanda,0,0.4909046,0.21428247
15.0,7.0,US0235,Amanda,0,0.49770406,0.23278007
15.0,7.0,US0236,Courtney,0,0.43066818,0.20142686
15.0,7.0,US0237,Todd,1,0.33452025,0.15645774
15.0,8.0,US0229,Jean-Robert,0,0.0017941396,0.0008357899
15.0,8.0,US0230,Frosti,0,0.001768276,0.00082374143
15.0,8.0,US0231,James,0,0.29398027,0.13694906
15.0,8.0,US0232,Erik,0,0.004440476,0.0020685708
15.0,8.0,US0233,Peih-Gee,0,0.00091286586,0.00042525344
15.0,5.0,US0237,Todd,1,0.11832393,0.06529088
15.0,5.0,US0229,Jean-Robert,0,0.0054640044,0.0030150258
15.0,5.0,US0230,Frosti,0,0.0022668422,0.0012508385
15.0,5.0,US0231,James,0,0.2829669,0.15614052
15.0,5.0,US0232,Erik,0,0.004710679,0.0025993423
15.0,5.0,US0233,Peih-Gee,0,0.0009710153,0.00053580414
15.0,5.0,US0234,Denise,0,0.5451994,0.30083984
15.0,5.0,US0235,Amanda,0,0.3953193,0.21813633
15.0,5.0,US0236,Courtney,0,0.45521972,0.25118923
15.0,8.0,US0234,Denise,0,0.47692505,0.22217286
15.0,6.0,US0227,Sherea,0,0.00017241728,7.526106e-05
15.0,6.0,US0228,Jaime,0,0.0005492158,0.00023973563
15.0,6.0,US0229,Jean-Robert,0,0.0061005424,0.0026629192
15.0,6.0,US0230,Frosti,0,0.0020062202,0.00087572576
15.0,6.0,US0231,James,0,0.37858963,0.16525638
15.0,6.0,US0232,Erik,0,0.005144883,0.0022457687
15.0,6.0,US0233,Peih-Gee,0,0.0011821019,0.00051599374
15.0,6.0,US0234,Denise,0,0.56139374,0.24505135
15.0,13.0,US0235,Amanda,0,0.73930377,0.36023295
15.0,12.0,US0232,Erik,0,0.0029606672,0.0016192012
15.0,12.0,US0233,Peih-Gee,0,0.0010746216,0.00058771495
15.0,12.0,US0234,Denise,0,0.5044908,0.27590808
15.0,12.0,US0235,Amanda,0,0.49186602,0.26900357
15.0,12.0,US0236,Courtney,0,0.47240824,0.25836203
15.0,12.0,US0237,Todd,1,0.3556737,0.19451942
15.0,13.0,US0233,Peih-Gee,0,0.0003211483,0.00015648264
15.0,13.0,US0234,Denise,0,0.5567343,0.2712742
15.0,11.0,US0237,Todd,1,0.3640696,0.18255241
15.0,13.0,US0236,Courtney,0,0.36712584,0.17888564
15.0,13.0,US0237,Todd,1,0.38880846,0.18945071
15.0,14.0,US0234,Denise,0,0.132131,0.0665348
15.0,14.0,US0235,Amanda,0,0.84191537,0.423948
15.0,9.0,US0235,Amanda,0,0.6342302,0.27191752
15.0,8.0,US0235,Amanda,0,0.5987894,0.27894267
15.0,8.0,US0236,Courtney,0,0.42230478,0.1967283
15.0,8.0,US0237,Todd,1,0.3457244,0.16105378
15.0,9.0,US0230,Frosti,0,0.0007682014,0.00032935585
15.0,9.0,US0231,James,0,0.28457162,0.12200619
15.0,9.0,US0232,Erik,0,0.004629863,0.0019849904
15.0,9.0,US0233,Peih-Gee,0,0.0012962074,0.00055573124
15.0,9.0,US0234,Denise,0,0.56698734,0.24308807
15.0,9.0,US0236,Courtney,0,0.4787402,0.20525332
15.0,9.0,US0237,Todd,1,0.36121228,0.15486483
15.0,11.0,US0231,James,0,0.016951276,0.008499738
15.0,11.0,US0232,Erik,0,0.0059636207,0.0029902891
15.0,11.0,US0233,Peih-Gee,0,0.00089677784,0.0004496639
15.0,11.0,US0234,Denise,0,0.57612634,0.28888226
15.0,11.0,US0235,Amanda,0,0.66435987,0.33312446
15.0,11.0,US0236,Courtney,0,0.36596176,0.18350118
16.0,5.0,US0231,James,0,0.0022220248,0.0013912693
16.0,4.0,US0245,Alexis,0,0.60749674,0.3482556
16.0,4.0,US0246,Erik,0,0.29737782,0.1704758
16.0,4.0,US0247,Natalie,0,0.031448897,0.0180285
16.0,5.0,US0125,Ami,0,0.00059986534,0.00037559174
16.0,5.0,US0127,Eliza,0,0.0011036157,0.00069100334
16.0,5.0,US0179,Cirie,0,0.11739541,0.07350441
16.0,5.0,US0196,Jonathan,0,0.004475989,0.0028025366
16.0,5.0,US0197,Parvati,1,0.26556024,0.16627438
16.0,5.0,US0201,Ozzy,0,0.0050172424,0.0031414297
16.0,4.0,US0244,Jason,0,0.0034227935,0.0019621619
16.0,5.0,US0235,Amanda,0,0.3652439,0.228689
16.0,5.0,US0240,Joel,0,0.0011929583,0.0007469432
16.0,5.0,US0241,Chet,0,0.0015549815,0.0009736155
16.0,5.0,US0242,Kathy,0,0.0013196397,0.00082626176
16.0,5.0,US0243,Tracy,0,0.001162931,0.0007281422
16.0,5.0,US0244,Jason,0,0.0039488957,0.0024725094
16.0,5.0,US0245,Alexis,0,0.51110876,0.3200189
16.0,5.0,US0246,Erik,0,0.28803602,0.18034707
16.0,4.0,US0197,Parvati,1,0.37371883,0.2142393
16.0,3.0,US0244,Jason,0,0.0035665531,0.0020182712
16.0,3.0,US0245,Alexis,0,0.62661004,0.35459137
16.0,3.0,US0246,Erik,0,0.28488982,0.16121586
16.0,3.0,US0247,Natalie,0,0.032971043,0.018657932
16.0,4.0,US0125,Ami,0,0.00064711605,0.0003709679
16.0,4.0,US0127,Eliza,0,0.0011247537,0.00064478006
16.0,4.0,US0179,Cirie,0,0.09817904,0.056282442
16.0,4.0,US0196,Jonathan,0,0.0048018917,0.0027527483
16.0,5.0,US0247,Natalie,0,0.027178116,0.017016945
16.0,4.0,US0201,Ozzy,0,0.0036261533,0.0020787406
16.0,4.0,US0231,James,0,0.0027009821,0.001548374
16.0,4.0,US0235,Amanda,0,0.3113806,0.17850307
16.0,4.0,US0239,Mikey B,0,0.0005028369,0.00028825796
16.0,4.0,US0240,Joel,0,0.0034328976,0.0019679542
16.0,4.0,US0241,Chet,0,0.0018357227,0.0010523525
16.0,4.0,US0242,Kathy,0,0.001367264,0.0007838023
16.0,4.0,US0243,Tracy,0,0.0013347937,0.0007651883
16.0,6.0,US0245,Alexis,0,0.522089,0.31039545
16.0,6.0,US0197,Parvati,1,0.33755648,0.20068608
16.0,6.0,US0201,Ozzy,0,0.00354495,0.0021075646
16.0,6.0,US0231,James,0,0.0020424905,0.0012143136
16.0,6.0,US0235,Amanda,0,0.36562076,0.21737102
16.0,6.0,US0241,Chet,0,0.0005457974,0.0003244907
16.0,6.0,US0242,Kathy,0,0.0009306224,0.0005532791
16.0,6.0,US0243,Tracy,0,0.00089875894,0.0005343355
16.0,6.0,US0244,Jason,0,0.003243291,0.0019282206
16.0,6.0,US0179,Cirie,0,0.10810596,0.06427179
16.0,6.0,US0246,Erik,0,0.3079929,0.18310976
16.0,6.0,US0247,Natalie,0,0.022994027,0.013670545
16.0,7.0,US0125,Ami,0,0.0005261061,0.0003448502
16.0,7.0,US0127,Eliza,0,0.0009502844,0.00062288914
16.0,7.0,US0179,Cirie,0,0.15953638,0.104572356
16.0,7.0,US0197,Parvati,1,0.20703429,0.13570613
16.0,7.0,US0201,Ozzy,0,0.004494687,0.002946162
16.0,7.0,US0231,James,0,0.0026208775,0.0017179237
16.0,6.0,US0125,Ami,0,0.00047060926,0.0002797894
16.0,6.0,US0127,Eliza,0,0.0011224428,0.0006673213
16.0,6.0,US0196,Jonathan,0,0.004854348,0.0028860357
16.0,3.0,US0243,Tracy,0,0.0013197366,0.0007468237
16.0,1.0,US0218,Yau-Man,0,0.006217697,0.0029233522
16.0,1.0,US0111,Jonny Fairplay,0,0.00034263742,0.0001610966
16.0,1.0,US0125,Ami,0,0.0011031895,0.00051868265
16.0,1.0,US0127,Eliza,0,0.0013429788,0.0006314235
16.0,1.0,US0179,Cirie,0,0.25625727,0.120483555
16.0,1.0,US0196,Jonathan,0,0.0076981024,0.003619389
16.0,1.0,US0197,Parvati,1,0.37234682,0.17506495
16.0,1.0,US0201,Ozzy,0,0.006369326,0.0029946428
16.0,1.0,US0231,James,0,0.005032309,0.0023660224
16.0,1.0,US0235,Amanda,0,0.39797953,0.1871166
16.0,1.0,US0238,Mary,0,0.0016303059,0.00076651503
16.0,1.0,US0239,Mikey B,0,0.0005517724,0.00025942485
16.0,1.0,US0240,Joel,0,0.0015436816,0.0007257872
16.0,1.0,US0241,Chet,0,0.0016852192,0.00079233345
16.0,1.0,US0242,Kathy,0,0.0014571415,0.00068509893
16.0,1.0,US0243,Tracy,0,0.0013549022,0.0006370295
16.0,1.0,US0244,Jason,0,0.0025852176,0.0012154824
16.0,3.0,US0197,Parvati,1,0.35247672,0.1994625
16.0,2.0,US0244,Jason,0,0.004992644,0.0027147727
16.0,2.0,US0245,Alexis,0,0.6448311,0.35062987
16.0,2.0,US0246,Erik,0,0.29517743,0.16050407
16.0,2.0,US0247,Natalie,0,0.039501023,0.021478862
16.0,3.0,US0125,Ami,0,0.000619945,0.0003508197
16.0,3.0,US0127,Eliza,0,0.0008885772,0.00050283555
16.0,3.0,US0179,Cirie,0,0.102846056,0.058199394
16.0,3.0,US0196,Jonathan,0,0.004447071,0.002516546
16.0,2.0,US0243,Tracy,0,0.0013971518,0.00075970765
16.0,3.0,US0201,Ozzy,0,0.0034165566,0.0019333899
16.0,3.0,US0218,Yau-Man,0,0.001948736,0.0011027672
16.0,3.0,US0231,James,0,0.0026544528,0.0015021241
16.0,3.0,US0235,Amanda,0,0.340942,0.19293514
16.0,3.0,US0239,Mikey B,0,0.0011844125,0.0006702453
16.0,3.0,US0240,Joel,0,0.0032194622,0.0018218565
16.0,3.0,US0241,Chet,0,0.0017749495,0.0010044234
16.0,3.0,US0242,Kathy,0,0.0013566557,0.0007677158
16.0,2.0,US0201,Ozzy,0,0.003909398,0.0021257529
16.0,1.0,US0245,Alexis,0,0.6848512,0.32199404
16.0,1.0,US0246,Erik,0,0.33093956,0.15559666
16.0,1.0,US0247,Natalie,0,0.04561784,0.021447975
16.0,2.0,US0125,Ami,0,0.0007309999,0.00039748455
16.0,2.0,US0127,Eliza,0,0.000886173,0.0004818606
16.0,2.0,US0179,Cirie,0,0.11378943,0.06187352
16.0,2.0,US0196,Jonathan,0,0.004311561,0.002344431
16.0,2.0,US0197,Parvati,1,0.3785712,0.20584981
16.0,7.0,US0235,Amanda,0,0.36605805,0.23994248
16.0,2.0,US0218,Yau-Man,0,0.0041635246,0.0022639355
16.0,2.0,US0231,James,0,0.0034873409,0.0018962575
16.0,2.0,US0235,Amanda,0,0.33137906,0.18018886
16.0,2.0,US0238,Mary,0,0.002463109,0.0013393267
16.0,2.0,US0239,Mikey B,0,0.0014525024,0.0007898048
16.0,2.0,US0240,Joel,0,0.0040819105,0.0022195573
16.0,2.0,US0241,Chet,0,0.0017059912,0.0009276405
16.0,2.0,US0242,Kathy,0,0.0022335027,0.0012144772
16.0,14.0,US0235,Amanda,0,0.32266608,0.41010207
16.0,13.0,US0246,Erik,0,0.023840293,0.034407493
16.0,13.0,US0247,Natalie,0,0.0138389105,0.019973
16.0,14.0,US0179,Cirie,0,0.0060769375,0.007723665
16.0,14.0,US0197,Parvati,1,0.45369,0.57663083
16.0,14.0,US0247,Natalie,0,0.004361562,0.0055434573
16.0,13.0,US0235,Amanda,0,0.15217718,0.21962966
16.0,8.0,US0245,Alexis,0,0.16445842,0.1137694
16.0,8.0,US0125,Ami,0,0.00022821319,0.0001578738
16.0,8.0,US0127,Eliza,0,0.0010820095,0.00074851484
16.0,8.0,US0179,Cirie,0,0.13463214,0.09313611
16.0,8.0,US0197,Parvati,1,0.345433,0.23896436
16.0,8.0,US0201,Ozzy,0,0.004862295,0.0033636487
16.0,8.0,US0231,James,0,0.0026379568,0.0018248913
16.0,8.0,US0235,Amanda,0,0.36081335,0.24960423
16.0,8.0,US0244,Jason,0,0.001249175,0.00086415693
16.0,7.0,US0247,Natalie,0,0.017942669,0.0117609985
16.0,8.0,US0246,Erik,0,0.41892183,0.28980264
16.0,8.0,US0247,Natalie,0,0.011223438,0.0077641737
16.0,9.0,US0127,Eliza,0,0.00030921446,0.00020069428
16.0,9.0,US0179,Cirie,0,0.1276844,0.082872994
16.0,9.0,US0197,Parvati,1,0.3234735,0.20994906
16.0,9.0,US0201,Ozzy,0,0.0029579985,0.001919876
16.0,9.0,US0231,James,0,0.0014752516,0.0009575056
16.0,9.0,US0235,Amanda,0,0.41204664,0.26743707
16.0,7.0,US0242,Kathy,0,0.0014180156,0.00092947594
16.0,7.0,US0243,Tracy,0,0.0004205686,0.00027567285
16.0,7.0,US0244,Jason,0,0.0016578331,0.0010866708
16.0,7.0,US0245,Alexis,0,0.42497885,0.27856368
16.0,7.0,US0246,Erik,0,0.33796903,0.22153078
16.0,9.0,US0244,Jason,0,0.0012456367,0.000808475
16.0,12.0,US0247,Natalie,0,0.013455914,0.01210225
16.0,11.0,US0246,Erik,0,0.4299528,0.28257188
16.0,11.0,US0247,Natalie,0,0.014645169,0.009625039
16.0,12.0,US0179,Cirie,0,0.1674357,0.15059169
16.0,12.0,US0197,Parvati,1,0.3539374,0.3183313
16.0,12.0,US0231,James,0,0.0028368603,0.0025514723
16.0,12.0,US0235,Amanda,0,0.15254998,0.13720345
16.0,12.0,US0245,Alexis,0,0.06979183,0.06277078
16.0,12.0,US0246,Erik,0,0.35184464,0.31644908
16.0,11.0,US0245,Alexis,0,0.17499037,0.11500648
16.0,13.0,US0179,Cirie,0,0.15830828,0.22847836
16.0,13.0,US0197,Parvati,1,0.3447162,0.49751148
16.0,10.0,US0244,Jason,0,0.0013039024,0.000788038
16.0,9.0,US0245,Alexis,0,0.31359333,0.20353638
16.0,9.0,US0246,Erik,0,0.34758386,0.22559777
16.0,9.0,US0247,Natalie,0,0.010353954,0.006720188
16.0,10.0,US0179,Cirie,0,0.15739447,0.09512432
16.0,10.0,US0197,Parvati,1,0.30603957,0.1849608
16.0,10.0,US0201,Ozzy,0,0.00093715254,0.0005663858
16.0,10.0,US0231,James,0,0.0021073953,0.0012736442
16.0,10.0,US0235,Amanda,0,0.43779996,0.26459268
16.0,10.0,US0245,Alexis,0,0.2954853,0.17858212
16.0,10.0,US0246,Erik,0,0.44319692,0.26785442
16.0,10.0,US0247,Natalie,0,0.010353954,0.006257607
16.0,11.0,US0179,Cirie,0,0.13836108,0.09093312
16.0,11.0,US0197,Parvati,1,0.32707244,0.21495725
16.0,11.0,US0231,James,0,0.0019190665,0.0012612413
16.0,11.0,US0235,Amanda,0,0.43368703,0.28502607
16.0,11.0,US0244,Jason,0,0.0009418296,0.0006189855
17.0,13.0,US0265,Bob,1,0.0008704873,0.0012042375
17.0,12.0,US0262,Matty,0,0.12140458,0.13833174
17.0,12.0,US0263,Sugar,0,0.4831701,0.5505374
17.0,12.0,US0264,Susie,0,0.039705686,0.04524176
17.0,12.0,US0265,Bob,1,0.00073414703,0.0008365075
17.0,13.0,US0261,Ken,0,0.022325337,0.030885007
17.0,13.0,US0262,Matty,0,0.0136310505,0.018857278
17.0,13.0,US0263,Sugar,0,0.54050183,0.74773353
17.0,13.0,US0264,Susie,0,0.14552483,0.20131993
17.0,12.0,US0261,Ken,0,0.22525814,0.25666538
17.0,1.0,US0248,Michelle,0,0.0006488248,0.00086813694
17.0,1.0,US0249,Gillian,0,0.00064269255,0.0008599319
17.0,1.0,US0250,Paloma,0,0.00030495296,0.00040803148
17.0,1.0,US0251,Jacquie,0,0.000985472,0.0013185758
17.0,1.0,US0252,GC,0,0.0020552385,0.0027499388
17.0,1.0,US0253,Kelly,0,0.003235042,0.004328533
17.0,1.0,US0254,Ace,0,0.00021143754,0.0002829065
17.0,1.0,US0255,Dan,0,0.0008038339,0.0010755414
17.0,6.0,US0256,Marcus,0,0.00044763918,0.00043085773
17.0,6.0,US0259,Corinne,0,0.0015651428,0.0015064675
17.0,6.0,US0260,Crystal,0,0.07660782,0.07373589
17.0,6.0,US0261,Ken,0,0.15277728,0.14704986
17.0,6.0,US0262,Matty,0,0.11067548,0.10652639
17.0,6.0,US0263,Sugar,0,0.63671947,0.61284965
17.0,6.0,US0264,Susie,0,0.058619704,0.056422126
17.0,6.0,US0265,Bob,1,0.0002800988,0.00026959824
17.0,6.0,US0255,Dan,0,0.00025800764,0.00024833524
17.0,6.0,US0258,Randy,0,0.0005125497,0.00049333484
17.0,6.0,US0257,Charlie,0,0.0003542921,0.00034101013
17.0,5.0,US0261,Ken,0,0.14343098,0.13820857
17.0,5.0,US0253,Kelly,0,0.001460676,0.0014074917
17.0,5.0,US0254,Ace,0,0.00031695684,0.00030541624
17.0,5.0,US0255,Dan,0,0.00026934507,0.00025953804
17.0,5.0,US0256,Marcus,0,0.00030766946,0.000296467
17.0,5.0,US0257,Charlie,0,0.00017205729,0.00016579257
17.0,5.0,US0258,Randy,0,0.00030808302,0.0002968655
17.0,5.0,US0259,Corinne,0,0.0008673803,0.0008357984
17.0,5.0,US0260,Crystal,0,0.07778257,0.07495046
17.0,5.0,US0262,Matty,0,0.110148184,0.10613762
17.0,5.0,US0263,Sugar,0,0.6451743,0.6216831
17.0,5.0,US0264,Susie,0,0.057410456,0.055320103
17.0,5.0,US0265,Bob,1,0.00013773603,0.00013272098
17.0,6.0,US0254,Ace,0,0.00013137372,0.00012644868
17.0,9.0,US0265,Bob,1,0.0002824964,0.0002905522
17.0,8.0,US0265,Bob,1,0.00026307424,0.0002758733
17.0,9.0,US0258,Randy,0,0.0012890133,0.0013257714
17.0,9.0,US0259,Corinne,0,0.0018435884,0.0018961611
17.0,9.0,US0260,Crystal,0,0.06399586,0.0658208
17.0,9.0,US0261,Ken,0,0.14165203,0.14569145
17.0,9.0,US0262,Matty,0,0.13538925,0.13925008
17.0,9.0,US0263,Sugar,0,0.6022697,0.6194444
17.0,9.0,US0264,Susie,0,0.02555218,0.026280839
17.0,8.0,US0264,Susie,0,0.059443355,0.062335387
17.0,11.0,US0259,Corinne,0,0.0005782634,0.0006157943
17.0,11.0,US0260,Crystal,0,0.0649138,0.06912689
17.0,11.0,US0261,Ken,0,0.15603201,0.16615893
17.0,11.0,US0262,Matty,0,0.13021867,0.13867024
17.0,11.0,US0263,Sugar,0,0.55450886,0.59049803
17.0,11.0,US0264,Susie,0,0.032320037,0.0344177
17.0,11.0,US0265,Bob,1,0.0004811592,0.0005123878
17.0,12.0,US0260,Crystal,0,0.0073609115,0.008387227
17.0,7.0,US0264,Susie,0,0.09460148,0.08768398
17.0,7.0,US0256,Marcus,0,0.00028734322,0.00026633195
17.0,7.0,US0257,Charlie,0,0.00027172163,0.00025185265
17.0,7.0,US0258,Randy,0,0.001555687,0.0014419312
17.0,7.0,US0259,Corinne,0,0.0015741655,0.0014590585
17.0,7.0,US0260,Crystal,0,0.08157847,0.075613245
17.0,7.0,US0261,Ken,0,0.14846732,0.137611
17.0,7.0,US0262,Matty,0,0.14844371,0.13758913
17.0,7.0,US0263,Sugar,0,0.60190654,0.5578936
17.0,4.0,US0265,Bob,1,0.00022232687,0.00020614402
17.0,7.0,US0265,Bob,1,0.00020480392,0.00018982813
17.0,8.0,US0257,Charlie,0,9.076049e-05,9.517616e-05
17.0,8.0,US0258,Randy,0,0.0009382063,0.0009838518
17.0,8.0,US0259,Corinne,0,0.0016222463,0.0017011717
17.0,8.0,US0260,Crystal,0,0.05050658,0.052963823
17.0,8.0,US0261,Ken,0,0.12230776,0.12825827
17.0,8.0,US0262,Matty,0,0.12065573,0.12652586
17.0,8.0,US0263,Sugar,0,0.5977776,0.6268606
17.0,1.0,US0265,Bob,1,0.00022048313,0.0002950096
17.0,1.0,US0257,Charlie,0,0.00019172084,0.00025652527
17.0,1.0,US0258,Randy,0,0.0009598823,0.0012843363
17.0,1.0,US0259,Corinne,0,0.0006871786,0.00091945485
17.0,1.0,US0260,Crystal,0,0.068064354,0.09107109
17.0,1.0,US0261,Ken,0,0.1838518,0.24599636
17.0,1.0,US0262,Matty,0,0.097377695,0.13029276
17.0,1.0,US0263,Sugar,0,0.27464256,0.36747572
17.0,1.0,US0264,Susie,0,0.11219449,0.15011786
17.0,1.0,US0256,Marcus,0,0.0002984304,0.00039930418
17.0,2.0,US0250,Paloma,0,0.00015408882,0.0001335503
17.0,2.0,US0251,Jacquie,0,0.0014572601,0.0012630218
17.0,2.0,US0252,GC,0,0.0018292641,0.0015854414
17.0,2.0,US0253,Kelly,0,0.0032555196,0.002821591
17.0,2.0,US0254,Ace,0,0.00032952413,0.00028560183
17.0,2.0,US0255,Dan,0,0.00070787466,0.000613522
17.0,2.0,US0256,Marcus,0,0.0005773013,0.00050035276
17.0,2.0,US0257,Charlie,0,0.0002661478,0.00023067294
17.0,2.0,US0258,Randy,0,0.0011037698,0.0009566482
17.0,4.0,US0256,Marcus,0,0.00042389182,0.00039303734
17.0,3.0,US0262,Matty,0,0.10691909,0.09935686
17.0,3.0,US0263,Sugar,0,0.68883955,0.64011896
17.0,3.0,US0264,Susie,0,0.06415986,0.05962193
17.0,3.0,US0265,Bob,1,0.00023483492,0.0002182254
17.0,4.0,US0252,GC,0,0.0011545329,0.0010704962
17.0,4.0,US0253,Kelly,0,0.003016809,0.00279722
17.0,4.0,US0254,Ace,0,0.0003284634,0.000304555
17.0,4.0,US0255,Dan,0,0.0003233705,0.00029983284
17.0,3.0,US0261,Ken,0,0.13072938,0.12148308
17.0,4.0,US0257,Charlie,0,0.00024219822,0.00022456895
17.0,4.0,US0258,Randy,0,0.00029652452,0.00027494092
17.0,4.0,US0259,Corinne,0,0.0007380275,0.00068430754
17.0,4.0,US0260,Crystal,0,0.08437207,0.07823075
17.0,4.0,US0261,Ken,0,0.15702502,0.1455954
17.0,4.0,US0262,Matty,0,0.12036854,0.11160709
17.0,4.0,US0263,Sugar,0,0.6759521,0.62675047
17.0,4.0,US0264,Susie,0,0.03403873,0.0315611
17.0,3.0,US0252,GC,0,0.003629466,0.0033727593
17.0,2.0,US0259,Corinne,0,0.0007204723,0.0006244405
17.0,2.0,US0260,Crystal,0,0.0679214,0.05886815
17.0,2.0,US0261,Ken,0,0.16551788,0.143456
17.0,2.0,US0262,Matty,0,0.117546536,0.10187875
17.0,2.0,US0263,Sugar,0,0.73413587,0.63628286
17.0,2.0,US0264,Susie,0,0.05795719,0.05023207
17.0,2.0,US0265,Bob,1,0.00030849333,0.00026737424
17.0,3.0,US0251,Jacquie,0,0.00046726014,0.0004342115
17.0,3.0,US0253,Kelly,0,0.003453087,0.0032088554
17.0,3.0,US0254,Ace,0,0.00024109783,0.00022404535
17.0,3.0,US0255,Dan,0,0.00035253,0.0003275961
17.0,3.0,US0256,Marcus,0,0.00032264652,0.0002998262
17.0,3.0,US0257,Charlie,0,0.00025722166,0.00023902876
17.0,3.0,US0258,Randy,0,0.00026463467,0.00024591744
17.0,3.0,US0259,Corinne,0,0.0007215514,0.00067051715
17.0,3.0,US0260,Crystal,0,0.07551956,0.07017817
18.0,9.0,US0280,Stephen,0,0.35962185,0.26621538
18.0,8.0,US0280,Stephen,0,0.33160546,0.2574291
18.0,8.0,US0281,J.T.,1,0.6103875,0.47385076
18.0,9.0,US0273,Brendan,0,0.00043029652,0.00031853336
18.0,9.0,US0274,Tyson,0,0.009215019,0.0068215537
18.0,9.0,US0275,Sierra,0,0.00284046,0.0021026926
18.0,9.0,US0276,Debbie,0,0.0039299177,0.0029091798
18.0,9.0,US0277,Coach,0,0.0016729947,0.001238459
18.0,9.0,US0278,Taj,0,0.026032392,0.019270863
18.0,9.0,US0279,Erinn,0,0.31149247,0.2305869
18.0,8.0,US0279,Erinn,0,0.2970659,0.23061565
18.0,9.0,US0281,J.T.,1,0.6356326,0.4705364
18.0,10.0,US0274,Tyson,0,0.0030884058,0.0022362315
18.0,10.0,US0275,Sierra,0,0.003253206,0.0023555588
18.0,10.0,US0276,Debbie,0,0.003486085,0.0025241803
18.0,10.0,US0277,Coach,0,0.0018853814,0.0013651539
18.0,10.0,US0278,Taj,0,0.028032884,0.020297857
18.0,10.0,US0279,Erinn,0,0.3612717,0.2615871
18.0,10.0,US0280,Stephen,0,0.3652714,0.26448318
18.0,7.0,US0280,Stephen,0,0.35116905,0.26254633
18.0,7.0,US0272,Joe,0,0.002516924,0.0018817409
18.0,7.0,US0273,Brendan,0,0.0008336183,0.00062324235
18.0,7.0,US0274,Tyson,0,0.004851958,0.0036274942
18.0,7.0,US0275,Sierra,0,0.0033733707,0.0025220506
18.0,7.0,US0276,Debbie,0,0.00353895,0.0026458437
18.0,7.0,US0277,Coach,0,0.0012811377,0.0009578236
18.0,7.0,US0278,Taj,0,0.032247838,0.024109619
18.0,7.0,US0279,Erinn,0,0.31325218,0.23419835
18.0,10.0,US0281,J.T.,1,0.61478704,0.44515073
18.0,7.0,US0281,J.T.,1,0.6239834,0.46651193
18.0,8.0,US0272,Joe,0,0.0023173145,0.0017989576
18.0,8.0,US0273,Brendan,0,0.0007629523,0.00059228856
18.0,8.0,US0274,Tyson,0,0.006685215,0.0051898086
18.0,8.0,US0275,Sierra,0,0.002954812,0.0022938543
18.0,8.0,US0276,Debbie,0,0.0022534216,0.0017493569
18.0,8.0,US0277,Coach,0,0.0014308521,0.0011107868
18.0,8.0,US0278,Taj,0,0.032679524,0.025369486
18.0,14.0,US0281,J.T.,1,0.78230757,0.6495354
18.0,14.0,US0278,Taj,0,0.003861725,0.0032063187
18.0,14.0,US0279,Erinn,0,0.046304293,0.038445596
18.0,14.0,US0280,Stephen,0,0.37193733,0.30881265
18.0,13.0,US0281,J.T.,1,0.7078008,0.5246977
18.0,12.0,US0277,Coach,0,0.0033192886,0.0025993781
18.0,11.0,US0275,Sierra,0,0.0014314878,0.0011985655
18.0,11.0,US0276,Debbie,0,0.0036400121,0.003047733
18.0,11.0,US0277,Coach,0,0.0025986566,0.00217582
18.0,11.0,US0278,Taj,0,0.033966552,0.028439738
18.0,11.0,US0279,Erinn,0,0.30183497,0.25272235
18.0,11.0,US0280,Stephen,0,0.24908748,0.20855759
18.0,11.0,US0281,J.T.,1,0.60177517,0.50385827
18.0,12.0,US0276,Debbie,0,0.0020557188,0.0016098601
18.0,7.0,US0271,Sydney,0,0.00050240493,0.0003756156
18.0,12.0,US0278,Taj,0,0.035652474,0.027919916
18.0,12.0,US0279,Erinn,0,0.35175633,0.27546495
18.0,12.0,US0280,Stephen,0,0.29515713,0.23114139
18.0,12.0,US0281,J.T.,1,0.589014,0.46126452
18.0,13.0,US0277,Coach,0,0.0009103332,0.0006748364
18.0,13.0,US0278,Taj,0,0.034312427,0.025436044
18.0,13.0,US0279,Erinn,0,0.3172931,0.23521161
18.0,13.0,US0280,Stephen,0,0.288652,0.21397975
18.0,2.0,US0276,Debbie,0,0.005477235,0.003788968
18.0,2.0,US0268,Jerry,0,0.0014381607,0.0009948714
18.0,2.0,US0269,Sandy,0,0.001819834,0.0012589003
18.0,2.0,US0270,Spencer,0,0.0048785047,0.0033747863
18.0,2.0,US0271,Sydney,0,0.0009813608,0.0006788726
18.0,2.0,US0272,Joe,0,0.0022947765,0.0015874496
18.0,2.0,US0273,Brendan,0,0.0010599636,0.0007332474
18.0,2.0,US0274,Tyson,0,0.005185382,0.0035870736
18.0,2.0,US0275,Sierra,0,0.005856218,0.0040511354
18.0,2.0,US0267,Candace,0,0.00023199723,0.00016048792
18.0,2.0,US0277,Coach,0,0.0013024476,0.0009009897
18.0,2.0,US0278,Taj,0,0.02938194,0.020325443
18.0,2.0,US0279,Erinn,0,0.36072934,0.24954048
18.0,2.0,US0280,Stephen,0,0.4343356,0.30045882
18.0,2.0,US0281,J.T.,1,0.5906016,0.40855843
18.0,3.0,US0268,Jerry,0,0.0006854326,0.00045764653
18.0,3.0,US0269,Sandy,0,0.0018685093,0.0012475579
18.0,3.0,US0270,Spencer,0,0.0038674432,0.002582197
18.0,1.0,US0273,Brendan,0,0.0005092536,0.00035004882
18.0,1.0,US0266,Carolina,0,0.000735902,0.00050584157
18.0,1.0,US0267,Candace,0,0.00083530555,0.0005741692
18.0,1.0,US0268,Jerry,0,0.0015176762,0.0010432146
18.0,1.0,US0269,Sandy,0,0.002883456,0.0019820193
18.0,1.0,US0270,Spencer,0,0.010540811,0.0072455034
18.0,1.0,US0271,Sydney,0,0.0019461393,0.00133773
18.0,1.0,US0272,Joe,0,0.0064093424,0.00440563
18.0,3.0,US0271,Sydney,0,0.0010202981,0.000681228
18.0,1.0,US0274,Tyson,0,0.0054266807,0.0037301716
18.0,1.0,US0275,Sierra,0,0.00715602,0.0049188784
18.0,1.0,US0276,Debbie,0,0.0043803835,0.0030109717
18.0,1.0,US0277,Coach,0,0.0016573265,0.0011392069
18.0,1.0,US0278,Taj,0,0.036216743,0.02489453
18.0,1.0,US0279,Erinn,0,0.32231045,0.22154856
18.0,1.0,US0280,Stephen,0,0.42714792,0.29361135
18.0,1.0,US0281,J.T.,1,0.6251338,0.42970213
18.0,5.0,US0273,Brendan,0,0.000754033,0.0005302407
18.0,4.0,US0277,Coach,0,0.0013045439,0.00090765423
18.0,4.0,US0278,Taj,0,0.030483065,0.021209009
18.0,4.0,US0279,Erinn,0,0.3267939,0.22737132
18.0,4.0,US0280,Stephen,0,0.42868617,0.29826427
18.0,4.0,US0281,J.T.,1,0.6280693,0.4369878
18.0,5.0,US0270,Spencer,0,0.0028475514,0.002002416
18.0,5.0,US0271,Sydney,0,0.00089531025,0.0006295878
18.0,5.0,US0272,Joe,0,0.0025510567,0.001793919
18.0,4.0,US0276,Debbie,0,0.0027304434,0.0018997432
18.0,5.0,US0274,Tyson,0,0.0056350618,0.003962611
18.0,5.0,US0275,Sierra,0,0.0038905405,0.0027358525
18.0,5.0,US0276,Debbie,0,0.0038143743,0.002682292
18.0,5.0,US0277,Coach,0,0.0011398809,0.00080157135
18.0,5.0,US0278,Taj,0,0.030146131,0.021198949
18.0,5.0,US0279,Erinn,0,0.34256214,0.24089184
18.0,5.0,US0280,Stephen,0,0.37452286,0.26336682
18.0,5.0,US0281,J.T.,1,0.653299,0.45940393
18.0,3.0,US0280,Stephen,0,0.44808948,0.29917836
18.0,3.0,US0272,Joe,0,0.0025754047,0.0017195346
18.0,3.0,US0273,Brendan,0,0.0007118036,0.00047525382
18.0,3.0,US0274,Tyson,0,0.0052360096,0.0034959551
18.0,3.0,US0275,Sierra,0,0.003439617,0.002296548
18.0,3.0,US0276,Debbie,0,0.0037423207,0.0024986558
18.0,3.0,US0277,Coach,0,0.0013141969,0.00087745703
18.0,3.0,US0278,Taj,0,0.030701134,0.020498395
18.0,3.0,US0279,Erinn,0,0.35540912,0.23729795
18.0,3.0,US0281,J.T.,1,0.63907284,0.42669326
18.0,4.0,US0269,Sandy,0,0.00070099195,0.00048772473
18.0,4.0,US0270,Spencer,0,0.0054125395,0.0037658482
18.0,4.0,US0271,Sydney,0,0.0011283482,0.00078506366
18.0,4.0,US0272,Joe,0,0.002553725,0.001776789
18.0,4.0,US0273,Brendan,0,0.0006183576,0.00043023075
18.0,4.0,US0274,Tyson,0,0.005153584,0.0035856762
18.0,4.0,US0275,Sierra,0,0.0036347571,0.002528932
19.0,1.0,US0300,Russell H.,0,0.27537635,0.25922686
19.0,1.0,US0291,Kelly,0,0.0006574152,0.000618861
19.0,1.0,US0292,Laura,0,0.000667967,0.000628794
19.0,1.0,US0293,John,0,0.0016570338,0.0015598568
19.0,1.0,US0294,Dave,0,0.068071224,0.06407918
19.0,1.0,US0295,Monica,0,0.19834155,0.18670978
19.0,1.0,US0296,Shambo,0,0.020518523,0.019315211
19.0,1.0,US0297,Jaison,0,0.32062042,0.3018176
19.0,1.0,US0298,Brett,0,0.039993104,0.0376477
19.0,1.0,US0299,Mick,0,0.116287805,0.10946809
19.0,1.0,US0290,Erik,0,0.0006559351,0.0006174677
19.0,1.0,US0301,Natalie,1,0.0032448345,0.0030545406
19.0,2.0,US0283,Mike,0,0.0054625454,0.0046886713
19.0,2.0,US0284,Betsy,0,0.00144958,0.0012442191
19.0,2.0,US0285,Ben,0,0.0008507687,0.000730241
19.0,2.0,US0286,Yasmin,0,0.0013941573,0.0011966482
19.0,2.0,US0287,Ashley,0,0.00043266735,0.00037137172
19.0,2.0,US0288,Russell S.,0,0.0035316115,0.003031291
19.0,2.0,US0289,Liz,0,0.0011393598,0.0009779476
19.0,2.0,US0290,Erik,0,0.0006007264,0.00051562197
19.0,1.0,US0282,Marisa,0,0.0002570932,0.00024201593
19.0,1.0,US0283,Mike,0,0.0059682443,0.0056182356
19.0,1.0,US0284,Betsy,0,0.0033773377,0.0031792733
19.0,1.0,US0285,Ben,0,0.0007850597,0.0007390198
19.0,1.0,US0286,Yasmin,0,0.0006899491,0.0006494869
19.0,1.0,US0287,Ashley,0,0.0005350926,0.00050371204
19.0,1.0,US0288,Russell S.,0,0.0036953206,0.0034786079
19.0,1.0,US0289,Liz,0,0.0008983852,0.0008456993
19.0,2.0,US0299,Mick,0,0.08211563,0.07048237
19.0,2.0,US0291,Kelly,0,0.00061023684,0.0005237851
19.0,2.0,US0292,Laura,0,0.0007038745,0.0006041572
19.0,2.0,US0293,John,0,0.001314734,0.0011284767
19.0,2.0,US0294,Dave,0,0.04672802,0.0401081
19.0,2.0,US0295,Monica,0,0.32908988,0.282468
19.0,2.0,US0296,Shambo,0,0.0042905114,0.003682678
19.0,2.0,US0297,Jaison,0,0.3353919,0.2878772
19.0,2.0,US0298,Brett,0,0.040419795,0.034693558
19.0,2.0,US0300,Russell H.,0,0.30637544,0.2629715
19.0,2.0,US0301,Natalie,1,0.003150494,0.002704166
19.0,3.0,US0285,Ben,0,0.00020697016,0.00017488629
19.0,3.0,US0286,Yasmin,0,0.00074255455,0.00062744605
19.0,3.0,US0287,Ashley,0,0.0003793363,0.00032053277
19.0,3.0,US0288,Russell S.,0,0.0034202472,0.002890051
19.0,3.0,US0289,Liz,0,0.0011288051,0.0009538213
19.0,3.0,US0290,Erik,0,0.00062132324,0.00052500766
19.0,3.0,US0291,Kelly,0,0.0007102648,0.00060016173
19.0,10.0,US0300,Russell H.,0,0.056332406,0.0676069
19.0,9.0,US0301,Natalie,1,0.0037144506,0.0034594755
19.0,10.0,US0292,Laura,0,0.00069546903,0.00083466177
19.0,10.0,US0293,John,0,0.0027950823,0.0033544963
19.0,10.0,US0294,Dave,0,0.20785812,0.24945931
19.0,10.0,US0295,Monica,0,0.36991963,0.44395617
19.0,10.0,US0296,Shambo,0,0.013687572,0.016427035
19.0,10.0,US0297,Jaison,0,0.111433275,0.13373578
19.0,10.0,US0298,Brett,0,0.02554788,0.030661091
19.0,10.0,US0299,Mick,0,0.04010252,0.048128728
19.0,9.0,US0300,Russell H.,0,0.059682067,0.055585247
19.0,10.0,US0301,Natalie,1,0.0048625856,0.0058357944
19.0,12.0,US0293,John,0,0.00107532,0.0011095506
19.0,12.0,US0294,Dave,0,0.19564356,0.20187148
19.0,12.0,US0295,Monica,0,0.37057552,0.38237205
19.0,12.0,US0296,Shambo,0,0.011862295,0.012239908
19.0,12.0,US0297,Jaison,0,0.26501724,0.27345353
19.0,12.0,US0298,Brett,0,0.019846708,0.020478489
19.0,12.0,US0299,Mick,0,0.051421195,0.053058088
19.0,9.0,US0291,Kelly,0,0.00032862218,0.0003060642
19.0,8.0,US0294,Dave,0,0.34853473,0.24608992
19.0,8.0,US0295,Monica,0,0.54065746,0.381742
19.0,8.0,US0296,Shambo,0,0.004577348,0.0032319282
19.0,8.0,US0297,Jaison,0,0.20193967,0.14258355
19.0,8.0,US0298,Brett,0,0.03879486,0.027391886
19.0,8.0,US0299,Mick,0,0.060208097,0.04251113
19.0,8.0,US0300,Russell H.,0,0.21504858,0.15183935
19.0,8.0,US0301,Natalie,1,0.001944956,0.0013732751
19.0,12.0,US0300,Russell H.,0,0.05033819,0.05194061
19.0,9.0,US0292,Laura,0,0.0018450931,0.0017184383
19.0,9.0,US0293,John,0,0.0023190558,0.0021598663
19.0,9.0,US0294,Dave,0,0.22097437,0.20580578
19.0,9.0,US0295,Monica,0,0.5016354,0.46720105
19.0,9.0,US0296,Shambo,0,0.013237569,0.012328887
19.0,9.0,US0297,Jaison,0,0.19725768,0.1837171
19.0,9.0,US0298,Brett,0,0.029907402,0.027854435
19.0,9.0,US0299,Mick,0,0.042801764,0.039863676
19.0,15.0,US0301,Natalie,1,0.0044516795,0.024863752
19.0,14.0,US0298,Brett,0,0.024721885,0.0558407
19.0,14.0,US0299,Mick,0,0.04735903,0.106972486
19.0,14.0,US0300,Russell H.,0,0.054121185,0.12224654
19.0,14.0,US0301,Natalie,1,0.004497863,0.0101595735
19.0,15.0,US0297,Jaison,0,0.039081845,0.21828195
19.0,15.0,US0298,Brett,0,0.007300414,0.040774655
19.0,15.0,US0299,Mick,0,0.052661162,0.29412585
19.0,15.0,US0300,Russell H.,0,0.07554785,0.4219538
19.0,14.0,US0297,Jaison,0,0.30683523,0.6930659
19.0,13.0,US0301,Natalie,1,0.0018565014,0.0035404155
19.0,12.0,US0301,Natalie,1,0.0033689938,0.003476239
19.0,13.0,US0294,Dave,0,0.040594738,0.07741564
19.0,13.0,US0295,Monica,0,0.042030238,0.08015318
19.0,13.0,US0296,Shambo,0,0.011995703,0.02287624
19.0,13.0,US0297,Jaison,0,0.30114692,0.5742981
19.0,13.0,US0298,Brett,0,0.017474327,0.033324175
19.0,13.0,US0299,Mick,0,0.05192226,0.099017635
19.0,13.0,US0300,Russell H.,0,0.0573532,0.10937463
19.0,8.0,US0293,John,0,0.0027623272,0.0019503963
19.0,14.0,US0296,Shambo,0,0.0051864176,0.011714851
19.0,5.0,US0287,Ashley,0,7.549028e-05,5.9992588e-05
19.0,4.0,US0294,Dave,0,0.23106453,0.21723546
19.0,4.0,US0295,Monica,0,0.3159762,0.29706523
19.0,4.0,US0296,Shambo,0,0.0068686586,0.0064575737
19.0,4.0,US0297,Jaison,0,0.24290474,0.22836705
19.0,4.0,US0298,Brett,0,0.024769457,0.02328702
19.0,4.0,US0299,Mick,0,0.06064288,0.057013445
19.0,4.0,US0300,Russell H.,0,0.17079248,0.16057065
19.0,4.0,US0301,Natalie,1,0.0028572648,0.0026862593
19.0,4.0,US0293,John,0,0.0015382657,0.0014462016
19.0,5.0,US0288,Russell S.,0,0.0027766149,0.0022065928
19.0,5.0,US0289,Liz,0,0.00050996715,0.000405274
19.0,5.0,US0290,Erik,0,0.0012719145,0.0010107983
19.0,5.0,US0291,Kelly,0,0.0007822556,0.00062166335
19.0,5.0,US0292,Laura,0,0.0005699582,0.00045294926
19.0,5.0,US0293,John,0,0.0015256011,0.0012124046
19.0,5.0,US0294,Dave,0,0.3834905,0.30476224
19.0,5.0,US0295,Monica,0,0.37066817,0.29457226
19.0,3.0,US0300,Russell H.,0,0.33393198,0.2821669
19.0,3.0,US0292,Laura,0,0.0007254875,0.0006130247
19.0,3.0,US0293,John,0,0.0013567939,0.001146468
19.0,3.0,US0294,Dave,0,0.060297087,0.05095002
19.0,3.0,US0295,Monica,0,0.3715515,0.31395477
19.0,3.0,US0296,Shambo,0,0.007831972,0.006617884
19.0,3.0,US0297,Jaison,0,0.30355388,0.25649792
19.0,3.0,US0298,Brett,0,0.025922574,0.021904137
19.0,3.0,US0299,Mick,0,0.06850152,0.057882626
19.0,5.0,US0296,Shambo,0,0.008539061,0.006786044
19.0,3.0,US0301,Natalie,1,0.0025732766,0.0021743753
19.0,4.0,US0286,Yasmin,0,0.0003662877,0.00034436563
19.0,4.0,US0287,Ashley,0,0.00022549716,0.00021200131
19.0,4.0,US0288,Russell S.,0,0.002662495,0.0025031464
19.0,4.0,US0289,Liz,0,0.00052589556,0.00049442105
19.0,4.0,US0290,Erik,0,0.0010417829,0.0009794328
19.0,4.0,US0291,Kelly,0,0.00068620936,0.0006451402
19.0,4.0,US0292,Laura,0,0.0007366833,0.0006925933
19.0,7.0,US0296,Shambo,0,0.005157377,0.0038065764
19.0,6.0,US0301,Natalie,1,0.0024593626,0.0018661635
19.0,7.0,US0289,Liz,0,0.00022561288,0.0001665212
19.0,7.0,US0290,Erik,0,0.00078748097,0.00058122695
19.0,7.0,US0291,Kelly,0,0.0005236751,0.00038651613
19.0,7.0,US0292,Laura,0,0.00091762777,0.0006772862
19.0,7.0,US0293,John,0,0.0023578003,0.0017402541
19.0,7.0,US0294,Dave,0,0.34506038,0.25468346
19.0,7.0,US0295,Monica,0,0.46536943,0.34348163
19.0,6.0,US0300,Russell H.,0,0.17957063,0.13625813
19.0,7.0,US0297,Jaison,0,0.23494345,0.17340796
19.0,7.0,US0298,Brett,0,0.05406601,0.039905246
19.0,7.0,US0299,Mick,0,0.060666777,0.044777166
19.0,7.0,US0300,Russell H.,0,0.18245006,0.13466343
19.0,7.0,US0301,Natalie,1,0.0023340953,0.0017227579
19.0,8.0,US0290,Erik,0,0.0003356457,0.00023698935
19.0,8.0,US0291,Kelly,0,0.00051005784,0.00036013653
19.0,8.0,US0292,Laura,0,0.0009764633,0.00068945147
19.0,6.0,US0291,Kelly,0,0.00086663436,0.0006576018
19.0,5.0,US0297,Jaison,0,0.22177173,0.17624335
19.0,5.0,US0298,Brett,0,0.020801669,0.016531214
19.0,5.0,US0299,Mick,0,0.055841457,0.044377547
19.0,5.0,US0300,Russell H.,0,0.18765905,0.1491338
19.0,5.0,US0301,Natalie,1,0.0020432684,0.0016237979
19.0,6.0,US0288,Russell S.,0,0.0027668732,0.0020995024
19.0,6.0,US0289,Liz,0,0.00054682634,0.00041493162
19.0,6.0,US0290,Erik,0,0.0011365922,0.00086244574
19.0,6.0,US0292,Laura,0,0.0005549534,0.00042109843
19.0,6.0,US0293,John,0,0.0017792814,0.0013501181
19.0,6.0,US0294,Dave,0,0.41934973,0.3182024
19.0,6.0,US0295,Monica,0,0.36176106,0.27450415
19.0,6.0,US0296,Shambo,0,0.008608183,0.006531886
19.0,6.0,US0297,Jaison,0,0.21871102,0.16595784
19.0,6.0,US0298,Brett,0,0.061861787,0.0469407
19.0,6.0,US0299,Mick,0,0.057898007,0.043932986
20.0,14.0,US0112,Sandra,1,0.71656203,0.41652364
20.0,14.0,US0197,Parvati,0,0.796674,0.4630912
20.0,14.0,US0300,Russell,0,0.186041,0.10814203
20.0,14.0,US0025,Jerri,0,0.020843118,0.012115701
20.0,10.0,US0025,Jerri,0,0.25334886,0.15914549
20.0,9.0,US0112,Sandra,1,0.57786864,0.2816635
20.0,9.0,US0181,Danielle,0,0.23458976,0.11434324
20.0,9.0,US0195,Candice,0,0.008226323,0.004009657
20.0,9.0,US0197,Parvati,0,0.7660863,0.37340415
20.0,9.0,US0235,Amanda,0,0.0022314684,0.0010876576
20.0,9.0,US0236,Courtney,0,0.00040986214,0.00019977413
20.0,9.0,US0281,J.T.,0,0.007770088,0.0037872798
20.0,9.0,US0300,Russell,0,0.112828575,0.054994665
20.0,9.0,US0107,Rupert,0,0.0010802591,0.0005265376
20.0,10.0,US0031,Colby,0,0.0010064662,0.00063222926
20.0,10.0,US0107,Rupert,0,0.0015820046,0.0009937637
20.0,10.0,US0112,Sandra,1,0.54918265,0.34497863
20.0,10.0,US0181,Danielle,0,0.1492508,0.093754485
20.0,10.0,US0195,Candice,0,0.00887998,0.0055781137
20.0,10.0,US0197,Parvati,0,0.52452904,0.32949203
20.0,10.0,US0235,Amanda,0,0.0021393471,0.0013438681
20.0,10.0,US0281,J.T.,0,0.002139751,0.0013441219
20.0,8.0,US0195,Candice,0,0.007482525,0.00340025
20.0,7.0,US0277,Coach,0,0.00051284686,0.00024190883
20.0,7.0,US0281,J.T.,0,0.009108217,0.004296328
20.0,7.0,US0300,Russell,0,0.08498857,0.040088937
20.0,8.0,US0025,Jerri,0,0.40414578,0.18365414
20.0,8.0,US0031,Colby,0,0.001076631,0.00048924854
20.0,8.0,US0107,Rupert,0,0.0009151812,0.00041588166
20.0,8.0,US0112,Sandra,1,0.6811184,0.30951756
20.0,8.0,US0181,Danielle,0,0.2356053,0.10706505
20.0,10.0,US0300,Russell,0,0.09987351,0.06273728
20.0,8.0,US0197,Parvati,0,0.76267004,0.3465767
20.0,8.0,US0235,Amanda,0,0.0019134798,0.000869534
20.0,8.0,US0236,Courtney,0,0.00093948725,0.00042692694
20.0,8.0,US0277,Coach,0,0.00028640564,0.00013015002
20.0,8.0,US0281,J.T.,0,0.0060614967,0.0027544985
20.0,8.0,US0300,Russell,0,0.09836598,0.044700008
20.0,9.0,US0025,Jerri,0,0.3393484,0.16540448
20.0,9.0,US0031,Colby,0,0.0011879446,0.0005790254
20.0,13.0,US0107,Rupert,0,0.00061522436,0.000346372
20.0,12.0,US0031,Colby,0,0.0009254272,0.00050329446
20.0,12.0,US0107,Rupert,0,0.0015295154,0.00083182834
20.0,12.0,US0112,Sandra,1,0.7608193,0.41377228
20.0,12.0,US0181,Danielle,0,0.012233794,0.00665336
20.0,12.0,US0197,Parvati,0,0.5867885,0.31912544
20.0,12.0,US0300,Russell,0,0.11891281,0.06467084
20.0,13.0,US0025,Jerri,0,0.2865677,0.16133793
20.0,13.0,US0031,Colby,0,0.001088919,0.00061306264
20.0,12.0,US0025,Jerri,0,0.35455427,0.19282466
20.0,13.0,US0112,Sandra,1,0.65081507,0.3664096
20.0,13.0,US0197,Parvati,0,0.706463,0.39773944
20.0,13.0,US0300,Russell,0,0.13064556,0.07355359
20.0,14.0,US0031,Colby,0,0.000219295,0.00012747194
20.0,11.0,US0300,Russell,0,0.09748866,0.05619963
20.0,11.0,US0025,Jerri,0,0.35350856,0.20378833
20.0,11.0,US0031,Colby,0,0.0009371901,0.0005402653
20.0,11.0,US0107,Rupert,0,0.0014463031,0.0008337554
20.0,11.0,US0112,Sandra,1,0.50912887,0.29349932
20.0,11.0,US0181,Danielle,0,0.21183413,0.12211677
20.0,11.0,US0195,Candice,0,0.010723755,0.0061819605
20.0,11.0,US0197,Parvati,0,0.5488472,0.31639588
20.0,11.0,US0235,Amanda,0,0.0007703773,0.0004441021
20.0,12.0,US0195,Candice,0,0.0029755346,0.0016182472
20.0,7.0,US0236,Courtney,0,0.0014321948,0.0006755634
20.0,5.0,US0231,James,0,0.00064906914,0.00024303146
20.0,5.0,US0031,Colby,0,0.0008508668,0.00031859073
20.0,5.0,US0055,Boston Rob,0,0.0070210444,0.0026288952
20.0,5.0,US0107,Rupert,0,0.0007318862,0.0002740407
20.0,5.0,US0112,Sandra,1,0.87096655,0.32611668
20.0,5.0,US0150,Tom,0,0.00060766115,0.00022752704
20.0,5.0,US0181,Danielle,0,0.2981369,0.11163163
20.0,5.0,US0195,Candice,0,0.008583002,0.0032137402
20.0,5.0,US0197,Parvati,0,0.81009513,0.30332455
20.0,5.0,US0025,Jerri,0,0.43551826,0.16307144
20.0,5.0,US0235,Amanda,0,0.0017009921,0.0006369038
20.0,5.0,US0236,Courtney,0,0.0008311416,0.000311205
20.0,5.0,US0274,Tyson,0,0.003023208,0.0011319821
20.0,5.0,US0277,Coach,0,0.00012984249,4.8617025e-05
20.0,5.0,US0281,J.T.,0,0.0073504867,0.0027522484
20.0,5.0,US0300,Russell,0,0.22452445,0.084068865
20.0,6.0,US0025,Jerri,0,0.33224976,0.1585235
20.0,6.0,US0031,Colby,0,0.000669,0.00031919428
20.0,4.0,US0195,Candice,0,0.008135957,0.003064673
20.0,4.0,US0025,Jerri,0,0.39185542,0.14760509
20.0,4.0,US0031,Colby,0,0.0006789248,0.0002557391
20.0,4.0,US0055,Boston Rob,0,0.006743798,0.002540271
20.0,4.0,US0107,Rupert,0,0.0011521456,0.00043399312
20.0,4.0,US0112,Sandra,1,0.92458254,0.3482741
20.0,4.0,US0150,Tom,0,0.002194142,0.000826495
20.0,4.0,US0179,Cirie,0,0.00019227242,7.242566e-05
20.0,4.0,US0181,Danielle,0,0.3384362,0.12748301
20.0,6.0,US0055,Boston Rob,0,0.022565713,0.010766587
20.0,4.0,US0197,Parvati,0,0.7904835,0.29776132
20.0,4.0,US0231,James,0,0.000915384,0.00034480917
20.0,4.0,US0235,Amanda,0,0.0018063139,0.0006804069
20.0,4.0,US0236,Courtney,0,0.0010106475,0.00038069327
20.0,4.0,US0274,Tyson,0,0.002831296,0.0010664999
20.0,4.0,US0277,Coach,0,0.00016738662,6.3051615e-05
20.0,4.0,US0281,J.T.,0,0.008128241,0.0030617663
20.0,4.0,US0300,Russell,0,0.1754411,0.0660856
20.0,7.0,US0025,Jerri,0,0.38571337,0.18194021
20.0,6.0,US0195,Candice,0,0.013178775,0.006287877
20.0,6.0,US0197,Parvati,0,0.8026164,0.38294554
20.0,6.0,US0231,James,0,0.0002701941,0.00012891542
20.0,6.0,US0235,Amanda,0,0.0020294944,0.0009683154
20.0,6.0,US0236,Courtney,0,0.0011155907,0.0005322723
20.0,6.0,US0277,Coach,0,0.00029037282,0.00013854311
20.0,6.0,US0281,J.T.,0,0.0069233733,0.0033032903
20.0,6.0,US0300,Russell,0,0.09698633,0.046274263
20.0,6.0,US0181,Danielle,0,0.23540948,0.112318926
20.0,7.0,US0031,Colby,0,0.00080862554,0.00038142703
20.0,7.0,US0055,Boston Rob,0,0.0065919263,0.0031093983
20.0,7.0,US0107,Rupert,0,0.00089413545,0.00042176188
20.0,7.0,US0112,Sandra,1,0.61996895,0.2924381
20.0,7.0,US0181,Danielle,0,0.21011427,0.09911048
20.0,7.0,US0195,Candice,0,0.01222391,0.0057659936
20.0,7.0,US0197,Parvati,0,0.7851009,0.37033048
20.0,7.0,US0235,Amanda,0,0.002542685,0.0011993793
20.0,6.0,US0274,Tyson,0,0.0022405079,0.0010689945
20.0,6.0,US0107,Rupert,0,0.0006966193,0.00033237203
20.0,6.0,US0112,Sandra,1,0.57866055,0.2760914
20.0,3.0,US0300,Russell,0,0.17601512,0.065869845
20.0,1.0,US0231,James,0,0.00063612906,0.00023400303
20.0,1.0,US0107,Rupert,0,0.002394807,0.0008809409
20.0,1.0,US0112,Sandra,1,0.91128826,0.33522162
20.0,1.0,US0144,Stephenie,0,0.00230674,0.00084854505
20.0,1.0,US0150,Tom,0,0.0045623076,0.001678266
20.0,1.0,US0179,Cirie,0,0.00048881135,0.00017981153
20.0,1.0,US0181,Danielle,0,0.36496338,0.13425347
20.0,1.0,US0195,Candice,0,0.014982131,0.0055112466
20.0,1.0,US0197,Parvati,0,0.7423167,0.27306464
20.0,1.0,US0055,Boston Rob,0,0.007134739,0.0026245469
20.0,1.0,US0235,Amanda,0,0.0023755943,0.0008738734
20.0,1.0,US0236,Courtney,0,0.0012261325,0.00045103853
20.0,1.0,US0258,Randy,0,0.00078740815,0.00028965174
20.0,1.0,US0263,Sugar,0,0.00040794394,0.00015006406
20.0,1.0,US0274,Tyson,0,0.005570382,0.0020490908
20.0,1.0,US0277,Coach,0,0.00026794252,9.85639e-05
20.0,1.0,US0281,J.T.,0,0.013833907,0.005088867
20.0,1.0,US0300,Russell,0,0.2611972,0.096082605
20.0,2.0,US0025,Jerri,0,0.43846953,0.15785854
20.0,1.0,US0025,Jerri,0,0.37987727,0.13973962
20.0,1.0,US0031,Colby,0,0.0018472888,0.00067953375
20.0,3.0,US0195,Candice,0,0.010265385,0.0038415978
20.0,3.0,US0025,Jerri,0,0.37938112,0.14197516
20.0,3.0,US0031,Colby,0,0.0010057976,0.00037639798
20.0,3.0,US0055,Boston Rob,0,0.0059673022,0.0022331337
20.0,3.0,US0107,Rupert,0,0.0010103023,0.00037808376
20.0,3.0,US0112,Sandra,1,0.9300563,0.3480534
20.0,3.0,US0150,Tom,0,0.0022014042,0.0008238278
20.0,3.0,US0179,Cirie,0,0.00043081777,0.00016122422
20.0,3.0,US0181,Danielle,0,0.35840976,0.13412708
20.0,2.0,US0300,Russell,0,0.23073457,0.08306944
20.0,3.0,US0197,Parvati,0,0.7918362,0.29632753
20.0,3.0,US0231,James,0,0.00040778238,0.00015260372
20.0,3.0,US0235,Amanda,0,0.0016486313,0.00061696453
20.0,3.0,US0236,Courtney,0,0.0009547221,0.00035728407
20.0,3.0,US0258,Randy,0,0.0005303786,0.0001984827
20.0,3.0,US0274,Tyson,0,0.0023652236,0.0008851337
20.0,3.0,US0277,Coach,0,0.0001350811,5.0551178e-05
20.0,3.0,US0281,J.T.,0,0.009544012,0.0035716398
20.0,2.0,US0195,Candice,0,0.018362924,0.006611051
20.0,2.0,US0031,Colby,0,0.0017348273,0.0006245754
20.0,2.0,US0055,Boston Rob,0,0.0072441916,0.002608066
20.0,2.0,US0107,Rupert,0,0.002496912,0.0008989424
20.0,2.0,US0112,Sandra,1,0.89764726,0.32317248
20.0,2.0,US0144,Stephenie,0,0.00048504715,0.00017462748
20.0,2.0,US0150,Tom,0,0.0038741282,0.0013947701
20.0,2.0,US0179,Cirie,0,0.0007837102,0.00028215267
20.0,2.0,US0181,Danielle,0,0.39748365,0.14310274
20.0,2.0,US0197,Parvati,0,0.7564923,0.27235362
20.0,2.0,US0231,James,0,0.00055156683,0.00019857602
20.0,2.0,US0235,Amanda,0,0.0022226665,0.00080020813
20.0,2.0,US0236,Courtney,0,0.0010142617,0.00036515621
20.0,2.0,US0258,Randy,0,0.0005815504,0.00020937076
20.0,2.0,US0274,Tyson,0,0.0048799566,0.0017568901
20.0,2.0,US0277,Coach,0,0.00013884647,4.998774e-05
20.0,2.0,US0281,J.T.,0,0.012412646,0.0044688215
21.0,9.0,US0316,Jane,0,0.007522612,0.008532423
21.0,8.0,US0318,Holly,0,0.24480821,0.27762604
21.0,8.0,US0319,Sash,0,0.04353913,0.049375776
21.0,8.0,US0320,Chase,0,0.025584107,0.02901379
21.0,8.0,US0321,Fabio,1,0.07855802,0.08908913
21.0,9.0,US0311,Marty,0,0.0032012158,0.0036309364
21.0,9.0,US0312,Brenda,0,0.013960751,0.015834795
21.0,9.0,US0313,NaOnka,0,0.45665345,0.5179531
21.0,9.0,US0314,Purple Kelly,0,0.0070732497,0.00802274
21.0,9.0,US0315,Benry,0,0.0032354125,0.0036697236
21.0,8.0,US0317,Dan,0,0.019419095,0.022022326
21.0,9.0,US0317,Dan,0,0.0239572,0.027173135
21.0,9.0,US0318,Holly,0,0.15699817,0.17807308
21.0,9.0,US0319,Sash,0,0.04077291,0.04624613
21.0,9.0,US0320,Chase,0,0.023361824,0.026497837
21.0,9.0,US0321,Fabio,1,0.14491345,0.16436616
21.0,10.0,US0312,Brenda,0,0.002433458,0.0023599984
21.0,10.0,US0313,NaOnka,0,0.43696037,0.4237697
21.0,10.0,US0314,Purple Kelly,0,0.007209471,0.0069918362
21.0,7.0,US0320,Chase,0,0.037327502,0.03149469
21.0,7.0,US0312,Brenda,0,0.00646587,0.00545551
21.0,7.0,US0313,NaOnka,0,0.5055146,0.42652267
21.0,7.0,US0314,Purple Kelly,0,0.005234202,0.0044163032
21.0,7.0,US0315,Benry,0,0.005582797,0.0047104266
21.0,7.0,US0316,Jane,0,0.009079544,0.0076607703
21.0,7.0,US0317,Dan,0,0.021333333,0.017999778
21.0,7.0,US0318,Holly,0,0.36215743,0.30556655
21.0,7.0,US0319,Sash,0,0.051652465,0.04358123
21.0,10.0,US0315,Benry,0,0.004385117,0.004252742
21.0,7.0,US0321,Fabio,1,0.16816506,0.14188752
21.0,8.0,US0310,Alina,0,0.00025994022,0.00029478656
21.0,8.0,US0311,Marty,0,0.0082473615,0.009352963
21.0,8.0,US0312,Brenda,0,0.008043473,0.009121742
21.0,8.0,US0313,NaOnka,0,0.43528476,0.49363694
21.0,8.0,US0314,Purple Kelly,0,0.007569528,0.008584263
21.0,8.0,US0315,Benry,0,0.0030631651,0.0034737983
21.0,8.0,US0316,Jane,0,0.007414488,0.008408438
21.0,13.0,US0318,Holly,0,0.36889043,0.5657462
21.0,12.0,US0317,Dan,0,0.022600254,0.021038476
21.0,12.0,US0318,Holly,0,0.35456967,0.33006734
21.0,12.0,US0319,Sash,0,0.040875066,0.038050417
21.0,12.0,US0320,Chase,0,0.041940063,0.039041817
21.0,12.0,US0321,Fabio,1,0.15356657,0.14295444
21.0,13.0,US0315,Benry,0,0.0025350691,0.0038878908
21.0,13.0,US0316,Jane,0,0.012313955,0.01888521
21.0,13.0,US0317,Dan,0,0.019154051,0.029375475
21.0,12.0,US0316,Jane,0,0.012589162,0.011719195
21.0,13.0,US0319,Sash,0,0.053809486,0.08252454
21.0,13.0,US0320,Chase,0,0.0335052,0.051385015
21.0,13.0,US0321,Fabio,1,0.1618341,0.24819572
21.0,14.0,US0316,Jane,0,0.002587508,0.0037527366
21.0,14.0,US0317,Dan,0,0.020414164,0.029607244
21.0,14.0,US0318,Holly,0,0.3569855,0.51774627
21.0,14.0,US0319,Sash,0,0.047263034,0.06854693
21.0,14.0,US0320,Chase,0,0.051879264,0.075241975
21.0,12.0,US0315,Benry,0,0.0041668476,0.0038788998
21.0,10.0,US0316,Jane,0,0.010977511,0.010646129
21.0,10.0,US0317,Dan,0,0.022665206,0.021981005
21.0,10.0,US0318,Holly,0,0.3202721,0.31060392
21.0,10.0,US0319,Sash,0,0.040646408,0.0394194
21.0,10.0,US0320,Chase,0,0.0352343,0.03417067
21.0,10.0,US0321,Fabio,1,0.1503431,0.14580464
21.0,12.0,US0313,NaOnka,0,0.4373067,0.40708688
21.0,12.0,US0314,Purple Kelly,0,0.0066200066,0.006162535
21.0,7.0,US0311,Marty,0,0.010940098,0.009230593
21.0,5.0,US0308,Yve,0,0.00027412284,0.00031379386
21.0,4.0,US0316,Jane,0,0.010156395,0.011979574
21.0,4.0,US0317,Dan,0,0.02826701,0.033341233
21.0,4.0,US0318,Holly,0,0.15524814,0.18311681
21.0,4.0,US0319,Sash,0,0.050742857,0.059851732
21.0,4.0,US0320,Chase,0,0.062893875,0.074183986
21.0,4.0,US0321,Fabio,1,0.1577199,0.18603228
21.0,5.0,US0306,Tyrone,0,0.001852943,0.0021211007
21.0,5.0,US0307,Kelly B.,0,0.0020149394,0.0023065412
21.0,4.0,US0315,Benry,0,0.0044150613,0.0052076112
21.0,5.0,US0309,Jill,0,0.0035091215,0.004016961
21.0,5.0,US0310,Alina,0,0.0008432628,0.0009652997
21.0,5.0,US0311,Marty,0,0.0075446875,0.008636554
21.0,5.0,US0312,Brenda,0,0.004902118,0.005611552
21.0,5.0,US0313,NaOnka,0,0.34133297,0.39073065
21.0,5.0,US0314,Purple Kelly,0,0.0035024532,0.004009328
21.0,5.0,US0315,Benry,0,0.005085786,0.0058218003
21.0,5.0,US0316,Jane,0,0.009772739,0.011187049
21.0,4.0,US0306,Tyrone,0,0.004867482,0.005741246
21.0,3.0,US0315,Benry,0,0.004613972,0.004252822
21.0,3.0,US0316,Jane,0,0.011770469,0.010849158
21.0,3.0,US0317,Dan,0,0.029064775,0.026789784
21.0,3.0,US0318,Holly,0,0.24179164,0.22286585
21.0,3.0,US0319,Sash,0,0.056957006,0.052498806
21.0,3.0,US0320,Chase,0,0.047988374,0.044232175
21.0,3.0,US0321,Fabio,1,0.17088717,0.15751131
21.0,4.0,US0305,Jimmy T.,0,0.0010645097,0.0012556005
21.0,5.0,US0317,Dan,0,0.024166852,0.027664276
21.0,4.0,US0307,Kelly B.,0,0.0017717091,0.0020897496
21.0,4.0,US0308,Yve,0,0.00029804456,0.00035154668
21.0,4.0,US0309,Jill,0,0.003755949,0.0044301813
21.0,4.0,US0310,Alina,0,0.0008531892,0.0010063456
21.0,4.0,US0311,Marty,0,0.0083623715,0.009863505
21.0,4.0,US0312,Brenda,0,0.0047022314,0.0055463314
21.0,4.0,US0313,NaOnka,0,0.3493991,0.4121199
21.0,4.0,US0314,Purple Kelly,0,0.0032914944,0.0038823523
21.0,6.0,US0315,Benry,0,0.003992168,0.0038366017
21.0,6.0,US0321,Fabio,1,0.15913281,0.15293173
21.0,6.0,US0308,Yve,0,0.00013039414,0.00012531296
21.0,6.0,US0309,Jill,0,0.0018540906,0.0017818406
21.0,6.0,US0310,Alina,0,0.00072150707,0.0006933914
21.0,6.0,US0311,Marty,0,0.010862206,0.010438928
21.0,6.0,US0312,Brenda,0,0.008194019,0.007874715
21.0,6.0,US0313,NaOnka,0,0.4052312,0.3894402
21.0,6.0,US0314,Purple Kelly,0,0.0054511693,0.0052387486
21.0,6.0,US0320,Chase,0,0.038927667,0.037410736
21.0,6.0,US0316,Jane,0,0.008437537,0.0081087435
21.0,6.0,US0317,Dan,0,0.02545925,0.024467157
21.0,6.0,US0318,Holly,0,0.3201105,0.30763647
21.0,6.0,US0319,Sash,0,0.051281013,0.0492827
21.0,7.0,US0309,Jill,0,0.001111942,0.00093818945
21.0,7.0,US0310,Alina,0,0.000634957,0.0005357383
21.0,5.0,US0318,Holly,0,0.2720036,0.31136793
21.0,5.0,US0319,Sash,0,0.04341429,0.0496972
21.0,5.0,US0320,Chase,0,0.024589231,0.028147781
21.0,5.0,US0321,Fabio,1,0.12876706,0.14740221
21.0,6.0,US0307,Kelly B.,0,0.00076242536,0.00073271524
21.0,14.0,US0321,Fabio,1,0.2103695,0.30510488
21.0,15.0,US0321,Fabio,1,0.37954202,0.67557377
21.0,15.0,US0317,Dan,0,0.0051787104,0.009217954
21.0,15.0,US0318,Holly,0,0.037666842,0.06704588
21.0,15.0,US0319,Sash,0,0.072627164,0.12927425
21.0,15.0,US0320,Chase,0,0.066792145,0.11888808
21.0,3.0,US0314,Purple Kelly,0,0.0032000928,0.0029496117
21.0,1.0,US0306,Tyrone,0,0.01858204,0.01649978
21.0,1.0,US0302,Wendy,0,0.0009363859,0.0008314567
21.0,1.0,US0303,Shannon,0,0.0030673628,0.0027236412
21.0,1.0,US0304,Jimmy J.,0,0.038973063,0.034605835
21.0,1.0,US0305,Jimmy T.,0,0.005045958,0.00448052
21.0,1.0,US0307,Kelly B.,0,0.0019053837,0.0016918709
21.0,1.0,US0308,Yve,0,0.000917584,0.0008147617
21.0,1.0,US0309,Jill,0,0.014148648,0.012563184
21.0,1.0,US0310,Alina,0,0.0009524576,0.00084572745
21.0,1.0,US0311,Marty,0,0.013535778,0.012018991
21.0,1.0,US0312,Brenda,0,0.0049810265,0.0044228644
21.0,1.0,US0313,NaOnka,0,0.3817147,0.33894065
21.0,1.0,US0314,Purple Kelly,0,0.003916237,0.0034773927
21.0,1.0,US0315,Benry,0,0.004347793,0.0038605893
21.0,3.0,US0305,Jimmy T.,0,0.0036732,0.0033856872
21.0,2.0,US0315,Benry,0,0.004613201,0.0034157662
21.0,2.0,US0316,Jane,0,0.00914844,0.0067738066
21.0,2.0,US0317,Dan,0,0.0243756,0.018048499
21.0,2.0,US0318,Holly,0,0.27236572,0.20166856
21.0,2.0,US0319,Sash,0,0.07686088,0.056910332
21.0,2.0,US0320,Chase,0,0.07365273,0.05453491
21.0,2.0,US0321,Fabio,1,0.18009426,0.13334772
21.0,3.0,US0304,Jimmy J.,0,0.016850222,0.015531303
21.0,2.0,US0314,Purple Kelly,0,0.0033078461,0.0024492384
21.0,3.0,US0306,Tyrone,0,0.0050452896,0.004650379
21.0,3.0,US0307,Kelly B.,0,0.0023630564,0.0021780927
21.0,3.0,US0308,Yve,0,0.00030170224,0.00027808707
21.0,3.0,US0309,Jill,0,0.0029653667,0.0027332583
21.0,3.0,US0310,Alina,0,0.00086382957,0.00079621497
21.0,3.0,US0311,Marty,0,0.008442313,0.0077815074
21.0,3.0,US0312,Brenda,0,0.005164364,0.004760133
21.0,3.0,US0313,NaOnka,0,0.4729772,0.4359558
21.0,2.0,US0305,Jimmy T.,0,0.003008242,0.0022274016
21.0,1.0,US0316,Jane,0,0.0118650785,0.010535506
21.0,1.0,US0317,Dan,0,0.023246132,0.020641224
21.0,1.0,US0318,Holly,0,0.24645151,0.21883473
21.0,1.0,US0319,Sash,0,0.07149567,0.06348403
21.0,1.0,US0320,Chase,0,0.052370287,0.046501797
21.0,1.0,US0321,Fabio,1,0.22774608,0.20222539
21.0,2.0,US0303,Shannon,0,0.0004116083,0.00030476836
21.0,2.0,US0304,Jimmy J.,0,0.03034494,0.022468396
21.0,2.0,US0306,Tyrone,0,0.0043643606,0.0032315166
21.0,2.0,US0307,Kelly B.,0,0.0024924527,0.0018454941
21.0,2.0,US0308,Yve,0,0.0003860649,0.00028585517
21.0,2.0,US0309,Jill,0,0.0027012392,0.0020000865
21.0,2.0,US0310,Alina,0,0.0010634501,0.00078741356
21.0,2.0,US0311,Marty,0,0.007797488,0.0057735173
21.0,2.0,US0312,Brenda,0,0.0048676943,0.0036042014
21.0,2.0,US0313,NaOnka,0,0.6487049,0.48032248
22.0,3.0,US0332,Steve,0,0.005473922,0.015440865
22.0,3.0,US0300,Russell,0,0.0004963176,0.001400015
22.0,3.0,US0324,Kristina,0,0.00047459477,0.0013387392
22.0,3.0,US0325,Krista,0,0.0010631675,0.002998988
22.0,3.0,US0326,Stephanie,0,0.00079799164,0.0022509787
22.0,3.0,US0327,Sarita,0,0.0038327621,0.010811474
22.0,3.0,US0328,Mike,0,0.0025650677,0.0072355554
22.0,3.0,US0329,David,0,0.0024175053,0.0068193106
22.0,3.0,US0330,Julie,0,0.0026022927,0.0073405597
22.0,3.0,US0331,Ralph,0,0.0038203276,0.010776399
22.0,3.0,US0055,Boston Rob,1,0.038850017,0.10958831
22.0,3.0,US0333,Andrea,0,0.006637443,0.01872293
22.0,3.0,US0334,Grant,0,0.0019276657,0.0054375688
22.0,3.0,US0335,Ashley,0,0.058932494,0.16623706
22.0,3.0,US0336,Natalie,0,0.20591673,0.5808509
22.0,3.0,US0337,Phillip,0,0.018700443,0.0527503
22.0,4.0,US0055,Boston Rob,1,0.050060116,0.10611997
22.0,4.0,US0324,Kristina,0,0.0002504259,0.0005308655
22.0,4.0,US0325,Krista,0,0.0009907694,0.002100283
22.0,2.0,US0329,David,0,0.001335811,0.0028529295
22.0,2.0,US0055,Boston Rob,1,0.040799513,0.087136686
22.0,2.0,US0300,Russell,0,0.0009231776,0.0019716567
22.0,2.0,US0323,Matt,0,0.002986189,0.0063776886
22.0,2.0,US0324,Kristina,0,0.000560997,0.0011981373
22.0,2.0,US0325,Krista,0,0.00084629597,0.0018074583
22.0,2.0,US0326,Stephanie,0,0.0007412007,0.0015830034
22.0,2.0,US0327,Sarita,0,0.0022401933,0.004784445
22.0,2.0,US0328,Mike,0,0.0016891082,0.0036074764
22.0,4.0,US0326,Stephanie,0,0.0007979966,0.0016916336
22.0,2.0,US0330,Julie,0,0.0017292374,0.0036931816
22.0,2.0,US0331,Ralph,0,0.002065769,0.0044119214
22.0,2.0,US0332,Steve,0,0.002848189,0.0060829585
22.0,2.0,US0333,Andrea,0,0.018702729,0.03994395
22.0,2.0,US0334,Grant,0,0.013565919,0.02897312
22.0,2.0,US0335,Ashley,0,0.06574455,0.14041251
22.0,2.0,US0336,Natalie,0,0.27590227,0.58925235
22.0,2.0,US0337,Phillip,0,0.035543162,0.075910546
22.0,6.0,US0326,Stephanie,0,0.0005241847,0.0013167749
22.0,5.0,US0331,Ralph,0,0.0035959578,0.009643319
22.0,5.0,US0332,Steve,0,0.00561664,0.015062205
22.0,5.0,US0333,Andrea,0,0.0059709777,0.016012436
22.0,5.0,US0334,Grant,0,0.0024338216,0.0065268055
22.0,5.0,US0335,Ashley,0,0.10869843,0.29149774
22.0,5.0,US0336,Natalie,0,0.16593818,0.44499823
22.0,5.0,US0337,Phillip,0,0.014227835,0.03815494
22.0,6.0,US0055,Boston Rob,1,0.06698114,0.16825953
22.0,5.0,US0330,Julie,0,0.0027764828,0.007445724
22.0,6.0,US0327,Sarita,0,0.0041511334,0.010427828
22.0,6.0,US0328,Mike,0,0.001768239,0.0044418937
22.0,6.0,US0329,David,0,0.0016496998,0.0041441177
22.0,6.0,US0330,Julie,0,0.003069551,0.007710846
22.0,6.0,US0331,Ralph,0,0.0028708677,0.007211745
22.0,6.0,US0332,Steve,0,0.004635822,0.011645387
22.0,6.0,US0333,Andrea,0,0.007406894,0.018606441
22.0,6.0,US0334,Grant,0,0.00264641,0.006647897
22.0,4.0,US0335,Ashley,0,0.09024331,0.19130234
22.0,4.0,US0327,Sarita,0,0.003765655,0.007982627
22.0,4.0,US0328,Mike,0,0.0024103594,0.005109602
22.0,4.0,US0329,David,0,0.0024869437,0.0052719493
22.0,4.0,US0330,Julie,0,0.0024102519,0.005109374
22.0,4.0,US0331,Ralph,0,0.0036002195,0.0076319277
22.0,4.0,US0332,Steve,0,0.0064493855,0.013671734
22.0,4.0,US0333,Andrea,0,0.008376408,0.017756736
22.0,4.0,US0334,Grant,0,0.0029717193,0.006299601
22.0,1.0,US0337,Phillip,0,0.0118998345,0.01687609
22.0,4.0,US0336,Natalie,0,0.28206772,0.59794146
22.0,4.0,US0337,Phillip,0,0.014850054,0.0314799
22.0,5.0,US0055,Boston Rob,1,0.05348597,0.14343391
22.0,5.0,US0325,Krista,0,0.0004508948,0.0012091694
22.0,5.0,US0326,Stephanie,0,0.000863004,0.0023143273
22.0,5.0,US0327,Sarita,0,0.0041176616,0.011042378
22.0,5.0,US0328,Mike,0,0.0020938076,0.005614986
22.0,5.0,US0329,David,0,0.0026266263,0.007043852
22.0,1.0,US0328,Mike,0,0.0019311226,0.0027386767
22.0,1.0,US0055,Boston Rob,1,0.13816853,0.19594765
22.0,1.0,US0300,Russell,0,0.0010468743,0.0014846547
22.0,1.0,US0322,Francesca,0,0.007111688,0.010085644
22.0,1.0,US0323,Matt,0,0.010354749,0.014684883
22.0,1.0,US0324,Kristina,0,0.00045341538,0.000643024
22.0,1.0,US0325,Krista,0,0.0009057887,0.0012845701
22.0,1.0,US0326,Stephanie,0,0.0011438031,0.0016221171
22.0,1.0,US0327,Sarita,0,0.002397439,0.0033999966
22.0,1.0,US0329,David,0,0.0012961988,0.0018382415
22.0,1.0,US0330,Julie,0,0.001850684,0.0026246004
22.0,1.0,US0331,Ralph,0,0.0023333405,0.0033090936
22.0,1.0,US0332,Steve,0,0.0030479813,0.004322582
22.0,1.0,US0333,Andrea,0,0.021189583,0.030050615
22.0,1.0,US0334,Grant,0,0.018798295,0.02665934
22.0,1.0,US0335,Ashley,0,0.10262057,0.1455343
22.0,1.0,US0336,Natalie,0,0.3785799,0.53689396
22.0,6.0,US0335,Ashley,0,0.11909257,0.29916573
22.0,14.0,US0055,Boston Rob,1,0.1313454,0.23880357
22.0,14.0,US0335,Ashley,0,0.025927138,0.04713901
22.0,14.0,US0336,Natalie,0,0.37680498,0.68508196
22.0,14.0,US0337,Phillip,0,0.015936896,0.028975414
22.0,13.0,US0337,Phillip,0,0.010535979,0.021930743
22.0,12.0,US0334,Grant,0,0.002274407,0.0048854738
22.0,12.0,US0335,Ashley,0,0.11474856,0.2464823
22.0,12.0,US0336,Natalie,0,0.24513201,0.5265487
22.0,12.0,US0337,Phillip,0,0.013305677,0.028580872
22.0,13.0,US0055,Boston Rob,1,0.06945409,0.14456937
22.0,13.0,US0334,Grant,0,0.001240266,0.002581626
22.0,13.0,US0335,Ashley,0,0.11956684,0.24887957
22.0,13.0,US0336,Natalie,0,0.27962333,0.5820387
22.0,12.0,US0333,Andrea,0,0.003427556,0.007362462
22.0,9.0,US0328,Mike,0,0.0010341292,0.0029871848
22.0,8.0,US0331,Ralph,0,0.0027506328,0.0067147543
22.0,8.0,US0332,Steve,0,0.0054743346,0.013363766
22.0,8.0,US0333,Andrea,0,0.005374054,0.013118964
22.0,8.0,US0334,Grant,0,0.002038756,0.0049769436
22.0,8.0,US0335,Ashley,0,0.088976964,0.21720764
22.0,8.0,US0336,Natalie,0,0.2117664,0.51695716
22.0,8.0,US0337,Phillip,0,0.014888638,0.036345653
22.0,9.0,US0055,Boston Rob,1,0.057635866,0.16648692
22.0,8.0,US0330,Julie,0,0.0031426435,0.0076717176
22.0,9.0,US0329,David,0,0.00096766243,0.0027951892
22.0,9.0,US0330,Julie,0,0.0028526143,0.00824006
22.0,9.0,US0331,Ralph,0,0.0026520023,0.007660572
22.0,9.0,US0332,Steve,0,0.004658357,0.013456127
22.0,9.0,US0333,Andrea,0,0.005926584,0.017119527
22.0,9.0,US0334,Grant,0,0.0021753283,0.006283652
22.0,9.0,US0335,Ashley,0,0.082651995,0.23874849
22.0,9.0,US0336,Natalie,0,0.16992867,0.49085584
22.0,7.0,US0332,Steve,0,0.004271736,0.010977915
22.0,6.0,US0336,Natalie,0,0.1661092,0.41727358
22.0,6.0,US0337,Phillip,0,0.017176531,0.043148197
22.0,7.0,US0055,Boston Rob,1,0.06866413,0.17645964
22.0,7.0,US0327,Sarita,0,0.001555393,0.0039971974
22.0,7.0,US0328,Mike,0,0.0015696416,0.0040338147
22.0,7.0,US0329,David,0,0.0017447583,0.0044838465
22.0,7.0,US0330,Julie,0,0.0029760029,0.007648016
22.0,7.0,US0331,Ralph,0,0.0024153166,0.006207111
22.0,9.0,US0337,Phillip,0,0.015705353,0.04536647
22.0,7.0,US0333,Andrea,0,0.0076915594,0.019766502
22.0,7.0,US0334,Grant,0,0.0027057736,0.0069535547
22.0,7.0,US0335,Ashley,0,0.1131829,0.29086822
22.0,7.0,US0336,Natalie,0,0.16704853,0.42929724
22.0,7.0,US0337,Phillip,0,0.0152951535,0.039306942
22.0,8.0,US0055,Boston Rob,1,0.07104921,0.173443
22.0,8.0,US0328,Mike,0,0.0025280481,0.0061713876
22.0,8.0,US0329,David,0,0.0016504508,0.004029026
22.0,11.0,US0337,Phillip,0,0.013138064,0.037227213
22.0,10.0,US0337,Phillip,0,0.013900967,0.033276416
22.0,11.0,US0055,Boston Rob,1,0.10238286,0.29010582
22.0,11.0,US0331,Ralph,0,0.0014116511,0.003999968
22.0,11.0,US0332,Steve,0,0.0026797913,0.0075932927
22.0,11.0,US0333,Andrea,0,0.009348363,0.026488949
22.0,11.0,US0334,Grant,0,0.0027281411,0.0077302936
22.0,11.0,US0335,Ashley,0,0.09526933,0.26994935
22.0,11.0,US0336,Natalie,0,0.1259574,0.3569052
22.0,10.0,US0336,Natalie,0,0.1440074,0.3447278
22.0,12.0,US0055,Boston Rob,1,0.084089205,0.18062536
22.0,12.0,US0332,Steve,0,0.0025673977,0.005514824
22.0,10.0,US0055,Boston Rob,1,0.13465497,0.3223398
22.0,10.0,US0330,Julie,0,0.0016301963,0.0039023971
22.0,10.0,US0331,Ralph,0,0.0023049454,0.005517625
22.0,10.0,US0332,Steve,0,0.005659063,0.013546779
22.0,10.0,US0333,Andrea,0,0.008626303,0.020649819
22.0,10.0,US0334,Grant,0,0.0018938242,0.004533475
22.0,10.0,US0335,Ashley,0,0.10506464,0.25150585
23.0,12.0,US0351,Rick,0,0.008742723,0.0073012435
23.0,10.0,US0350,Brandon,0,0.14446402,0.12125123
23.0,10.0,US0351,Rick,0,0.0061189234,0.005135722
23.0,10.0,US0352,Albert,0,0.040927805,0.03435144
23.0,10.0,US0353,Sophie,1,0.7622321,0.6397551
23.0,12.0,US0277,Coach,0,0.23185427,0.19362669
23.0,12.0,US0348,Cochran,0,0.0012654526,0.0010568078
23.0,12.0,US0349,Edna,0,0.0051161195,0.0042725857
23.0,12.0,US0350,Brandon,0,0.1398077,0.116756536
23.0,10.0,US0349,Edna,0,0.0033913928,0.0028464566
23.0,12.0,US0352,Albert,0,0.029331965,0.02449578
23.0,12.0,US0353,Sophie,1,0.7813111,0.6524904
23.0,13.0,US0277,Coach,0,0.325006,0.24538532
23.0,13.0,US0349,Edna,0,0.0018945896,0.001430449
23.0,13.0,US0350,Brandon,0,0.19993713,0.1509561
23.0,13.0,US0351,Rick,0,0.008847334,0.006679895
23.0,13.0,US0352,Albert,0,0.02910148,0.021972135
23.0,13.0,US0353,Sophie,1,0.7596855,0.5735761
23.0,10.0,US0348,Cochran,0,0.0058995136,0.0049515674
23.0,9.0,US0349,Edna,0,0.004452552,0.0036731535
23.0,9.0,US0350,Brandon,0,0.14217035,0.11728409
23.0,9.0,US0351,Rick,0,0.0072166175,0.005953382
23.0,9.0,US0352,Albert,0,0.038821086,0.032025635
23.0,9.0,US0353,Sophie,1,0.7815237,0.64472157
23.0,10.0,US0277,Coach,0,0.22812206,0.19146693
23.0,10.0,US0346,Dawn,0,0.00012908354,0.00010834212
23.0,10.0,US0347,Whitney,0,0.00015881572,0.00013329687
23.0,14.0,US0277,Coach,0,0.32341498,0.2714463
23.0,15.0,US0353,Sophie,1,0.8614217,0.64303446
23.0,15.0,US0201,Ozzy,0,0.00019066768,0.00014232969
23.0,14.0,US0350,Brandon,0,0.008645221,0.007256043
23.0,14.0,US0351,Rick,0,0.006492633,0.005449349
23.0,14.0,US0352,Albert,0,0.061025187,0.051219214
23.0,14.0,US0353,Sophie,1,0.7918731,0.66462916
23.0,15.0,US0277,Coach,0,0.38784033,0.2895152
23.0,15.0,US0351,Rick,0,0.0038900343,0.0029038345
23.0,15.0,US0352,Albert,0,0.08627715,0.064404204
23.0,9.0,US0348,Cochran,0,0.005197582,0.004287769
23.0,6.0,US0347,Whitney,0,0.00029340165,0.0002034365
23.0,5.0,US0352,Albert,0,0.032597058,0.022317948
23.0,5.0,US0353,Sophie,1,0.8712297,0.59649736
23.0,6.0,US0201,Ozzy,0,0.0007400397,0.0005131228
23.0,6.0,US0277,Coach,0,0.22368571,0.15509742
23.0,6.0,US0343,Mikayla,0,0.00019112747,0.00013252246
23.0,6.0,US0344,Keith,0,0.00027338654,0.00018955859
23.0,6.0,US0345,Jim,0,0.0009291955,0.0006442782
23.0,6.0,US0346,Dawn,0,0.00014791814,0.000102562306
23.0,5.0,US0351,Rick,0,0.0067623327,0.004629908
23.0,6.0,US0348,Cochran,0,0.0051868726,0.0035964325
23.0,6.0,US0349,Edna,0,0.004964586,0.0034423051
23.0,6.0,US0350,Brandon,0,0.27262345,0.18902948
23.0,6.0,US0351,Rick,0,0.010193031,0.007067563
23.0,6.0,US0352,Albert,0,0.050165296,0.034783214
23.0,6.0,US0353,Sophie,1,0.87283313,0.6051981
23.0,7.0,US0201,Ozzy,0,0.00026431342,0.000183052
23.0,7.0,US0277,Coach,0,0.23586148,0.16334742
23.0,5.0,US0342,Elyse,0,0.00055497483,0.00037996986
23.0,4.0,US0348,Cochran,0,0.005870401,0.004116535
23.0,4.0,US0349,Edna,0,0.0047092307,0.003302281
23.0,4.0,US0350,Brandon,0,0.39076632,0.27401933
23.0,4.0,US0351,Rick,0,0.008659756,0.0060725305
23.0,4.0,US0352,Albert,0,0.03444152,0.024151625
23.0,4.0,US0353,Sophie,1,0.8075393,0.5662754
23.0,5.0,US0201,Ozzy,0,0.0007090069,0.0004854297
23.0,5.0,US0277,Coach,0,0.23460357,0.16062401
23.0,7.0,US0344,Keith,0,0.00028242718,0.00019559682
23.0,5.0,US0343,Mikayla,0,0.0005190997,0.00035540754
23.0,5.0,US0344,Keith,0,0.00031428694,0.00021518015
23.0,5.0,US0345,Jim,0,0.0010734209,0.00073492987
23.0,5.0,US0346,Dawn,0,0.00016947732,0.000116034586
23.0,5.0,US0347,Whitney,0,0.0002794469,0.0001913265
23.0,5.0,US0348,Cochran,0,0.005713942,0.0039121155
23.0,5.0,US0349,Edna,0,0.0049386625,0.0033813117
23.0,5.0,US0350,Brandon,0,0.30111095,0.20615906
23.0,8.0,US0352,Albert,0,0.028781515,0.022877757
23.0,8.0,US0353,Sophie,1,0.8225547,0.65382963
23.0,9.0,US0201,Ozzy,0,0.0005849779,0.00048258025
23.0,9.0,US0277,Coach,0,0.231263,0.19078147
23.0,9.0,US0345,Jim,0,0.00046452333,0.00038321066
23.0,9.0,US0346,Dawn,0,0.0002468108,0.00020360772
23.0,9.0,US0347,Whitney,0,0.00024668872,0.000203507
23.0,8.0,US0351,Rick,0,0.0077530676,0.0061627333
23.0,7.0,US0353,Sophie,1,0.8575393,0.59389454
23.0,7.0,US0345,Jim,0,0.001135443,0.00078635855
23.0,7.0,US0346,Dawn,0,0.000117451804,8.134203e-05
23.0,7.0,US0347,Whitney,0,0.00024037824,0.00016647554
23.0,7.0,US0348,Cochran,0,0.0049937074,0.0034584252
23.0,7.0,US0349,Edna,0,0.0032691876,0.0022640976
23.0,7.0,US0350,Brandon,0,0.29678705,0.20554183
23.0,7.0,US0351,Rick,0,0.007862358,0.0054451283
23.0,7.0,US0352,Albert,0,0.03557215,0.024635727
23.0,4.0,US0347,Whitney,0,0.00052263093,0.0003664875
23.0,8.0,US0277,Coach,0,0.23254663,0.18484591
23.0,8.0,US0344,Keith,0,0.00015520256,0.00012336692
23.0,8.0,US0345,Jim,0,0.00086399843,0.0006867723
23.0,8.0,US0346,Dawn,0,0.0002350269,0.00018681743
23.0,8.0,US0347,Whitney,0,0.0002693127,0.00021407042
23.0,8.0,US0348,Cochran,0,0.006871323,0.0054618553
23.0,8.0,US0349,Edna,0,0.004515926,0.0035896045
23.0,8.0,US0350,Brandon,0,0.15350994,0.12202149
23.0,1.0,US0350,Brandon,0,0.5815647,0.33683228
23.0,1.0,US0342,Elyse,0,0.001944756,0.0011263692
23.0,1.0,US0343,Mikayla,0,0.0003255736,0.00018856663
23.0,1.0,US0344,Keith,0,0.0015202573,0.0008805069
23.0,1.0,US0345,Jim,0,0.0019187917,0.0011113312
23.0,1.0,US0346,Dawn,0,0.00018299087,0.000105985164
23.0,1.0,US0347,Whitney,0,0.00091586466,0.00053045305
23.0,1.0,US0348,Cochran,0,0.009087343,0.0052632326
23.0,1.0,US0349,Edna,0,0.0023318212,0.0013505508
23.0,1.0,US0341,Stacey,0,0.0009773183,0.0005660459
23.0,1.0,US0351,Rick,0,0.016869832,0.009770717
23.0,1.0,US0352,Albert,0,0.040861595,0.023666333
23.0,1.0,US0353,Sophie,1,0.8431387,0.48833144
23.0,2.0,US0201,Ozzy,0,0.0010703151,0.0006455987
23.0,2.0,US0277,Coach,0,0.2651808,0.15995324
23.0,2.0,US0339,Christine,0,0.00016537469,9.975163e-05
23.0,2.0,US0340,Papa Bear,0,0.00057601085,0.00034744147
23.0,2.0,US0341,Stacey,0,0.0013119065,0.00079132314
23.0,2.0,US0342,Elyse,0,0.0014413409,0.0008693961
23.0,1.0,US0201,Ozzy,0,0.000768167,0.00044490912
23.0,1.0,US0277,Coach,0,0.22235483,0.12878409
23.0,1.0,US0338,Semhar,0,0.00038644508,0.00022382235
23.0,1.0,US0339,Christine,0,0.00032379807,0.00018753827
23.0,1.0,US0340,Papa Bear,0,0.0010978502,0.00063585595
23.0,3.0,US0353,Sophie,1,0.85022604,0.5413725
23.0,3.0,US0345,Jim,0,0.00083176116,0.00052961515
23.0,3.0,US0346,Dawn,0,0.00016485844,0.00010497188
23.0,3.0,US0347,Whitney,0,0.0005252483,0.00033444632
23.0,3.0,US0348,Cochran,0,0.007226104,0.0046011456
23.0,3.0,US0349,Edna,0,0.0037882242,0.0024121117
23.0,3.0,US0350,Brandon,0,0.4398651,0.28007948
23.0,3.0,US0351,Rick,0,0.012361358,0.007870965
23.0,3.0,US0352,Albert,0,0.029080827,0.01851691
23.0,3.0,US0344,Keith,0,0.00034956122,0.00022257942
23.0,4.0,US0201,Ozzy,0,0.0005121183,0.00035911566
23.0,4.0,US0277,Coach,0,0.16858424,0.118217304
23.0,4.0,US0341,Stacey,0,0.000790902,0.00055460876
23.0,4.0,US0342,Elyse,0,0.0017830872,0.0012503645
23.0,4.0,US0343,Mikayla,0,0.00041741246,0.00029270456
23.0,4.0,US0344,Keith,0,0.00051739375,0.00036281502
23.0,4.0,US0345,Jim,0,0.0007315396,0.00051298173
23.0,4.0,US0346,Dawn,0,0.0002079725,0.00014583775
23.0,2.0,US0351,Rick,0,0.013823269,0.008337997
23.0,2.0,US0343,Mikayla,0,0.0004345454,0.00026211154
23.0,2.0,US0344,Keith,0,0.0008618232,0.00051983935
23.0,2.0,US0345,Jim,0,0.0011646759,0.00070251577
23.0,2.0,US0346,Dawn,0,0.00021635398,0.0001305016
23.0,2.0,US0347,Whitney,0,0.00047491357,0.00028646103
23.0,2.0,US0348,Cochran,0,0.009798231,0.0059101516
23.0,2.0,US0349,Edna,0,0.003398041,0.0020496494
23.0,2.0,US0350,Brandon,0,0.47606435,0.28715518
23.0,2.0,US0352,Albert,0,0.031077089,0.018745253
23.0,2.0,US0353,Sophie,1,0.8508054,0.5131936
23.0,3.0,US0201,Ozzy,0,0.0005233939,0.00033326555
23.0,3.0,US0277,Coach,0,0.22213711,0.14144346
23.0,3.0,US0340,Papa Bear,0,0.00027476466,0.0001749535
23.0,3.0,US0341,Stacey,0,0.0014280655,0.00090930564
23.0,3.0,US0342,Elyse,0,0.0012622206,0.0008037056
23.0,3.0,US0343,Mikayla,0,0.00045647816,0.00029065766
24.0,1.0,US0358,Monica,0,0.00096809585,0.0005708125
24.0,1.0,US0354,Kourtney,0,0.0008488581,0.00050050707
24.0,1.0,US0355,Nina,0,0.0022025292,0.001298664
24.0,1.0,US0356,Matt,0,0.00037027238,0.00021832147
24.0,1.0,US0357,Bill,0,0.0046908413,0.0027658325
24.0,1.0,US0359,Colton,0,0.004894362,0.0028858331
24.0,1.0,US0360,Jonas,0,0.00046306153,0.00027303217
24.0,1.0,US0361,Michael,0,0.0013114224,0.0007732461
24.0,1.0,US0362,Jay,0,0.006093749,0.0035930204
24.0,1.0,US0363,Leif,0,0.0074978173,0.004420893
24.0,1.0,US0364,Troyzan,0,0.0030543895,0.0018009413
24.0,1.0,US0365,Kat,0,0.8084701,0.47669333
24.0,1.0,US0366,Tarzan,0,0.0084653525,0.004991375
24.0,1.0,US0367,Alicia,0,0.41014948,0.24183397
24.0,8.0,US0369,Chelsea,0,0.18759173,0.08562768
24.0,7.0,US0371,Kim,1,0.6304738,0.2804544
24.0,8.0,US0361,Michael,0,0.00036646516,0.00016727582
24.0,8.0,US0362,Jay,0,0.0033373209,0.0015233456
24.0,8.0,US0363,Leif,0,0.007096341,0.003239179
24.0,8.0,US0364,Troyzan,0,0.0018929833,0.0008640667
24.0,8.0,US0365,Kat,0,0.838016,0.3825188
24.0,8.0,US0366,Tarzan,0,0.007646156,0.0034901465
24.0,8.0,US0367,Alicia,0,0.35991514,0.16428602
24.0,8.0,US0368,Christina,0,0.029727137,0.013569179
24.0,7.0,US0370,Sabrina,0,0.059834164,0.026616102
24.0,8.0,US0370,Sabrina,0,0.06706067,0.030610356
24.0,8.0,US0371,Kim,1,0.68813384,0.31410396
24.0,9.0,US0362,Jay,0,0.0017855987,0.0007408914
24.0,9.0,US0363,Leif,0,0.005752957,0.0023870517
24.0,9.0,US0364,Troyzan,0,0.0018016205,0.0007475393
24.0,9.0,US0365,Kat,0,0.9518733,0.39495704
24.0,9.0,US0366,Tarzan,0,0.0076701813,0.003182558
24.0,9.0,US0367,Alicia,0,0.4657245,0.19324122
24.0,7.0,US0361,Michael,0,0.0007821397,0.00034792014
24.0,6.0,US0365,Kat,0,0.9233811,0.37418616
24.0,6.0,US0366,Tarzan,0,0.008791849,0.0035627633
24.0,6.0,US0367,Alicia,0,0.54177874,0.21954761
24.0,6.0,US0368,Christina,0,0.033850826,0.013717534
24.0,6.0,US0369,Chelsea,0,0.15862602,0.064280786
24.0,6.0,US0370,Sabrina,0,0.073968515,0.029974617
24.0,6.0,US0371,Kim,1,0.70674044,0.28639585
24.0,7.0,US0360,Jonas,0,0.00018532768,8.243953e-05
24.0,9.0,US0368,Christina,0,0.023759134,0.009858283
24.0,7.0,US0362,Jay,0,0.0030657114,0.001363724
24.0,7.0,US0363,Leif,0,0.004753165,0.002114356
24.0,7.0,US0364,Troyzan,0,0.0017027647,0.00075744285
24.0,7.0,US0365,Kat,0,0.8573448,0.3813737
24.0,7.0,US0366,Tarzan,0,0.0055224258,0.0024565472
24.0,7.0,US0367,Alicia,0,0.4532931,0.20163892
24.0,7.0,US0368,Christina,0,0.0326848,0.0145392185
24.0,7.0,US0369,Chelsea,0,0.19840157,0.088255204
24.0,12.0,US0371,Kim,1,0.5504923,0.3134751
24.0,11.0,US0370,Sabrina,0,0.1279419,0.058137465
24.0,11.0,US0371,Kim,1,0.50228506,0.22824094
24.0,12.0,US0365,Kat,0,0.38627037,0.21995975
24.0,12.0,US0366,Tarzan,0,0.0050772205,0.0028911983
24.0,12.0,US0367,Alicia,0,0.5071367,0.2887865
24.0,12.0,US0368,Christina,0,0.026728844,0.015220609
24.0,12.0,US0369,Chelsea,0,0.14873895,0.08469866
24.0,12.0,US0370,Sabrina,0,0.13165134,0.074968204
24.0,11.0,US0369,Chelsea,0,0.11201701,0.05090111
24.0,13.0,US0366,Tarzan,0,0.0021123416,0.0013465935
24.0,13.0,US0367,Alicia,0,0.668331,0.42605335
24.0,13.0,US0368,Christina,0,0.029052652,0.018520731
24.0,13.0,US0369,Chelsea,0,0.16749106,0.10677363
24.0,13.0,US0370,Sabrina,0,0.14491192,0.09237968
24.0,13.0,US0371,Kim,1,0.55675673,0.35492602
24.0,14.0,US0367,Alicia,0,0.08515152,0.0826767
24.0,14.0,US0368,Christina,0,0.004787123,0.004647991
24.0,10.0,US0368,Christina,0,0.026394727,0.012246951
24.0,9.0,US0369,Chelsea,0,0.16646999,0.06907274
24.0,9.0,US0370,Sabrina,0,0.10301332,0.04274291
24.0,9.0,US0371,Kim,1,0.68221736,0.28306976
24.0,10.0,US0363,Leif,0,0.0024928926,0.0011566831
24.0,10.0,US0364,Troyzan,0,0.010873955,0.005045432
24.0,10.0,US0365,Kat,0,0.9162192,0.4251187
24.0,10.0,US0366,Tarzan,0,0.005091321,0.0023623342
24.0,10.0,US0367,Alicia,0,0.44118395,0.20470598
24.0,6.0,US0364,Troyzan,0,0.0016120748,0.0006532688
24.0,10.0,US0369,Chelsea,0,0.14531569,0.06742537
24.0,10.0,US0370,Sabrina,0,0.06824638,0.0316658
24.0,10.0,US0371,Kim,1,0.5393898,0.25027275
24.0,11.0,US0364,Troyzan,0,0.002219453,0.001008531
24.0,11.0,US0365,Kat,0,0.9509464,0.432115
24.0,11.0,US0366,Tarzan,0,0.0072972835,0.0033159235
24.0,11.0,US0367,Alicia,0,0.46932852,0.21326531
24.0,11.0,US0368,Christina,0,0.028643535,0.013015771
24.0,3.0,US0361,Michael,0,0.0012957606,0.00055156974
24.0,2.0,US0369,Chelsea,0,0.34631878,0.12742206
24.0,2.0,US0370,Sabrina,0,0.1140127,0.041949023
24.0,2.0,US0371,Kim,1,0.5013871,0.18447681
24.0,3.0,US0356,Matt,0,0.00014064081,5.9866932e-05
24.0,3.0,US0357,Bill,0,0.0046348698,0.0019729368
24.0,3.0,US0358,Monica,0,0.00050062785,0.00021310353
24.0,3.0,US0359,Colton,0,0.002192055,0.0009330977
24.0,3.0,US0360,Jonas,0,0.000506549,0.00021562401
24.0,2.0,US0368,Christina,0,0.17840953,0.06564274
24.0,3.0,US0362,Jay,0,0.0074181412,0.003157699
24.0,3.0,US0363,Leif,0,0.0093427515,0.0039769528
24.0,3.0,US0364,Troyzan,0,0.0022662836,0.0009646947
24.0,3.0,US0365,Kat,0,0.8975392,0.3820578
24.0,3.0,US0366,Tarzan,0,0.0061130626,0.002602163
24.0,3.0,US0367,Alicia,0,0.61539745,0.2619578
24.0,3.0,US0368,Christina,0,0.06798349,0.028938707
24.0,3.0,US0369,Chelsea,0,0.20279673,0.086325
24.0,2.0,US0359,Colton,0,0.0044107605,0.0016228638
24.0,1.0,US0368,Christina,0,0.024647705,0.014532878
24.0,1.0,US0369,Chelsea,0,0.092111625,0.054311223
24.0,1.0,US0370,Sabrina,0,0.06577054,0.038779885
24.0,1.0,US0371,Kim,1,0.25398594,0.1497562
24.0,2.0,US0355,Nina,0,0.0008295014,0.00030520087
24.0,2.0,US0356,Matt,0,0.0003990575,0.00014682638
24.0,2.0,US0357,Bill,0,0.0023915991,0.00087994797
24.0,2.0,US0358,Monica,0,0.0008644188,0.0003180481
24.0,3.0,US0370,Sabrina,0,0.08915961,0.037952796
24.0,2.0,US0360,Jonas,0,0.00038771334,0.0001426525
24.0,2.0,US0361,Michael,0,0.0015418608,0.0005673013
24.0,2.0,US0362,Jay,0,0.0064578946,0.0023760719
24.0,2.0,US0363,Leif,0,0.004733506,0.0017416126
24.0,2.0,US0364,Troyzan,0,0.003076557,0.0011319666
24.0,2.0,US0365,Kat,0,0.87011635,0.32014441
24.0,2.0,US0366,Tarzan,0,0.005990188,0.0022039872
24.0,2.0,US0367,Alicia,0,0.67655927,0.24892841
24.0,5.0,US0368,Christina,0,0.038202286,0.014867581
24.0,5.0,US0360,Jonas,0,0.0004431686,0.00017247254
24.0,5.0,US0361,Michael,0,0.0011339788,0.00044132237
24.0,5.0,US0362,Jay,0,0.0044934074,0.0017487461
24.0,5.0,US0363,Leif,0,0.00792439,0.0030840174
24.0,5.0,US0364,Troyzan,0,0.002059108,0.00080136454
24.0,5.0,US0365,Kat,0,0.88519573,0.34450084
24.0,5.0,US0366,Tarzan,0,0.0065073916,0.0025325494
24.0,5.0,US0367,Alicia,0,0.60509443,0.2354909
24.0,5.0,US0359,Colton,0,0.0026176698,0.0010187458
24.0,5.0,US0369,Chelsea,0,0.22091752,0.08597677
24.0,5.0,US0370,Sabrina,0,0.08480266,0.033003535
24.0,5.0,US0371,Kim,1,0.7099054,0.27628127
24.0,6.0,US0359,Colton,0,0.0025264926,0.0010238228
24.0,6.0,US0360,Jonas,0,0.0005317045,0.00021546519
24.0,6.0,US0361,Michael,0,0.0011314551,0.000458505
24.0,6.0,US0362,Jay,0,0.0046258653,0.0018745617
24.0,6.0,US0363,Leif,0,0.010139998,0.0041090804
24.0,4.0,US0364,Troyzan,0,0.0021215423,0.000867351
24.0,3.0,US0371,Kim,1,0.4419365,0.18812023
24.0,4.0,US0357,Bill,0,0.0006240743,0.00025514056
24.0,4.0,US0358,Monica,0,0.00048415796,0.0001979385
24.0,4.0,US0359,Colton,0,0.0027789276,0.00113611
24.0,4.0,US0360,Jonas,0,0.00046120537,0.00018855478
24.0,4.0,US0361,Michael,0,0.0010892225,0.0004453073
24.0,4.0,US0362,Jay,0,0.0054184515,0.0022152278
24.0,4.0,US0363,Leif,0,0.008215239,0.0033586395
24.0,14.0,US0369,Chelsea,0,0.15011697,0.14575401
24.0,4.0,US0365,Kat,0,0.8983469,0.36727154
24.0,4.0,US0366,Tarzan,0,0.0072260187,0.0029542162
24.0,4.0,US0367,Alicia,0,0.65652853,0.26840883
24.0,4.0,US0368,Christina,0,0.085112505,0.03479658
24.0,4.0,US0369,Chelsea,0,0.24890411,0.10175957
24.0,4.0,US0370,Sabrina,0,0.10435486,0.04266344
24.0,4.0,US0371,Kim,1,0.42433637,0.17348161
24.0,5.0,US0358,Monica,0,0.00020514807,7.9839614e-05
24.0,14.0,US0371,Kim,1,0.64098245,0.62235314
24.0,14.0,US0370,Sabrina,0,0.1488956,0.14456815
25.0,1.0,US0022,Michael,0,0.67027444,0.3544055
25.0,1.0,US0196,Jonathan,0,0.0069621005,0.0036811887
25.0,1.0,US0288,Russell,0,0.002151026,0.0011373482
25.0,1.0,US0372,Zane,0,0.0009957108,0.000526479
25.0,2.0,US0382,Carter,0,0.007675192,0.004128152
25.0,2.0,US0374,Angie,0,0.0017025563,0.00091573095
25.0,2.0,US0375,Dana,0,0.0011049976,0.00059433014
25.0,2.0,US0376,Dawson,0,0.0021794029,0.001172206
25.0,2.0,US0377,Katie,0,0.0031181523,0.0016771185
25.0,2.0,US0378,RC,0,0.00091020565,0.00048956
25.0,2.0,US0379,Jeff,0,0.0025482944,0.0013706167
25.0,2.0,US0380,Artis,0,0.008109586,0.004361794
25.0,2.0,US0381,Pete,0,0.0039662845,0.002133292
25.0,2.0,US0373,Roxy,0,0.001050721,0.00056513713
25.0,2.0,US0383,Abi-Maria,0,0.011005207,0.0059192223
25.0,2.0,US0384,Malcolm,0,0.7791112,0.41905004
25.0,2.0,US0385,Lisa,0,0.034642402,0.018632641
25.0,2.0,US0386,Denise,1,0.35199735,0.18932407
25.0,3.0,US0022,Michael,0,0.56732386,0.31673265
25.0,3.0,US0196,Jonathan,0,0.006972199,0.0038925263
25.0,3.0,US0288,Russell,0,0.0019023247,0.0010620536
25.0,3.0,US0374,Angie,0,0.0005155288,0.00028781584
25.0,1.0,US0381,Pete,0,0.004724408,0.002498016
25.0,1.0,US0373,Roxy,0,0.004170773,0.0022052831
25.0,1.0,US0374,Angie,0,0.0015443543,0.00081657246
25.0,1.0,US0375,Dana,0,0.00086836895,0.00045914736
25.0,1.0,US0376,Dawson,0,0.0019310125,0.0010210167
25.0,1.0,US0377,Katie,0,0.0031863342,0.0016847642
25.0,1.0,US0378,RC,0,0.0009084517,0.00048034097
25.0,1.0,US0379,Jeff,0,0.0023143971,0.0012237302
25.0,1.0,US0380,Artis,0,0.009214667,0.004872226
25.0,1.0,US0382,Carter,0,0.008122899,0.004294957
25.0,1.0,US0383,Abi-Maria,0,0.009277156,0.0049052667
25.0,1.0,US0384,Malcolm,0,0.7879777,0.41664073
25.0,1.0,US0385,Lisa,0,0.031618424,0.016718142
25.0,1.0,US0386,Denise,1,0.34502208,0.18242934
25.0,2.0,US0022,Michael,0,0.6407786,0.34464693
25.0,2.0,US0196,Jonathan,0,0.0073625944,0.0039600194
25.0,2.0,US0288,Russell,0,0.0019692183,0.0010591568
25.0,3.0,US0375,Dana,0,0.00091605925,0.000511429
25.0,10.0,US0383,Abi-Maria,0,0.012264585,0.0070691076
25.0,9.0,US0382,Carter,0,0.003349379,0.0022420825
25.0,9.0,US0383,Abi-Maria,0,0.011796917,0.007896885
25.0,9.0,US0384,Malcolm,0,0.4766488,0.31906986
25.0,9.0,US0385,Lisa,0,0.023902332,0.01600028
25.0,9.0,US0386,Denise,1,0.17616953,0.11792831
25.0,10.0,US0022,Michael,0,0.79756624,0.45970422
25.0,10.0,US0196,Jonathan,0,0.007105711,0.0040956163
25.0,10.0,US0381,Pete,0,0.0010331337,0.0005954815
25.0,10.0,US0382,Carter,0,0.003349379,0.0019305276
25.0,9.0,US0381,Pete,0,0.0022217606,0.001487252
25.0,10.0,US0384,Malcolm,0,0.5644512,0.3253405
25.0,10.0,US0385,Lisa,0,0.022560319,0.013003401
25.0,10.0,US0386,Denise,1,0.32662457,0.1882611
25.0,11.0,US0022,Michael,0,0.69567096,0.42516947
25.0,11.0,US0196,Jonathan,0,0.0028579864,0.0017467
25.0,11.0,US0382,Carter,0,0.0025951564,0.0015860677
25.0,11.0,US0383,Abi-Maria,0,0.023535207,0.014383885
25.0,11.0,US0384,Malcolm,0,0.559943,0.34221736
25.0,8.0,US0381,Pete,0,0.0024935082,0.0015415918
25.0,7.0,US0383,Abi-Maria,0,0.014230143,0.008544896
25.0,7.0,US0384,Malcolm,0,0.56058437,0.3366189
25.0,7.0,US0385,Lisa,0,0.020625304,0.012385053
25.0,7.0,US0386,Denise,1,0.33873063,0.20340048
25.0,8.0,US0022,Michael,0,0.7500312,0.4637009
25.0,8.0,US0196,Jonathan,0,0.004995653,0.0030885232
25.0,8.0,US0379,Jeff,0,0.0020235751,0.0012510595
25.0,8.0,US0380,Artis,0,0.00902363,0.0055787885
25.0,11.0,US0385,Lisa,0,0.02696688,0.016481202
25.0,8.0,US0382,Carter,0,0.0071870177,0.004443317
25.0,8.0,US0383,Abi-Maria,0,0.012433343,0.0076868166
25.0,8.0,US0384,Malcolm,0,0.58317506,0.3605434
25.0,8.0,US0385,Lisa,0,0.026118532,0.016147576
25.0,8.0,US0386,Denise,1,0.22000769,0.13601802
25.0,9.0,US0022,Michael,0,0.7878382,0.5273808
25.0,9.0,US0196,Jonathan,0,0.009145008,0.006121691
25.0,9.0,US0380,Artis,0,0.0027977098,0.0018727938
25.0,14.0,US0386,Denise,1,0.34918594,0.26511285
25.0,14.0,US0022,Michael,0,0.84939957,0.64489067
25.0,14.0,US0385,Lisa,0,0.04600272,0.0349267
25.0,13.0,US0383,Abi-Maria,0,0.007203378,0.0036397397
25.0,11.0,US0386,Denise,1,0.3246513,0.19841538
25.0,12.0,US0022,Michael,0,0.78304327,0.4363052
25.0,12.0,US0382,Carter,0,0.0021296295,0.0011866118
25.0,12.0,US0383,Abi-Maria,0,0.02851511,0.015888382
25.0,12.0,US0384,Malcolm,0,0.6988932,0.38941747
25.0,12.0,US0385,Lisa,0,0.03783564,0.021081703
25.0,12.0,US0386,Denise,1,0.24429774,0.13612066
25.0,13.0,US0022,Michael,0,0.8318469,0.42031756
25.0,7.0,US0382,Carter,0,0.0071653253,0.004302624
25.0,13.0,US0384,Malcolm,0,0.789488,0.39891437
25.0,13.0,US0385,Lisa,0,0.045697927,0.023090357
25.0,13.0,US0386,Denise,1,0.30485517,0.15403794
25.0,14.0,US0384,Malcolm,0,0.072533585,0.05506976
25.0,5.0,US0022,Michael,0,0.58979094,0.4046925
25.0,4.0,US0379,Jeff,0,0.0025985849,0.0015168358
25.0,4.0,US0380,Artis,0,0.0073899277,0.00431362
25.0,4.0,US0381,Pete,0,0.0059888763,0.0034958036
25.0,4.0,US0382,Carter,0,0.0059093847,0.003449403
25.0,4.0,US0383,Abi-Maria,0,0.008833834,0.005156451
25.0,4.0,US0384,Malcolm,0,0.7335213,0.42816818
25.0,4.0,US0385,Lisa,0,0.03462445,0.02021085
25.0,4.0,US0386,Denise,1,0.36331993,0.2120757
25.0,4.0,US0378,RC,0,0.0010091773,0.00058907305
25.0,5.0,US0196,Jonathan,0,0.0064370134,0.0044168383
25.0,5.0,US0375,Dana,0,0.0008251628,0.0005661959
25.0,5.0,US0376,Dawson,0,0.0005709654,0.00039177513
25.0,5.0,US0377,Katie,0,0.0025448534,0.0017461834
25.0,5.0,US0378,RC,0,0.00067078957,0.00046027073
25.0,5.0,US0379,Jeff,0,0.0036465048,0.0025020954
25.0,5.0,US0380,Artis,0,0.010354212,0.007104673
25.0,5.0,US0381,Pete,0,0.0031669333,0.0021730314
25.0,3.0,US0384,Malcolm,0,0.7774655,0.43405315
25.0,3.0,US0376,Dawson,0,0.0019008387,0.0010612239
25.0,3.0,US0377,Katie,0,0.0024590024,0.0013728426
25.0,3.0,US0378,RC,0,0.000920354,0.00051382673
25.0,3.0,US0379,Jeff,0,0.0031281894,0.0017464446
25.0,3.0,US0380,Artis,0,0.0062941266,0.0035139637
25.0,3.0,US0381,Pete,0,0.0048149205,0.0026881339
25.0,3.0,US0382,Carter,0,0.0061162794,0.0034146728
25.0,3.0,US0383,Abi-Maria,0,0.007832009,0.004372552
25.0,5.0,US0382,Carter,0,0.006266576,0.0042998902
25.0,3.0,US0385,Lisa,0,0.034944654,0.019509338
25.0,3.0,US0386,Denise,1,0.3676699,0.20526734
25.0,4.0,US0022,Michael,0,0.53559273,0.3126341
25.0,4.0,US0196,Jonathan,0,0.007309131,0.004266457
25.0,4.0,US0288,Russell,0,0.00087488064,0.00051068194
25.0,4.0,US0375,Dana,0,0.0009745442,0.0005688571
25.0,4.0,US0376,Dawson,0,0.0022375474,0.0013060925
25.0,4.0,US0377,Katie,0,0.0029773687,0.001737938
25.0,6.0,US0384,Malcolm,0,0.3249076,0.28758916
25.0,6.0,US0196,Jonathan,0,0.00557249,0.0049324413
25.0,6.0,US0377,Katie,0,0.0021618723,0.0019135626
25.0,6.0,US0378,RC,0,0.00047941535,0.00042435038
25.0,6.0,US0379,Jeff,0,0.004395298,0.0038904604
25.0,6.0,US0380,Artis,0,0.006053421,0.0053581335
25.0,6.0,US0381,Pete,0,0.0025411497,0.0022492767
25.0,6.0,US0382,Carter,0,0.006553353,0.005800644
25.0,6.0,US0383,Abi-Maria,0,0.015965413,0.0141316485
25.0,6.0,US0022,Michael,0,0.43174532,0.38215566
25.0,6.0,US0385,Lisa,0,0.021627488,0.019143384
25.0,6.0,US0386,Denise,1,0.3077602,0.2724113
25.0,7.0,US0022,Michael,0,0.70143276,0.42119533
25.0,7.0,US0196,Jonathan,0,0.003287155,0.001973866
25.0,7.0,US0378,RC,0,0.0002343346,0.0001407129
25.0,7.0,US0379,Jeff,0,0.0067468714,0.0040513515
25.0,7.0,US0380,Artis,0,0.00974702,0.0058528767
25.0,7.0,US0381,Pete,0,0.0025544662,0.0015339023
25.0,5.0,US0383,Abi-Maria,0,0.014751716,0.010122077
25.0,5.0,US0384,Malcolm,0,0.4376788,0.30031887
25.0,5.0,US0385,Lisa,0,0.055041116,0.037767157
25.0,5.0,US0386,Denise,1,0.32563484,0.22343846
26.0,14.0,US0346,Dawn,0,0.07367713,0.16918005
26.0,14.0,US0246,Erik,0,0.0013544861,0.0031102193
26.0,14.0,US0348,Cochran,1,0.21787624,0.50029516
26.0,14.0,US0395,Eddie,0,0.00041241501,0.00094700203
26.0,14.0,US0396,Sherri,0,0.14217512,0.32646757
26.0,13.0,US0396,Sherri,0,0.13311818,0.37303722
26.0,12.0,US0346,Dawn,0,0.032194227,0.09610991
26.0,12.0,US0348,Cochran,1,0.21145834,0.6312698
26.0,12.0,US0394,Reynold,0,0.00075548916,0.0022553732
26.0,12.0,US0395,Eddie,0,0.0012270128,0.00366302
26.0,12.0,US0396,Sherri,0,0.078828,0.23532642
26.0,12.0,US0246,Erik,0,0.002088029,0.0062334244
26.0,12.0,US0312,Brenda,0,0.0065622223,0.019590301
26.0,12.0,US0333,Andrea,0,0.0018596736,0.005551712
26.0,13.0,US0246,Erik,0,0.0038746714,0.010857996
26.0,13.0,US0312,Brenda,0,0.0022537615,0.006315718
26.0,13.0,US0346,Dawn,0,0.033182997,0.092988744
26.0,13.0,US0348,Cochran,1,0.1835144,0.51426256
26.0,13.0,US0395,Eddie,0,0.00090561394,0.0025378028
26.0,7.0,US0396,Sherri,0,0.10274894,0.35587138
26.0,7.0,US0337,Phillip,0,0.015585578,0.053980716
26.0,7.0,US0346,Dawn,0,0.024663135,0.08542087
26.0,7.0,US0348,Cochran,1,0.12693909,0.43965405
26.0,7.0,US0384,Malcolm,0,0.0017607505,0.006098367
26.0,7.0,US0392,Julia,0,0.000723297,0.0025051422
26.0,7.0,US0393,Michael,0,0.0013016652,0.004508323
26.0,7.0,US0394,Reynold,0,0.0013663345,0.004732305
26.0,7.0,US0395,Eddie,0,0.00069059443,0.0023918767
26.0,7.0,US0333,Andrea,0,0.0032636127,0.011303537
26.0,8.0,US0246,Erik,0,0.0011952923,0.003912223
26.0,8.0,US0259,Corinne,0,0.00018406886,0.0006024622
26.0,8.0,US0312,Brenda,0,0.003146926,0.01029997
26.0,8.0,US0333,Andrea,0,0.0040794164,0.0133520365
26.0,8.0,US0337,Phillip,0,0.01128436,0.036934003
26.0,8.0,US0346,Dawn,0,0.022167752,0.07255563
26.0,8.0,US0348,Cochran,1,0.123813346,0.40524432
26.0,8.0,US0384,Malcolm,0,0.0015136366,0.004954172
26.0,6.0,US0391,Matt,0,0.00044496893,0.0014127442
26.0,6.0,US0246,Erik,0,0.0023442039,0.0074426774
26.0,6.0,US0259,Corinne,0,0.00066705723,0.0021178585
26.0,6.0,US0312,Brenda,0,0.0067320415,0.021373745
26.0,6.0,US0333,Andrea,0,0.0023325835,0.007405784
26.0,6.0,US0337,Phillip,0,0.009335578,0.029639786
26.0,6.0,US0346,Dawn,0,0.015971866,0.050709516
26.0,6.0,US0348,Cochran,1,0.17262204,0.5480625
26.0,6.0,US0384,Malcolm,0,0.00072324224,0.0022962417
26.0,8.0,US0393,Michael,0,0.0008857011,0.002898923
26.0,6.0,US0392,Julia,0,0.0016111303,0.005115222
26.0,6.0,US0393,Michael,0,0.0008674444,0.0027540731
26.0,6.0,US0394,Reynold,0,0.0013470062,0.004276647
26.0,6.0,US0395,Eddie,0,0.0009240025,0.002933641
26.0,6.0,US0396,Sherri,0,0.09904464,0.31445956
26.0,7.0,US0246,Erik,0,0.0022375975,0.007749928
26.0,7.0,US0259,Corinne,0,0.00065204175,0.0022583494
26.0,7.0,US0312,Brenda,0,0.0067922957,0.023525145
26.0,11.0,US0333,Andrea,0,0.0069612605,0.018545896
26.0,10.0,US0346,Dawn,0,0.022865392,0.07871032
26.0,10.0,US0348,Cochran,1,0.15312643,0.5271123
26.0,10.0,US0384,Malcolm,0,0.0034221136,0.011780058
26.0,10.0,US0394,Reynold,0,0.0027100025,0.009328733
26.0,10.0,US0395,Eddie,0,0.00096117303,0.0033086785
26.0,10.0,US0396,Sherri,0,0.08766469,0.30177113
26.0,11.0,US0246,Erik,0,0.0014585318,0.0038857588
26.0,11.0,US0312,Brenda,0,0.005372869,0.01431417
26.0,10.0,US0337,Phillip,0,0.0046871095,0.016134595
26.0,11.0,US0346,Dawn,0,0.031115599,0.082896866
26.0,11.0,US0348,Cochran,1,0.17694679,0.47141415
26.0,11.0,US0384,Malcolm,0,0.0013748942,0.0036629348
26.0,11.0,US0394,Reynold,0,0.0024628653,0.0065614614
26.0,11.0,US0395,Eddie,0,0.0010840642,0.0028881181
26.0,11.0,US0396,Sherri,0,0.14857627,0.39583063
26.0,9.0,US0348,Cochran,1,0.13092425,0.41334388
26.0,8.0,US0394,Reynold,0,0.0017655224,0.005778601
26.0,8.0,US0395,Eddie,0,0.00060368696,0.0019758833
26.0,8.0,US0396,Sherri,0,0.13488795,0.44149178
26.0,9.0,US0246,Erik,0,0.00096416817,0.0030439969
26.0,9.0,US0312,Brenda,0,0.0050415043,0.015916646
26.0,9.0,US0333,Andrea,0,0.005690546,0.017965749
26.0,9.0,US0337,Phillip,0,0.010390036,0.03280261
26.0,9.0,US0346,Dawn,0,0.022561418,0.07122915
26.0,9.0,US0384,Malcolm,0,0.002534235,0.00800089
26.0,9.0,US0393,Michael,0,0.00048287667,0.0015245007
26.0,9.0,US0394,Reynold,0,0.0023651393,0.007467034
26.0,9.0,US0395,Eddie,0,0.0009020293,0.0028478168
26.0,9.0,US0396,Sherri,0,0.13488795,0.42585775
26.0,10.0,US0246,Erik,0,0.0009797516,0.0033726322
26.0,10.0,US0312,Brenda,0,0.008816624,0.030349763
26.0,10.0,US0333,Andrea,0,0.005267294,0.018131785
26.0,5.0,US0396,Sherri,0,0.13568866,0.4129393
26.0,4.0,US0312,Brenda,0,0.008588859,0.020707538
26.0,3.0,US0391,Matt,0,0.0017616751,0.004330822
26.0,3.0,US0392,Julia,0,0.0031617442,0.0077726874
26.0,3.0,US0393,Michael,0,0.0013777404,0.003386974
26.0,3.0,US0394,Reynold,0,0.0021093846,0.005185615
26.0,3.0,US0395,Eddie,0,0.0010525516,0.0025875447
26.0,3.0,US0396,Sherri,0,0.1363337,0.33515656
26.0,4.0,US0246,Erik,0,0.004023372,0.009700256
26.0,4.0,US0259,Corinne,0,0.0010563205,0.002546764
26.0,3.0,US0390,Laura,0,0.005399564,0.013274041
26.0,4.0,US0333,Andrea,0,0.0023366804,0.005633682
26.0,4.0,US0337,Phillip,0,0.010944397,0.026386686
26.0,4.0,US0346,Dawn,0,0.020414112,0.049217947
26.0,4.0,US0348,Cochran,1,0.2061481,0.49701825
26.0,4.0,US0350,Brandon,0,0.009816795,0.023668062
26.0,4.0,US0384,Malcolm,0,0.00074435625,0.0017946255
26.0,4.0,US0389,Shamar,0,0.0012183454,0.002937402
26.0,4.0,US0390,Laura,0,0.0016259847,0.003920211
26.0,3.0,US0312,Brenda,0,0.005917026,0.014546147
26.0,2.0,US0391,Matt,0,0.0012061134,0.0028664542
26.0,2.0,US0392,Julia,0,0.0020169723,0.0047935448
26.0,2.0,US0393,Michael,0,0.00074397895,0.0017681435
26.0,2.0,US0394,Reynold,0,0.002026252,0.004815599
26.0,2.0,US0395,Eddie,0,0.0010087015,0.0023972844
26.0,2.0,US0396,Sherri,0,0.1144938,0.27210647
26.0,3.0,US0246,Erik,0,0.004472792,0.0109957075
26.0,3.0,US0259,Corinne,0,0.00067037705,0.0016480243
26.0,4.0,US0391,Matt,0,0.0014561372,0.0035107126
26.0,3.0,US0333,Andrea,0,0.0019533508,0.0048020286
26.0,3.0,US0337,Phillip,0,0.011349316,0.02790064
26.0,3.0,US0346,Dawn,0,0.022013634,0.054117315
26.0,3.0,US0348,Cochran,1,0.19784065,0.4863624
26.0,3.0,US0350,Brandon,0,0.008230569,0.020233653
26.0,3.0,US0384,Malcolm,0,0.0006846873,0.001683204
26.0,3.0,US0388,Hope,0,0.0011691032,0.0028740698
26.0,3.0,US0389,Shamar,0,0.0012783081,0.0031425343
26.0,5.0,US0346,Dawn,0,0.026860338,0.081743665
26.0,4.0,US0394,Reynold,0,0.0025920689,0.0062494176
26.0,4.0,US0395,Eddie,0,0.0011912703,0.0028721248
26.0,4.0,US0396,Sherri,0,0.13840325,0.333687
26.0,5.0,US0246,Erik,0,0.002121938,0.006457662
26.0,5.0,US0259,Corinne,0,0.00072437106,0.0022044678
26.0,5.0,US0312,Brenda,0,0.0066820905,0.020335507
26.0,5.0,US0333,Andrea,0,0.0024606932,0.0074885916
26.0,5.0,US0337,Phillip,0,0.008682693,0.026423912
26.0,4.0,US0393,Michael,0,0.0014707547,0.0035459553
26.0,5.0,US0348,Cochran,1,0.13554223,0.41249368
26.0,5.0,US0350,Brandon,0,0.0024565673,0.0074760346
26.0,5.0,US0384,Malcolm,0,0.0007819683,0.0023797525
26.0,5.0,US0391,Matt,0,0.0014476156,0.004405507
26.0,5.0,US0392,Julia,0,0.0018793251,0.0057193222
26.0,5.0,US0393,Michael,0,0.00124946,0.0038024632
26.0,5.0,US0394,Reynold,0,0.0011865818,0.003611107
26.0,5.0,US0395,Eddie,0,0.00082773477,0.002519033
26.0,4.0,US0392,Julia,0,0.002738865,0.0066033397
26.0,2.0,US0390,Laura,0,0.0034847255,0.008281814
26.0,2.0,US0333,Andrea,0,0.0019117739,0.0045435303
26.0,1.0,US0392,Julia,0,0.0025771335,0.009404895
26.0,1.0,US0393,Michael,0,0.0006265733,0.0022865932
26.0,1.0,US0394,Reynold,0,0.0017027305,0.0062138815
26.0,1.0,US0395,Eddie,0,0.0008481644,0.0030952597
26.0,1.0,US0396,Sherri,0,0.056346383,0.2056284
26.0,2.0,US0246,Erik,0,0.0047710706,0.011338946
26.0,2.0,US0259,Corinne,0,0.0010577987,0.002513969
26.0,2.0,US0312,Brenda,0,0.0059288936,0.014090634
26.0,1.0,US0391,Matt,0,0.00090534904,0.0033039472
26.0,2.0,US0337,Phillip,0,0.008257638,0.019625137
26.0,2.0,US0346,Dawn,0,0.034613833,0.08226338
26.0,2.0,US0348,Cochran,1,0.2243394,0.533166
26.0,2.0,US0350,Brandon,0,0.006816691,0.016200576
26.0,2.0,US0384,Malcolm,0,0.0007480821,0.0017778951
26.0,2.0,US0387,Allie,0,0.00034891465,0.00082923204
26.0,2.0,US0388,Hope,0,0.005978882,0.014209436
26.0,2.0,US0389,Shamar,0,0.0010149002,0.002412016
26.0,1.0,US0337,Phillip,0,0.015960282,0.058244858
26.0,1.0,US0246,Erik,0,0.00894141,0.03263045
26.0,1.0,US0259,Corinne,0,0.0029230951,0.010667435
26.0,1.0,US0312,Brenda,0,0.006528363,0.023824366
26.0,1.0,US0322,Francesca,0,0.004081391,0.014894476
26.0,1.0,US0333,Andrea,0,0.0031261991,0.011408635
26.0,1.0,US0346,Dawn,0,0.05578064,0.20356381
26.0,1.0,US0348,Cochran,1,0.09534206,0.3479378
26.0,1.0,US0350,Brandon,0,0.0056732344,0.02070369
26.0,1.0,US0384,Malcolm,0,0.0011486296,0.004191766
26.0,1.0,US0387,Allie,0,0.00056965183,0.0020788664
26.0,1.0,US0388,Hope,0,0.0060579814,0.022107773
26.0,1.0,US0389,Shamar,0,0.00094069465,0.003432936
26.0,1.0,US0390,Laura,0,0.003940457,0.014380158
27.0,6.0,US0402,Vytas,0,0.00035685784,0.00028701135
27.0,5.0,US0405,Hayden,0,0.012163666,0.012849117
27.0,5.0,US0406,Ciera,0,0.40866238,0.43169147
27.0,6.0,US0365,Kat,0,0.0011252622,0.00090501877
27.0,6.0,US0182,Aras,0,0.012773611,0.010273479
27.0,6.0,US0032,Tina,0,0.0032111472,0.002582641
27.0,6.0,US0010,Gervase,0,0.15416114,0.12398774
27.0,6.0,US0358,Monica,0,0.1069656,0.08602961
27.0,6.0,US0274,Tyson,1,0.6635295,0.5336593
27.0,6.0,US0397,Laura B.,0,0.00038571376,0.00031021942
27.0,5.0,US0404,Katie,0,0.0018970266,0.0020039284
27.0,6.0,US0403,Caleb,0,0.0043486604,0.003497513
27.0,6.0,US0404,Katie,0,0.0017423582,0.0014013328
27.0,6.0,US0405,Hayden,0,0.0119432025,0.009605603
27.0,6.0,US0406,Ciera,0,0.28281486,0.22746055
27.0,7.0,US0182,Aras,0,0.013167625,0.010602181
27.0,7.0,US0032,Tina,0,0.0034995638,0.0028177449
27.0,7.0,US0010,Gervase,0,0.054289546,0.04371233
27.0,7.0,US0358,Monica,0,0.12276455,0.09884637
27.0,5.0,US0365,Kat,0,0.0024243053,0.0025609205
27.0,4.0,US0397,Laura B.,0,0.0004127135,0.00040771978
27.0,4.0,US0401,Brad,0,0.00079363765,0.00078403484
27.0,4.0,US0402,Vytas,0,0.00058538205,0.0005782991
27.0,4.0,US0403,Caleb,0,0.009070617,0.008960865
27.0,4.0,US0404,Katie,0,0.0020557314,0.0020308576
27.0,4.0,US0405,Hayden,0,0.01824359,0.018022848
27.0,4.0,US0406,Ciera,0,0.36197892,0.35759908
27.0,5.0,US0292,Laura M.,0,0.00040682065,0.00042974594
27.0,7.0,US0274,Tyson,1,0.6625088,0.5334324
27.0,5.0,US0182,Aras,0,0.0056850873,0.0060054553
27.0,5.0,US0032,Tina,0,0.004028462,0.004255475
27.0,5.0,US0010,Gervase,0,0.043195464,0.045629628
27.0,5.0,US0358,Monica,0,0.11827436,0.1249394
27.0,5.0,US0274,Tyson,1,0.34446406,0.36387542
27.0,5.0,US0397,Laura B.,0,0.00033974426,0.00035888964
27.0,5.0,US0402,Vytas,0,0.00027511723,0.00029062072
27.0,5.0,US0403,Caleb,0,0.004837341,0.0051099365
27.0,9.0,US0292,Laura M.,0,0.0004018241,0.00029240508
27.0,9.0,US0010,Gervase,0,0.16315049,0.11872367
27.0,9.0,US0358,Monica,0,0.15802687,0.11499524
27.0,9.0,US0274,Tyson,1,0.7072003,0.51462555
27.0,9.0,US0402,Vytas,0,0.00015773138,0.00011478022
27.0,9.0,US0403,Caleb,0,0.0025051404,0.0018229762
27.0,9.0,US0404,Katie,0,0.0020437671,0.0014872375
27.0,9.0,US0405,Hayden,0,0.010335144,0.007520824
27.0,9.0,US0406,Ciera,0,0.32917842,0.23954123
27.0,9.0,US0032,Tina,0,0.0012038965,0.00087606855
27.0,8.0,US0010,Gervase,0,0.07966744,0.05966957
27.0,7.0,US0397,Laura B.,0,0.0003521721,0.0002835585
27.0,7.0,US0402,Vytas,0,0.00032029493,0.00025789195
27.0,7.0,US0403,Caleb,0,0.004250651,0.0034224982
27.0,7.0,US0404,Katie,0,0.0016769351,0.0013502183
27.0,7.0,US0405,Hayden,0,0.011882388,0.0095673455
27.0,7.0,US0406,Ciera,0,0.36726072,0.29570743
27.0,8.0,US0182,Aras,0,0.003413363,0.0025565512
27.0,8.0,US0032,Tina,0,0.0034725284,0.0026008652
27.0,4.0,US0274,Tyson,1,0.40143082,0.3965736
27.0,8.0,US0358,Monica,0,0.116324626,0.08712518
27.0,8.0,US0274,Tyson,1,0.6988246,0.5234078
27.0,8.0,US0402,Vytas,0,0.00044765623,0.00033528695
27.0,8.0,US0403,Caleb,0,0.002212245,0.0016569342
27.0,8.0,US0404,Katie,0,0.0016926699,0.0012677812
27.0,8.0,US0405,Hayden,0,0.011149895,0.008351084
27.0,8.0,US0406,Ciera,0,0.41793853,0.3130289
27.0,3.0,US0274,Tyson,1,0.31501335,0.3360816
27.0,2.0,US0406,Ciera,0,0.29571587,0.37685224
27.0,3.0,US0359,Colton,0,0.0045491057,0.004853352
27.0,3.0,US0292,Laura M.,0,0.0014808457,0.0015798854
27.0,3.0,US0365,Kat,0,0.002301528,0.0024554553
27.0,3.0,US0182,Aras,0,0.0046426393,0.0049531413
27.0,3.0,US0032,Tina,0,0.0040440345,0.0043145013
27.0,3.0,US0010,Gervase,0,0.06653557,0.0709855
27.0,3.0,US0358,Monica,0,0.11113732,0.11857024
27.0,2.0,US0405,Hayden,0,0.028552834,0.03638695
27.0,3.0,US0397,Laura B.,0,0.00038747763,0.00041339232
27.0,3.0,US0400,John,0,0.0019434098,0.002073386
27.0,3.0,US0401,Brad,0,0.0030249301,0.0032272388
27.0,3.0,US0402,Vytas,0,0.0007447096,0.0007945162
27.0,3.0,US0403,Caleb,0,0.008674083,0.00925421
27.0,3.0,US0404,Katie,0,0.0016810073,0.0017934339
27.0,3.0,US0405,Hayden,0,0.027705751,0.029558726
27.0,3.0,US0406,Ciera,0,0.3834464,0.40909147
27.0,2.0,US0358,Monica,0,0.16433084,0.20941874
27.0,1.0,US0405,Hayden,0,0.030316288,0.037755754
27.0,1.0,US0406,Ciera,0,0.3699973,0.46079278
27.0,2.0,US0359,Colton,0,0.005677139,0.007234791
27.0,2.0,US0292,Laura M.,0,0.0015312277,0.0019513548
27.0,2.0,US0365,Kat,0,0.002077397,0.002647378
27.0,2.0,US0182,Aras,0,0.00529114,0.0067428844
27.0,2.0,US0032,Tina,0,0.0042532175,0.005420184
27.0,2.0,US0010,Gervase,0,0.06636614,0.0845752
27.0,2.0,US0274,Tyson,1,0.18278795,0.23293997
27.0,2.0,US0397,Laura B.,0,0.00036627447,0.00046677017
27.0,2.0,US0399,Rachel,0,0.00012860965,0.00016389664
27.0,2.0,US0400,John,0,0.012920266,0.016465234
27.0,2.0,US0401,Brad,0,0.0037756502,0.0048115854
27.0,2.0,US0402,Vytas,0,0.0009595504,0.0012228248
27.0,2.0,US0403,Caleb,0,0.008383946,0.010684271
27.0,2.0,US0404,Katie,0,0.0015817771,0.0020157737
27.0,4.0,US0292,Laura M.,0,0.0012729822,0.0012575795
27.0,4.0,US0365,Kat,0,0.002641487,0.0026095256
27.0,4.0,US0182,Aras,0,0.0049974024,0.0049369354
27.0,4.0,US0032,Tina,0,0.004383687,0.0043306453
27.0,4.0,US0010,Gervase,0,0.067490324,0.06667371
27.0,4.0,US0358,Monica,0,0.13689059,0.13523425
27.0,10.0,US0292,Laura M.,0,0.0004156637,0.00032278878
27.0,14.0,US0358,Monica,0,0.16611125,0.14959511
27.0,12.0,US0405,Hayden,0,0.017432926,0.012313527
27.0,12.0,US0406,Ciera,0,0.53190255,0.37570265
27.0,13.0,US0010,Gervase,0,0.14088485,0.093514435
27.0,13.0,US0358,Monica,0,0.111225836,0.07382782
27.0,13.0,US0274,Tyson,1,0.67659104,0.44909748
27.0,13.0,US0405,Hayden,0,0.003973747,0.0026376343
27.0,13.0,US0406,Ciera,0,0.5738817,0.3809226
27.0,14.0,US0010,Gervase,0,0.18799715,0.16930494
27.0,12.0,US0404,Katie,0,0.0008617505,0.0006086866
27.0,14.0,US0274,Tyson,1,0.7237852,0.6518206
27.0,14.0,US0406,Ciera,0,0.031589516,0.028448628
27.0,14.0,US0032,Tina,0,0.00092239806,0.0008306857
27.0,11.0,US0358,Monica,0,0.059629362,0.045409933
27.0,10.0,US0010,Gervase,0,0.050275154,0.03904179
27.0,10.0,US0358,Monica,0,0.05994149,0.046548303
27.0,10.0,US0274,Tyson,1,0.68189985,0.52953774
27.0,10.0,US0403,Caleb,0,0.0025051404,0.0019453977
27.0,10.0,US0404,Katie,0,0.0027113408,0.0021055252
27.0,10.0,US0405,Hayden,0,0.010489502,0.008145752
27.0,10.0,US0406,Ciera,0,0.47948855,0.37235275
27.0,11.0,US0010,Gervase,0,0.17272499,0.13153638
27.0,11.0,US0274,Tyson,1,0.6307017,0.48030233
27.0,11.0,US0403,Caleb,0,0.00095469854,0.0007270377
27.0,11.0,US0404,Katie,0,0.0026828197,0.002043065
27.0,11.0,US0405,Hayden,0,0.011443394,0.008714561
27.0,11.0,US0406,Ciera,0,0.43499786,0.33126673
27.0,12.0,US0010,Gervase,0,0.145487,0.1027629
27.0,12.0,US0358,Monica,0,0.052371167,0.03699171
27.0,12.0,US0274,Tyson,1,0.6676986,0.47162047
27.0,1.0,US0404,Katie,0,0.0017482849,0.0021773053
27.0,1.0,US0358,Monica,0,0.1586576,0.19759138
27.0,1.0,US0195,Candice,0,0.0012651471,0.0015756079
27.0,1.0,US0107,Rupert,0,0.001013654,0.0012623997
27.0,1.0,US0359,Colton,0,0.007725692,0.009621538
27.0,1.0,US0292,Laura M.,0,0.0017227804,0.002145542
27.0,1.0,US0365,Kat,0,0.0019098296,0.0023784922
27.0,1.0,US0182,Aras,0,0.0036282593,0.004518616
27.0,1.0,US0032,Tina,0,0.0040389732,0.0050301175
27.0,1.0,US0010,Gervase,0,0.08982885,0.111872405
27.0,1.0,US0274,Tyson,1,0.10954392,0.13642545
27.0,1.0,US0397,Laura B.,0,0.00046608195,0.00058045617
27.0,1.0,US0398,Marissa,0,0.00024958732,0.00031083482
27.0,1.0,US0399,Rachel,0,0.00031686682,0.00039462437
27.0,1.0,US0400,John,0,0.007925529,0.009870415
27.0,1.0,US0401,Brad,0,0.002154892,0.002683692
27.0,1.0,US0402,Vytas,0,0.0006645125,0.0008275806
27.0,1.0,US0403,Caleb,0,0.009784038,0.012184992
28.0,1.0,US0424,Tony,1,0.54876405,0.2832839
28.0,1.0,US0415,Morgan,0,0.0012961852,0.00066911883
28.0,1.0,US0416,LJ,0,0.0027761685,0.0014331182
28.0,1.0,US0417,Jeremiah,0,0.0046865535,0.0024193004
28.0,1.0,US0418,Jefra,0,0.41359138,0.21350482
28.0,1.0,US0419,Tasha,0,0.0068211793,0.0035212403
28.0,1.0,US0420,Trish,0,0.046062224,0.023778317
28.0,1.0,US0421,Spencer,0,0.23043254,0.11895426
28.0,1.0,US0422,Kass,0,0.59736526,0.30837288
28.0,1.0,US0423,Woo,0,0.07217295,0.03725724
28.0,1.0,US0414,Sarah,0,0.0011863897,0.00061244005
28.0,2.0,US0409,Brice,0,0.00018518283,0.000101694255
28.0,2.0,US0410,J'Tia,0,0.0025576549,0.0014045514
28.0,2.0,US0411,Cliff,0,0.0012685951,0.0006966566
28.0,2.0,US0412,Lindsey,0,0.0014969413,0.0008220543
28.0,2.0,US0413,Alexis,0,0.0011304391,0.0006207874
28.0,2.0,US0414,Sarah,0,0.00124205,0.0006820792
28.0,2.0,US0415,Morgan,0,0.0012085785,0.00066369807
28.0,2.0,US0416,LJ,0,0.003342837,0.001835739
28.0,2.0,US0417,Jeremiah,0,0.00891758,0.0048971428
28.0,1.0,US0408,Garrett,0,0.00045384976,0.00023428707
28.0,1.0,US0409,Brice,0,0.00039904608,0.00020599623
28.0,1.0,US0410,J'Tia,0,0.005079608,0.0026222037
28.0,1.0,US0411,Cliff,0,0.0011621176,0.0005999103
28.0,1.0,US0412,Lindsey,0,0.0014022546,0.00072387414
28.0,1.0,US0413,Alexis,0,0.0010929352,0.00056419685
28.0,4.0,US0415,Morgan,0,0.0010212244,0.0005926468
28.0,3.0,US0421,Spencer,0,0.30443856,0.18432991
28.0,3.0,US0422,Kass,0,0.48190582,0.29178187
28.0,3.0,US0423,Woo,0,0.05132528,0.03107617
28.0,3.0,US0424,Tony,1,0.41937655,0.253922
28.0,4.0,US0411,Cliff,0,0.000459655,0.00026675142
28.0,4.0,US0412,Lindsey,0,0.000780024,0.00045267103
28.0,4.0,US0413,Alexis,0,0.0010189319,0.0005913164
28.0,4.0,US0414,Sarah,0,0.0012581815,0.00073016004
28.0,3.0,US0420,Trish,0,0.0398983,0.02415742
28.0,4.0,US0416,LJ,0,0.004123941,0.0023932452
28.0,4.0,US0417,Jeremiah,0,0.006994781,0.004059279
28.0,4.0,US0418,Jefra,0,0.39440694,0.22888604
28.0,4.0,US0419,Tasha,0,0.0031393454,0.0018218552
28.0,4.0,US0420,Trish,0,0.044182565,0.025640452
28.0,4.0,US0421,Spencer,0,0.3203032,0.18588144
28.0,4.0,US0422,Kass,0,0.41965735,0.2435396
28.0,4.0,US0423,Woo,0,0.03881161,0.022523526
28.0,3.0,US0411,Cliff,0,0.0011546782,0.00069912866
28.0,2.0,US0418,Jefra,0,0.3597578,0.19756316
28.0,2.0,US0419,Tasha,0,0.0040603923,0.0022297888
28.0,2.0,US0420,Trish,0,0.048137113,0.026434783
28.0,2.0,US0421,Spencer,0,0.35153177,0.19304578
28.0,2.0,US0422,Kass,0,0.46729392,0.25661725
28.0,2.0,US0423,Woo,0,0.07614587,0.041815963
28.0,2.0,US0424,Tony,1,0.49269944,0.27056885
28.0,3.0,US0410,J'Tia,0,0.0011199078,0.0006780761
28.0,3.0,US0412,Lindsey,0,0.0010027995,0.00060716993
28.0,3.0,US0413,Alexis,0,0.0010199716,0.0006175672
28.0,3.0,US0414,Sarah,0,0.0012124995,0.000734138
28.0,3.0,US0415,Morgan,0,0.0010499612,0.00063572516
28.0,3.0,US0416,LJ,0,0.0037722744,0.0022840176
28.0,3.0,US0417,Jeremiah,0,0.007858729,0.0047582635
28.0,3.0,US0418,Jefra,0,0.3330728,0.20166723
28.0,3.0,US0419,Tasha,0,0.0033879648,0.0020513276
28.0,1.0,US0407,David,0,0.002407718,0.0012429161
28.0,4.0,US0424,Tony,1,0.4870009,0.28262106
28.0,13.0,US0424,Tony,1,0.56641656,0.8763779
28.0,12.0,US0424,Tony,1,0.5220283,0.43730134
28.0,11.0,US0421,Spencer,0,0.44676918,0.34102145
28.0,11.0,US0422,Kass,0,0.28067043,0.21423733
28.0,11.0,US0423,Woo,0,0.034894727,0.026635343
28.0,11.0,US0424,Tony,1,0.5294286,0.40411586
28.0,12.0,US0420,Trish,0,0.004903488,0.004107635
28.0,12.0,US0421,Spencer,0,0.37187013,0.31151432
28.0,12.0,US0422,Kass,0,0.24782129,0.20759904
28.0,12.0,US0423,Woo,0,0.047126483,0.039477695
28.0,13.0,US0421,Spencer,0,0.01791399,0.027717099
28.0,13.0,US0422,Kass,0,0.016563008,0.025626816
28.0,13.0,US0423,Woo,0,0.045421917,0.07027825
28.0,11.0,US0420,Trish,0,0.017298352,0.01320393
28.0,6.0,US0415,Morgan,0,0.0010599277,0.0007040363
28.0,5.0,US0418,Jefra,0,0.38190463,0.2257452
28.0,5.0,US0419,Tasha,0,0.0028967822,0.0017122984
28.0,5.0,US0420,Trish,0,0.029790709,0.017609395
28.0,5.0,US0421,Spencer,0,0.29774004,0.1759952
28.0,5.0,US0422,Kass,0,0.3995516,0.23617639
28.0,5.0,US0423,Woo,0,0.027936189,0.016513182
28.0,5.0,US0424,Tony,1,0.5373827,0.31764886
28.0,6.0,US0414,Sarah,0,0.00045211194,0.00030030654
28.0,5.0,US0417,Jeremiah,0,0.007613406,0.0045003113
28.0,6.0,US0416,LJ,0,0.0031508477,0.002092889
28.0,6.0,US0417,Jeremiah,0,0.006823056,0.0045320815
28.0,6.0,US0418,Jefra,0,0.337762,0.22435182
28.0,6.0,US0419,Tasha,0,0.002261493,0.0015021525
28.0,6.0,US0420,Trish,0,0.025784511,0.017126858
28.0,6.0,US0421,Spencer,0,0.25980666,0.17257151
28.0,6.0,US0422,Kass,0,0.32692873,0.21715604
28.0,6.0,US0423,Woo,0,0.017773371,0.011805615
28.0,5.0,US0412,Lindsey,0,0.00080966525,0.00047859602
28.0,5.0,US0413,Alexis,0,0.0006295315,0.00037211832
28.0,5.0,US0414,Sarah,0,0.0011050554,0.00065320224
28.0,5.0,US0415,Morgan,0,0.0010192868,0.00060250406
28.0,5.0,US0416,LJ,0,0.003371278,0.0019927744
28.0,6.0,US0424,Tony,1,0.52369875,0.34785667
28.0,9.0,US0424,Tony,1,0.48440868,0.34275693
28.0,8.0,US0424,Tony,1,0.52715445,0.32901087
28.0,9.0,US0417,Jeremiah,0,0.0035286322,0.0024967825
28.0,9.0,US0418,Jefra,0,0.19493541,0.137932
28.0,9.0,US0419,Tasha,0,0.0023882862,0.0016898987
28.0,9.0,US0420,Trish,0,0.031838816,0.022528445
28.0,9.0,US0421,Spencer,0,0.32435217,0.22950445
28.0,9.0,US0422,Kass,0,0.34033045,0.24081033
28.0,9.0,US0423,Woo,0,0.03148935,0.02228117
28.0,8.0,US0423,Woo,0,0.03269923,0.020408444
28.0,10.0,US0418,Jefra,0,0.050666634,0.040080667
28.0,10.0,US0419,Tasha,0,0.0023840114,0.0018859111
28.0,10.0,US0420,Trish,0,0.027709862,0.021920338
28.0,10.0,US0421,Spencer,0,0.3052942,0.24150795
28.0,10.0,US0422,Kass,0,0.34559402,0.2733878
28.0,10.0,US0423,Woo,0,0.021141877,0.016724627
28.0,10.0,US0424,Tony,1,0.5113259,0.4044927
28.0,11.0,US0419,Tasha,0,0.0010298138,0.0007860627
28.0,7.0,US0423,Woo,0,0.030305175,0.020574326
28.0,7.0,US0415,Morgan,0,0.0005534988,0.0003757729
28.0,7.0,US0416,LJ,0,0.0030309241,0.0020577086
28.0,7.0,US0417,Jeremiah,0,0.0070766327,0.0048043593
28.0,7.0,US0418,Jefra,0,0.25218287,0.17120813
28.0,7.0,US0419,Tasha,0,0.0020760847,0.0014094636
28.0,7.0,US0420,Trish,0,0.01737687,0.011797238
28.0,7.0,US0421,Spencer,0,0.3411333,0.23159699
28.0,7.0,US0422,Kass,0,0.29271087,0.19872278
28.0,7.0,US0424,Tony,1,0.5265146,0.35745323
28.0,8.0,US0416,LJ,0,0.0015927774,0.0009940941
28.0,8.0,US0417,Jeremiah,0,0.0071789483,0.004480569
28.0,8.0,US0418,Jefra,0,0.32961255,0.20571981
28.0,8.0,US0419,Tasha,0,0.002490053,0.0015541072
28.0,8.0,US0420,Trish,0,0.03595001,0.02243734
28.0,8.0,US0421,Spencer,0,0.32636344,0.20369196
28.0,8.0,US0422,Kass,0,0.33919877,0.21170282
29.0,10.0,US0440,Missy,0,0.12828349,0.20049636
29.0,9.0,US0441,Jaclyn,0,0.04227564,0.07601062
29.0,9.0,US0442,Natalie,1,0.051052686,0.09179154
29.0,10.0,US0434,Wes,0,0.0005404941,0.00084474706
29.0,10.0,US0435,Reed,0,0.0022996922,0.0035942267
29.0,10.0,US0436,Alec,0,0.0006440446,0.0010065879
29.0,10.0,US0437,Jon,0,0.016119458,0.025193363
29.0,10.0,US0438,Baylor,0,0.24610335,0.38463894
29.0,10.0,US0439,Keith,0,0.0051025385,0.007974841
29.0,9.0,US0440,Missy,0,0.09880097,0.17764185
29.0,10.0,US0441,Jaclyn,0,0.065608025,0.10253985
29.0,10.0,US0442,Natalie,1,0.17512842,0.27371106
29.0,11.0,US0435,Reed,0,0.0010511286,0.0014938719
29.0,11.0,US0436,Alec,0,0.0005871914,0.00083452085
29.0,11.0,US0437,Jon,0,0.038581073,0.054831713
29.0,11.0,US0438,Baylor,0,0.23859459,0.33909243
29.0,11.0,US0439,Keith,0,0.0067647803,0.009614157
29.0,11.0,US0440,Missy,0,0.089923605,0.1278001
29.0,8.0,US0441,Jaclyn,0,0.04372599,0.094332434
29.0,8.0,US0433,Jeremy,0,0.014973148,0.03230238
29.0,8.0,US0434,Wes,0,0.0004370029,0.00094276987
29.0,8.0,US0435,Reed,0,0.0011168374,0.0024094135
29.0,8.0,US0436,Alec,0,0.00042063734,0.0009074636
29.0,8.0,US0437,Jon,0,0.06728029,0.1451474
29.0,8.0,US0438,Baylor,0,0.14909951,0.32166043
29.0,8.0,US0439,Keith,0,0.0123398015,0.02662132
29.0,8.0,US0440,Missy,0,0.11227532,0.2422176
29.0,11.0,US0441,Jaclyn,0,0.078770414,0.11194911
29.0,8.0,US0442,Natalie,1,0.061465263,0.13260232
29.0,9.0,US0433,Jeremy,0,0.012427003,0.022343462
29.0,9.0,US0434,Wes,0,0.0006662964,0.0011979855
29.0,9.0,US0435,Reed,0,0.0018832011,0.0033859517
29.0,9.0,US0436,Alec,0,0.0005378285,0.0009670031
29.0,9.0,US0437,Jon,0,0.05207061,0.093621746
29.0,9.0,US0438,Baylor,0,0.28502947,0.5124764
29.0,9.0,US0439,Keith,0,0.011437004,0.020563468
29.0,14.0,US0441,Jaclyn,0,0.08797305,0.13258003
29.0,14.0,US0442,Natalie,1,0.4034235,0.60798043
29.0,14.0,US0439,Keith,0,0.0047417465,0.007146062
29.0,14.0,US0440,Missy,0,0.15759997,0.23751146
29.0,13.0,US0437,Jon,0,0.009553361,0.016388867
29.0,11.0,US0442,Natalie,1,0.24935424,0.35438412
29.0,12.0,US0436,Alec,0,0.00033205078,0.00043812062
29.0,12.0,US0437,Jon,0,0.081364885,0.10735597
29.0,12.0,US0438,Baylor,0,0.20559119,0.27126494
29.0,12.0,US0439,Keith,0,0.004287986,0.0056577343
29.0,12.0,US0440,Missy,0,0.100334935,0.13238579
29.0,12.0,US0441,Jaclyn,0,0.07752127,0.10228456
29.0,12.0,US0442,Natalie,1,0.28846577,0.38061288
29.0,13.0,US0438,Baylor,0,0.14236188,0.24422295
29.0,13.0,US0439,Keith,0,0.013722597,0.023541225
29.0,13.0,US0440,Missy,0,0.09585104,0.16443324
29.0,13.0,US0441,Jaclyn,0,0.030210689,0.051826682
29.0,13.0,US0442,Natalie,1,0.29121813,0.49958706
29.0,14.0,US0438,Baylor,0,0.0098085385,0.0147819845
29.0,8.0,US0432,Josh,0,0.00039700264,0.0008564752
29.0,4.0,US0437,Jon,0,0.20132928,0.3295802
29.0,4.0,US0429,Kelley,0,0.00010656698,0.00017445235
29.0,4.0,US0430,Dale,0,0.0020820978,0.0034084371
29.0,4.0,US0431,Julie,0,0.00016969773,0.00027779868
29.0,4.0,US0432,Josh,0,0.00036073374,0.0005905286
29.0,4.0,US0433,Jeremy,0,0.0074442774,0.012186436
29.0,4.0,US0434,Wes,0,0.00049422315,0.0008090535
29.0,4.0,US0435,Reed,0,0.0015315199,0.0025071297
29.0,4.0,US0436,Alec,0,0.0005922444,0.0009695163
29.0,4.0,US0428,Drew,0,0.002198213,0.00359852
29.0,4.0,US0438,Baylor,0,0.1414712,0.2315913
29.0,4.0,US0439,Keith,0,0.025163239,0.041192744
29.0,4.0,US0440,Missy,0,0.12219633,0.20003793
29.0,4.0,US0441,Jaclyn,0,0.016586496,0.027152436
29.0,4.0,US0442,Natalie,1,0.0891397,0.14592353
29.0,5.0,US0429,Kelley,0,7.19232e-05,0.000111957816
29.0,5.0,US0430,Dale,0,0.00192833,0.0030016967
29.0,5.0,US0431,Julie,0,0.00020688551,0.00032204422
29.0,3.0,US0434,Wes,0,0.0035938895,0.005768249
29.0,2.0,US0442,Natalie,1,0.13606888,0.19260974
29.0,3.0,US0427,John,0,0.0006356915,0.0010202948
29.0,3.0,US0428,Drew,0,0.0056792223,0.009115241
29.0,3.0,US0429,Kelley,0,0.00013000901,0.00020866649
29.0,3.0,US0430,Dale,0,0.008368048,0.013430848
29.0,3.0,US0431,Julie,0,0.00014512382,0.000232926
29.0,3.0,US0432,Josh,0,0.002880351,0.0046230084
29.0,3.0,US0433,Jeremy,0,0.016175523,0.025961969
29.0,5.0,US0432,Josh,0,0.00062134897,0.0009672105
29.0,3.0,US0435,Reed,0,0.0021228248,0.003407167
29.0,3.0,US0436,Alec,0,0.002091371,0.0033566833
29.0,3.0,US0437,Jon,0,0.094987795,0.1524569
29.0,3.0,US0438,Baylor,0,0.19712754,0.31639278
29.0,3.0,US0439,Keith,0,0.01575526,0.02528744
29.0,3.0,US0440,Missy,0,0.12413347,0.19923615
29.0,3.0,US0441,Jaclyn,0,0.01462904,0.023479838
29.0,3.0,US0442,Natalie,1,0.13459173,0.21602184
29.0,7.0,US0434,Wes,0,0.00026661687,0.0006279981
29.0,6.0,US0438,Baylor,0,0.12313914,0.19593462
29.0,6.0,US0439,Keith,0,0.019914972,0.031687997
29.0,6.0,US0440,Missy,0,0.13534015,0.21534845
29.0,6.0,US0441,Jaclyn,0,0.034895,0.055523682
29.0,6.0,US0442,Natalie,1,0.0958126,0.1524536
29.0,7.0,US0431,Julie,0,0.00021936277,0.0005166943
29.0,7.0,US0432,Josh,0,0.0015847054,0.003732667
29.0,7.0,US0433,Jeremy,0,0.020444404,0.04815542
29.0,6.0,US0437,Jon,0,0.19991325,0.31809485
29.0,7.0,US0435,Reed,0,0.0016825052,0.003963028
29.0,7.0,US0436,Alec,0,0.0003592106,0.0008460964
29.0,7.0,US0437,Jon,0,0.114142925,0.268856
29.0,7.0,US0438,Baylor,0,0.079374686,0.18696173
29.0,7.0,US0439,Keith,0,0.023355668,0.055012707
29.0,7.0,US0440,Missy,0,0.09893959,0.23304555
29.0,7.0,US0441,Jaclyn,0,0.05140744,0.12108677
29.0,7.0,US0442,Natalie,1,0.032773335,0.07719538
29.0,5.0,US0441,Jaclyn,0,0.039698347,0.06179564
29.0,5.0,US0433,Jeremy,0,0.007469331,0.011626985
29.0,5.0,US0434,Wes,0,0.00039683748,0.00061772915
29.0,5.0,US0435,Reed,0,0.0025387167,0.003951843
29.0,5.0,US0436,Alec,0,0.0005296097,0.0008244064
29.0,5.0,US0437,Jon,0,0.22257924,0.34647354
29.0,5.0,US0438,Baylor,0,0.11803074,0.1837302
29.0,5.0,US0439,Keith,0,0.022521595,0.03505779
29.0,5.0,US0440,Missy,0,0.15266044,0.23763584
29.0,2.0,US0441,Jaclyn,0,0.019319687,0.027347619
29.0,5.0,US0442,Natalie,1,0.07316,0.113883056
29.0,6.0,US0430,Dale,0,0.00092974055,0.0014793702
29.0,6.0,US0431,Julie,0,0.00035484595,0.00056461827
29.0,6.0,US0432,Josh,0,0.00039442163,0.0006275897
29.0,6.0,US0433,Jeremy,0,0.015000257,0.023867875
29.0,6.0,US0434,Wes,0,0.00033397088,0.0005314026
29.0,6.0,US0435,Reed,0,0.0019032013,0.0030283064
29.0,6.0,US0436,Alec,0,0.0005389703,0.00085759035
29.0,2.0,US0432,Josh,0,0.0013923303,0.001970887
29.0,1.0,US0441,Jaclyn,0,0.025939537,0.041523144
29.0,1.0,US0442,Natalie,1,0.11015358,0.17633016
29.0,2.0,US0426,Val,0,7.683906e-05,0.00010876808
29.0,2.0,US0427,John,0,0.0026138308,0.003699959
29.0,2.0,US0428,Drew,0,0.0046427646,0.006571978
29.0,2.0,US0429,Kelley,0,0.000113999595,0.00016136997
29.0,2.0,US0430,Dale,0,0.009030925,0.012783555
29.0,2.0,US0431,Julie,0,0.00015552493,0.00022015038
29.0,1.0,US0440,Missy,0,0.111413136,0.17834641
29.0,2.0,US0433,Jeremy,0,0.010533901,0.014911065
29.0,2.0,US0434,Wes,0,0.007211293,0.0102078095
29.0,2.0,US0435,Reed,0,0.0025027404,0.0035427068
29.0,2.0,US0436,Alec,0,0.0025312293,0.0035830338
29.0,2.0,US0437,Jon,0,0.14954184,0.21168113
29.0,2.0,US0438,Baylor,0,0.22796929,0.3226976
29.0,2.0,US0439,Keith,0,0.014031933,0.019862637
29.0,2.0,US0440,Missy,0,0.11871161,0.16803998
29.0,1.0,US0431,Julie,0,0.00015003799,0.00024017578
29.0,1.0,US0425,Nadiya,0,0.000105939405,0.00016958425
29.0,1.0,US0426,Val,0,0.0001692919,0.0002709968
29.0,1.0,US0427,John,0,0.000991744,0.0015875506
29.0,1.0,US0428,Drew,0,0.005045132,0.008076078
29.0,1.0,US0429,Kelley,0,7.994074e-05,0.00012796646
29.0,1.0,US0430,Dale,0,0.0048856493,0.007820784
29.0,1.0,US0432,Josh,0,0.0005143483,0.00082335155
29.0,1.0,US0433,Jeremy,0,0.017890153,0.028637959
29.0,1.0,US0434,Wes,0,0.0022579213,0.0036144047
29.0,1.0,US0435,Reed,0,0.0030476856,0.004878633
29.0,1.0,US0436,Alec,0,0.0016574551,0.0026531985
29.0,1.0,US0437,Jon,0,0.08974332,0.1436581
29.0,1.0,US0438,Baylor,0,0.23486249,0.37596002
29.0,1.0,US0439,Keith,0,0.015793342,0.025281454
30.0,6.0,US0455,Dan,0,0.14818749,0.109042525
30.0,5.0,US0459,Carolyn,0,0.011763378,0.008194782
30.0,5.0,US0460,Mike,1,0.10350564,0.07210566
30.0,6.0,US0448,Joaquin,0,0.00019855435,0.00014610456
30.0,6.0,US0449,Kelly,0,0.00051202334,0.0003767681
30.0,6.0,US0450,Hali,0,0.025497545,0.018762155
30.0,6.0,US0451,Joe,0,0.0007440793,0.00054752454
30.0,6.0,US0452,Jenn,0,0.00032732924,0.00024086249
30.0,6.0,US0453,Shirin,0,0.015602577,0.011481025
30.0,6.0,US0454,Tyler,0,0.033766154,0.024846543
30.0,5.0,US0458,Will,0,0.18087979,0.1260072
30.0,6.0,US0456,Sierra,0,0.54760903,0.40295354
30.0,6.0,US0457,Rodney,0,0.35231337,0.25924686
30.0,6.0,US0458,Will,0,0.12168734,0.08954261
30.0,6.0,US0459,Carolyn,0,0.016984792,0.012498118
30.0,6.0,US0460,Mike,1,0.09555775,0.07031537
30.0,7.0,US0449,Kelly,0,0.00017674649,0.00015303801
30.0,7.0,US0450,Hali,0,0.02178862,0.01886593
30.0,7.0,US0451,Joe,0,0.00041612182,0.00036030394
30.0,5.0,US0449,Kelly,0,0.00041389963,0.000288337
30.0,4.0,US0455,Dan,0,0.14124636,0.10837133
30.0,4.0,US0456,Sierra,0,0.4912343,0.37689972
30.0,4.0,US0457,Rodney,0,0.30022418,0.23034713
30.0,4.0,US0458,Will,0,0.17266269,0.13247553
30.0,4.0,US0459,Carolyn,0,0.008563564,0.006570398
30.0,4.0,US0460,Mike,1,0.07290903,0.05593948
30.0,5.0,US0447,Max,0,7.689125e-05,5.356514e-05
30.0,5.0,US0448,Joaquin,0,0.00046868937,0.00032650545
30.0,7.0,US0452,Jenn,0,9.591016e-05,8.304493e-05
30.0,5.0,US0450,Hali,0,0.01543791,0.01075459
30.0,5.0,US0451,Joe,0,0.0008217589,0.00057246606
30.0,5.0,US0452,Jenn,0,0.00022470391,0.00015653663
30.0,5.0,US0453,Shirin,0,0.0116007505,0.00808149
30.0,5.0,US0454,Tyler,0,0.074578844,0.05195424
30.0,5.0,US0455,Dan,0,0.13951401,0.09719036
30.0,5.0,US0456,Sierra,0,0.5344073,0.3722869
30.0,5.0,US0457,Rodney,0,0.36177817,0.25202736
30.0,9.0,US0458,Will,0,0.08788699,0.07586725
30.0,8.0,US0460,Mike,1,0.18384208,0.13627443
30.0,9.0,US0451,Joe,0,0.00039259603,0.0003389032
30.0,9.0,US0452,Jenn,0,0.00015605749,0.00013471452
30.0,9.0,US0453,Shirin,0,0.013641794,0.011776093
30.0,9.0,US0454,Tyler,0,0.022001538,0.01899253
30.0,9.0,US0455,Dan,0,0.07432546,0.064160444
30.0,9.0,US0456,Sierra,0,0.45043817,0.38883466
30.0,9.0,US0457,Rodney,0,0.34337217,0.29641137
30.0,8.0,US0459,Carolyn,0,0.010100861,0.007487345
30.0,9.0,US0459,Carolyn,0,0.0066366186,0.005728971
30.0,9.0,US0460,Mike,1,0.15957978,0.13775508
30.0,10.0,US0452,Jenn,0,7.3964286e-05,4.8712933e-05
30.0,10.0,US0453,Shirin,0,0.012517543,0.008244063
30.0,10.0,US0454,Tyler,0,0.033841774,0.022288216
30.0,10.0,US0455,Dan,0,0.19805202,0.13043721
30.0,10.0,US0456,Sierra,0,0.52938807,0.34865537
30.0,10.0,US0457,Rodney,0,0.34616145,0.2279822
30.0,8.0,US0450,Hali,0,0.010995324,0.008150373
30.0,7.0,US0453,Shirin,0,0.013095905,0.011339242
30.0,7.0,US0454,Tyler,0,0.038109772,0.03299779
30.0,7.0,US0455,Dan,0,0.15645286,0.13546653
30.0,7.0,US0456,Sierra,0,0.36595395,0.3168655
30.0,7.0,US0457,Rodney,0,0.29455632,0.25504503
30.0,7.0,US0458,Will,0,0.1375581,0.119106285
30.0,7.0,US0459,Carolyn,0,0.011554266,0.010004397
30.0,7.0,US0460,Mike,1,0.1151603,0.099712886
30.0,4.0,US0454,Tyler,0,0.07378404,0.056610834
30.0,8.0,US0451,Joe,0,0.0006275633,0.00046518634
30.0,8.0,US0452,Jenn,0,0.00011913827,8.8312205e-05
30.0,8.0,US0453,Shirin,0,0.014868566,0.011021445
30.0,8.0,US0454,Tyler,0,0.043239195,0.032051403
30.0,8.0,US0455,Dan,0,0.12628217,0.09360768
30.0,8.0,US0456,Sierra,0,0.49818012,0.36928004
30.0,8.0,US0457,Rodney,0,0.38310996,0.28398335
30.0,8.0,US0458,Will,0,0.0776928,0.057590418
30.0,1.0,US0457,Rodney,0,0.28131506,0.22685477
30.0,1.0,US0449,Kelly,0,0.00033611286,0.00027104418
30.0,1.0,US0450,Hali,0,0.00924554,0.007455679
30.0,1.0,US0451,Joe,0,0.0010531648,0.00084928074
30.0,1.0,US0452,Jenn,0,0.0009360803,0.0007548628
30.0,1.0,US0453,Shirin,0,0.042633057,0.034379646
30.0,1.0,US0454,Tyler,0,0.06918426,0.055790752
30.0,1.0,US0455,Dan,0,0.17562687,0.14162695
30.0,1.0,US0456,Sierra,0,0.48850593,0.39393517
30.0,1.0,US0448,Joaquin,0,0.0005971287,0.00048152948
30.0,1.0,US0458,Will,0,0.110243864,0.08890156
30.0,1.0,US0459,Carolyn,0,0.00775634,0.006254776
30.0,1.0,US0460,Mike,1,0.045062426,0.03633871
30.0,2.0,US0444,Vince,0,0.0003263782,0.0002558827
30.0,2.0,US0445,Nina,0,0.00046689992,0.0003660527
30.0,2.0,US0446,Lindsey,0,0.008768294,0.0068744016
30.0,2.0,US0447,Max,0,0.00032169622,0.00025221202
30.0,2.0,US0448,Joaquin,0,0.00047170985,0.0003698237
30.0,2.0,US0449,Kelly,0,0.0003827959,0.00030011457
30.0,1.0,US0443,So,0,0.0007675326,0.0006189446
30.0,1.0,US0444,Vince,0,0.0013694891,0.0011043672
30.0,1.0,US0445,Nina,0,0.00028497077,0.00022980277
30.0,1.0,US0446,Lindsey,0,0.004663925,0.0037610275
30.0,1.0,US0447,Max,0,0.00048495102,0.00039106846
30.0,3.0,US0460,Mike,1,0.07185957,0.061067235
30.0,3.0,US0452,Jenn,0,0.0004164145,0.00035387467
30.0,3.0,US0453,Shirin,0,0.016374107,0.013914938
30.0,3.0,US0454,Tyler,0,0.11730488,0.09968727
30.0,3.0,US0455,Dan,0,0.12670416,0.107674904
30.0,3.0,US0456,Sierra,0,0.36442354,0.30969205
30.0,3.0,US0457,Rodney,0,0.30175763,0.25643772
30.0,3.0,US0458,Will,0,0.13846253,0.11766733
30.0,3.0,US0459,Carolyn,0,0.008615376,0.0073214634
30.0,3.0,US0451,Joe,0,0.0010453091,0.0008883178
30.0,4.0,US0446,Lindsey,0,0.002211337,0.0016966492
30.0,4.0,US0447,Max,0,0.000375847,0.00028836878
30.0,4.0,US0448,Joaquin,0,0.00047453932,0.0003640905
30.0,4.0,US0449,Kelly,0,0.00042900964,0.00032915783
30.0,4.0,US0450,Hali,0,0.026966097,0.020689748
30.0,4.0,US0451,Joe,0,0.0009821741,0.00075357343
30.0,4.0,US0452,Jenn,0,0.0002542788,0.0001950955
30.0,4.0,US0453,Shirin,0,0.011037956,0.008468877
30.0,2.0,US0458,Will,0,0.12465,0.09772644
30.0,2.0,US0450,Hali,0,0.0112837795,0.00884656
30.0,2.0,US0451,Joe,0,0.0011177256,0.00087630446
30.0,2.0,US0452,Jenn,0,0.00046836425,0.00036720073
30.0,2.0,US0453,Shirin,0,0.017460603,0.013689231
30.0,2.0,US0454,Tyler,0,0.092904925,0.07283809
30.0,2.0,US0455,Dan,0,0.13889462,0.10889432
30.0,2.0,US0456,Sierra,0,0.50319093,0.39450508
30.0,2.0,US0457,Rodney,0,0.30762485,0.24117996
30.0,10.0,US0458,Will,0,0.12855588,0.084667
30.0,2.0,US0459,Carolyn,0,0.006012039,0.004713479
30.0,2.0,US0460,Mike,1,0.061153583,0.04794482
30.0,3.0,US0445,Nina,0,0.00016497228,0.00014019568
30.0,3.0,US0446,Lindsey,0,0.006415446,0.0054519325
30.0,3.0,US0447,Max,0,0.0003248983,0.00027610298
30.0,3.0,US0448,Joaquin,0,0.00051561353,0.00043817537
30.0,3.0,US0449,Kelly,0,0.0002821188,0.00023974838
30.0,3.0,US0450,Hali,0,0.022062212,0.018748766
30.0,14.0,US0459,Carolyn,0,0.006259385,0.023328565
30.0,13.0,US0456,Sierra,0,0.5169869,0.47625872
30.0,13.0,US0457,Rodney,0,0.34488094,0.31771123
30.0,13.0,US0458,Will,0,0.086534,0.07971686
30.0,13.0,US0459,Carolyn,0,0.004368349,0.004024211
30.0,13.0,US0460,Mike,1,0.1130529,0.1041466
30.0,14.0,US0456,Sierra,0,0.056178544,0.20937598
30.0,14.0,US0457,Rodney,0,0.036236458,0.13505234
30.0,14.0,US0458,Will,0,0.09317118,0.34724656
30.0,13.0,US0455,Dan,0,0.019693783,0.018142307
30.0,14.0,US0460,Mike,1,0.07646863,0.2849966
30.0,11.0,US0459,Carolyn,0,0.015459283,0.010571254
30.0,10.0,US0459,Carolyn,0,0.011504011,0.0075765504
30.0,10.0,US0460,Mike,1,0.25827596,0.17010073
30.0,11.0,US0453,Shirin,0,0.0043713176,0.0029891625
30.0,11.0,US0454,Tyler,0,0.06277761,0.042928126
30.0,11.0,US0455,Dan,0,0.1896212,0.12966537
30.0,11.0,US0456,Sierra,0,0.49702328,0.33987084
30.0,11.0,US0457,Rodney,0,0.37845248,0.2587906
30.0,11.0,US0458,Will,0,0.05935611,0.04058846
30.0,11.0,US0460,Mike,1,0.25532746,0.17459616
30.0,12.0,US0454,Tyler,0,0.0048973286,0.003899162
30.0,12.0,US0455,Dan,0,0.20722833,0.16499135
30.0,12.0,US0456,Sierra,0,0.47754723,0.3802142
30.0,12.0,US0457,Rodney,0,0.3916148,0.31179643
30.0,12.0,US0458,Will,0,0.08549834,0.06807219
30.0,12.0,US0459,Carolyn,0,0.023684168,0.018856894
30.0,12.0,US0460,Mike,1,0.065524966,0.05216976
31.0,1.0,US0295,Monica,0,0.0011373737,0.00084602385
31.0,1.0,US0015,Kelly,0,0.002162786,0.0016087663
31.0,1.0,US0021,Kimmi,0,0.12968409,0.09646419
31.0,1.0,US0023,Jeff,0,0.004564051,0.003394923
31.0,1.0,US0105,Andrew,0,0.003996782,0.0029729656
31.0,1.0,US0180,Terry,0,0.006290427,0.00467907
31.0,1.0,US0233,Peih-Gee,0,0.0012796414,0.0009518482
31.0,1.0,US0280,Stephen,0,0.0030366527,0.0022587832
31.0,1.0,US0383,Abi-Maria,0,0.4530806,0.33701938
31.0,1.0,US0402,Vytas,0,0.0018904923,0.0014062234
31.0,1.0,US0406,Ciera,0,0.0058023008,0.004315982
31.0,1.0,US0419,Tasha,0,0.16436784,0.12226334
31.0,1.0,US0421,Spencer,0,0.2592035,0.19280587
31.0,1.0,US0422,Kass,0,0.0011223236,0.00083482894
31.0,1.0,US0423,Woo,0,0.007941168,0.0059069567
31.0,1.0,US0429,Kelley,0,0.03656829,0.02720095
31.0,1.0,US0433,Jeremy,1,0.24063282,0.17899227
31.0,3.0,US0180,Terry,0,0.0021008644,0.0017407321
31.0,2.0,US0433,Jeremy,1,0.26154262,0.20919591
31.0,2.0,US0439,Keith,0,0.0020863623,0.0016687852
31.0,2.0,US0451,Joe,0,0.004587893,0.0036696445
31.0,2.0,US0453,Shirin,0,0.0022427198,0.0017938484
31.0,3.0,US0015,Kelly,0,0.0017612953,0.0014593722
31.0,3.0,US0021,Kimmi,0,0.09733466,0.08064945
31.0,3.0,US0023,Jeff,0,0.0037879257,0.0031385955
31.0,3.0,US0105,Andrew,0,0.0028372353,0.0023508735
31.0,2.0,US0429,Kelley,0,0.019896962,0.015914664
31.0,3.0,US0233,Peih-Gee,0,0.0003648663,0.00030232055
31.0,3.0,US0280,Stephen,0,0.0029428029,0.0024383445
31.0,3.0,US0295,Monica,0,0.00081441866,0.00067481014
31.0,3.0,US0383,Abi-Maria,0,0.4937797,0.40913546
31.0,3.0,US0406,Ciera,0,0.0042592096,0.0035290916
31.0,3.0,US0419,Tasha,0,0.13082938,0.10840247
31.0,3.0,US0421,Spencer,0,0.23750138,0.19678865
31.0,3.0,US0422,Kass,0,0.0008457332,0.00070075673
31.0,2.0,US0233,Peih-Gee,0,0.0011176404,0.0008939491
31.0,1.0,US0439,Keith,0,0.002460404,0.0018301465
31.0,1.0,US0451,Joe,0,0.0048114466,0.0035789455
31.0,1.0,US0453,Shirin,0,0.014342549,0.010668559
31.0,2.0,US0015,Kelly,0,0.0014935012,0.0011945829
31.0,2.0,US0021,Kimmi,0,0.0979746,0.07836538
31.0,2.0,US0023,Jeff,0,0.0035451134,0.0028355732
31.0,2.0,US0105,Andrew,0,0.0042036567,0.0033623115
31.0,2.0,US0180,Terry,0,0.004802103,0.0038409815
31.0,2.0,US0280,Stephen,0,0.0029838968,0.0023866817
31.0,2.0,US0295,Monica,0,0.0008948283,0.000715732
31.0,2.0,US0383,Abi-Maria,0,0.40690693,0.32546613
31.0,2.0,US0406,Ciera,0,0.0046735485,0.0037381565
31.0,2.0,US0419,Tasha,0,0.16384421,0.13105145
31.0,2.0,US0421,Spencer,0,0.26066664,0.20849526
31.0,2.0,US0422,Kass,0,0.0009507517,0.00076046254
31.0,2.0,US0423,Woo,0,0.005814191,0.004650504
31.0,3.0,US0423,Woo,0,0.0067703025,0.0056097303
31.0,9.0,US0433,Jeremy,1,0.55698687,0.5031105
31.0,8.0,US0451,Joe,0,0.034369297,0.036822163
31.0,9.0,US0015,Kelly,0,0.00056179217,0.000507451
31.0,9.0,US0021,Kimmi,0,0.13952355,0.12602769
31.0,9.0,US0280,Stephen,0,0.027225696,0.024592202
31.0,9.0,US0383,Abi-Maria,0,0.1813887,0.16384329
31.0,9.0,US0406,Ciera,0,0.006840019,0.006178396
31.0,9.0,US0419,Tasha,0,0.060893353,0.055003244
31.0,9.0,US0421,Spencer,0,0.09715109,0.08775384
31.0,9.0,US0429,Kelley,0,0.008806042,0.007954249
31.0,8.0,US0439,Keith,0,0.0022029327,0.0023601514
31.0,9.0,US0439,Keith,0,0.0021772627,0.00196666
31.0,9.0,US0451,Joe,0,0.025532128,0.02306245
31.0,10.0,US0021,Kimmi,0,0.13046446,0.16069174
31.0,10.0,US0280,Stephen,0,0.02327941,0.02867301
31.0,10.0,US0383,Abi-Maria,0,0.1841925,0.22686799
31.0,10.0,US0406,Ciera,0,0.004123982,0.0050794664
31.0,10.0,US0419,Tasha,0,0.07326457,0.09023921
31.0,10.0,US0421,Spencer,0,0.13314778,0.16399674
31.0,8.0,US0021,Kimmi,0,0.12981841,0.13908328
31.0,7.0,US0419,Tasha,0,0.049987253,0.0609035
31.0,7.0,US0421,Spencer,0,0.12449369,0.1516807
31.0,7.0,US0422,Kass,0,0.001137169,0.0013855046
31.0,7.0,US0429,Kelley,0,0.020614745,0.025116606
31.0,7.0,US0433,Jeremy,1,0.2938194,0.35798386
31.0,7.0,US0439,Keith,0,0.0016857729,0.0020539132
31.0,7.0,US0451,Joe,0,0.023920322,0.029144058
31.0,8.0,US0015,Kelly,0,0.0010120856,0.0010843159
31.0,10.0,US0429,Kelley,0,0.010886979,0.01340938
31.0,8.0,US0105,Andrew,0,0.0022908158,0.0024543065
31.0,8.0,US0280,Stephen,0,0.015977966,0.017118279
31.0,8.0,US0383,Abi-Maria,0,0.16355431,0.17522684
31.0,8.0,US0406,Ciera,0,0.009303194,0.009967143
31.0,8.0,US0419,Tasha,0,0.036230676,0.03881638
31.0,8.0,US0421,Spencer,0,0.12069902,0.12931305
31.0,8.0,US0429,Kelley,0,0.009519576,0.010198968
31.0,8.0,US0433,Jeremy,1,0.40840796,0.43755516
31.0,13.0,US0439,Keith,0,0.002985164,0.0034324157
31.0,12.0,US0439,Keith,0,0.0022693358,0.0021665408
31.0,12.0,US0451,Joe,0,0.006119225,0.0058420403
31.0,13.0,US0021,Kimmi,0,0.08833113,0.10156533
31.0,13.0,US0383,Abi-Maria,0,0.016601747,0.0190891
31.0,13.0,US0419,Tasha,0,0.111993514,0.12877293
31.0,13.0,US0421,Spencer,0,0.3393949,0.3902447
31.0,13.0,US0429,Kelley,0,0.029673317,0.034119118
31.0,13.0,US0433,Jeremy,1,0.2807179,0.32277644
31.0,12.0,US0433,Jeremy,1,0.2796568,0.26698908
31.0,14.0,US0021,Kimmi,0,0.011883742,0.014082503
31.0,14.0,US0419,Tasha,0,0.10034757,0.118914135
31.0,14.0,US0421,Spencer,0,0.35341907,0.41880956
31.0,14.0,US0429,Kelley,0,0.008883438,0.010527074
31.0,14.0,US0433,Jeremy,1,0.36719805,0.43513796
31.0,14.0,US0439,Keith,0,0.002133909,0.00252873
31.0,11.0,US0429,Kelley,0,0.016738158,0.018958675
31.0,10.0,US0433,Jeremy,1,0.22270276,0.2743007
31.0,10.0,US0439,Keith,0,0.0023517702,0.0028966512
31.0,10.0,US0451,Joe,0,0.027478617,0.03384513
31.0,11.0,US0021,Kimmi,0,0.08825821,0.09996672
31.0,11.0,US0280,Stephen,0,0.008495182,0.00962217
31.0,11.0,US0383,Abi-Maria,0,0.19687697,0.22299506
31.0,11.0,US0419,Tasha,0,0.048290204,0.054696478
31.0,11.0,US0421,Spencer,0,0.28313756,0.32069916
31.0,7.0,US0406,Ciera,0,0.0073510474,0.008956374
31.0,11.0,US0433,Jeremy,1,0.21590601,0.24454853
31.0,11.0,US0439,Keith,0,0.0016451762,0.0018634285
31.0,11.0,US0451,Joe,0,0.023528453,0.026649784
31.0,12.0,US0021,Kimmi,0,0.14493364,0.13836852
31.0,12.0,US0383,Abi-Maria,0,0.2014318,0.19230746
31.0,12.0,US0419,Tasha,0,0.106051356,0.101247504
31.0,12.0,US0421,Spencer,0,0.2819755,0.26920274
31.0,12.0,US0429,Kelley,0,0.025008941,0.0238761
31.0,5.0,US0295,Monica,0,0.0004938189,0.00039928168
31.0,4.0,US0433,Jeremy,1,0.23540592,0.18265225
31.0,4.0,US0439,Keith,0,0.0018990799,0.0014735025
31.0,4.0,US0451,Joe,0,0.0036019376,0.0027947556
31.0,5.0,US0015,Kelly,0,0.0016135267,0.0013046315
31.0,5.0,US0021,Kimmi,0,0.078957595,0.063841864
31.0,5.0,US0105,Andrew,0,0.003934312,0.0031811232
31.0,5.0,US0180,Terry,0,0.0015891107,0.0012848896
31.0,5.0,US0280,Stephen,0,0.002217512,0.0017929892
31.0,4.0,US0429,Kelley,0,0.01870401,0.014512504
31.0,5.0,US0383,Abi-Maria,0,0.3981262,0.3219085
31.0,5.0,US0406,Ciera,0,0.00510737,0.0041296096
31.0,5.0,US0419,Tasha,0,0.17758441,0.14358746
31.0,5.0,US0421,Spencer,0,0.29735228,0.24042684
31.0,5.0,US0422,Kass,0,0.0007682684,0.0006211903
31.0,5.0,US0423,Woo,0,0.003791915,0.0030659868
31.0,5.0,US0429,Kelley,0,0.016900757,0.013665258
31.0,5.0,US0433,Jeremy,1,0.24167019,0.19540459
31.0,4.0,US0180,Terry,0,0.0019489505,0.0015121972
31.0,3.0,US0429,Kelley,0,0.01401195,0.011610007
31.0,3.0,US0433,Jeremy,1,0.20068993,0.16628745
31.0,3.0,US0439,Keith,0,0.0018644044,0.0015448063
31.0,3.0,US0451,Joe,0,0.0043895077,0.0036370538
31.0,4.0,US0015,Kelly,0,0.0017159063,0.0013313775
31.0,4.0,US0021,Kimmi,0,0.09881508,0.07667096
31.0,4.0,US0023,Jeff,0,0.0016558976,0.0012848165
31.0,4.0,US0105,Andrew,0,0.00422627,0.0032791772
31.0,5.0,US0439,Keith,0,0.0026217015,0.0021198
31.0,4.0,US0280,Stephen,0,0.0030523923,0.0023683615
31.0,4.0,US0295,Monica,0,0.0008949332,0.00069438166
31.0,4.0,US0383,Abi-Maria,0,0.49605274,0.384889
31.0,4.0,US0406,Ciera,0,0.0043182457,0.0033505415
31.0,4.0,US0419,Tasha,0,0.15649018,0.121421255
31.0,4.0,US0421,Spencer,0,0.25473145,0.19764699
31.0,4.0,US0422,Kass,0,0.0010103047,0.0007838988
31.0,4.0,US0423,Woo,0,0.0042969026,0.0033339811
31.0,6.0,US0429,Kelley,0,0.017953208,0.013307152
31.0,6.0,US0105,Andrew,0,0.005115692,0.003791818
31.0,6.0,US0280,Stephen,0,0.008774712,0.0065039312
31.0,6.0,US0383,Abi-Maria,0,0.40118316,0.2973622
31.0,6.0,US0406,Ciera,0,0.005987009,0.0044376496
31.0,6.0,US0419,Tasha,0,0.1514188,0.1122336
31.0,6.0,US0421,Spencer,0,0.21178651,0.15697894
31.0,6.0,US0422,Kass,0,0.0023535206,0.0017444603
31.0,6.0,US0423,Woo,0,0.0011105923,0.00082318555
31.0,6.0,US0021,Kimmi,0,0.1008552,0.0747552
31.0,6.0,US0433,Jeremy,1,0.43252608,0.32059398
31.0,6.0,US0439,Keith,0,0.00268847,0.0019927293
31.0,6.0,US0451,Joe,0,0.004372152,0.0032406964
31.0,7.0,US0015,Kelly,0,0.00097189925,0.0011841432
31.0,7.0,US0021,Kimmi,0,0.07300402,0.088946685
31.0,7.0,US0105,Andrew,0,0.004130224,0.0050321855
31.0,7.0,US0280,Stephen,0,0.011533579,0.01405229
31.0,7.0,US0383,Abi-Maria,0,0.20811246,0.2535602
31.0,5.0,US0451,Joe,0,0.004039194,0.0032659264
31.0,6.0,US0015,Kelly,0,0.0014275346,0.0010581074
31.0,6.0,US0180,Terry,0,0.0015870694,0.0011763566
32.0,14.0,US0478,Michele,1,0.55364054,0.5535445
32.0,14.0,US0477,Aubry,0,0.42661902,0.42654505
32.0,13.0,US0477,Aubry,0,0.28213897,0.3961224
32.0,12.0,US0474,Joe,0,0.022019349,0.033322837
32.0,12.0,US0475,Cydney,0,0.033443954,0.05061219
32.0,12.0,US0476,Tai,0,0.011449103,0.017326426
32.0,12.0,US0477,Aubry,0,0.3194248,0.48339945
32.0,12.0,US0478,Michele,1,0.27405125,0.41473365
32.0,13.0,US0474,Joe,0,0.012776233,0.017937798
32.0,13.0,US0475,Cydney,0,0.042936157,0.060282253
32.0,13.0,US0476,Tai,0,0.011143535,0.015645495
32.0,13.0,US0478,Michele,1,0.3632571,0.51001203
32.0,14.0,US0475,Cydney,0,0.006557244,0.0065561067
32.0,14.0,US0476,Tai,0,0.013356588,0.013354272
32.0,12.0,US0473,Jason,0,0.00040004478,0.00060540513
32.0,7.0,US0468,Neal,0,0.0006859991,0.0008872295
32.0,6.0,US0471,Scot,0,0.00077086926,0.0009432873
32.0,6.0,US0472,Julia,0,0.0017816992,0.0021802066
32.0,6.0,US0473,Jason,0,0.0008934494,0.0010932846
32.0,6.0,US0474,Joe,0,0.022927914,0.028056132
32.0,6.0,US0475,Cydney,0,0.034550235,0.04227798
32.0,6.0,US0476,Tai,0,0.002007739,0.0024568038
32.0,6.0,US0477,Aubry,0,0.39881486,0.48801658
32.0,6.0,US0478,Michele,1,0.34457114,0.42164034
32.0,6.0,US0470,Debbie,0,0.009812953,0.012007787
32.0,7.0,US0469,Nick,0,0.0006228161,0.0008055124
32.0,7.0,US0470,Debbie,0,0.009406913,0.012166329
32.0,7.0,US0471,Scot,0,0.00074145116,0.0009589478
32.0,7.0,US0472,Julia,0,0.0013291498,0.0017190415
32.0,7.0,US0473,Jason,0,0.00083902886,0.0010851489
32.0,7.0,US0474,Joe,0,0.017078921,0.022088837
32.0,7.0,US0475,Cydney,0,0.039384667,0.05093773
32.0,7.0,US0476,Tai,0,0.002499538,0.0032327503
32.0,5.0,US0473,Jason,0,0.0014506514,0.0021111756
32.0,4.0,US0478,Michele,1,0.089140326,0.13065141
32.0,5.0,US0466,Anna,0,0.00061881955,0.00090058625
32.0,5.0,US0467,Peter,0,0.00073655945,0.0010719366
32.0,5.0,US0468,Neal,0,0.00040518542,0.00058967824
32.0,5.0,US0469,Nick,0,0.00028709622,0.00041781957
32.0,5.0,US0470,Debbie,0,0.005919632,0.008615014
32.0,5.0,US0471,Scot,0,0.0008564182,0.0012463706
32.0,5.0,US0472,Julia,0,0.0012023597,0.0017498294
32.0,7.0,US0477,Aubry,0,0.43274996,0.55969244
32.0,5.0,US0474,Joe,0,0.018160468,0.026429463
32.0,5.0,US0475,Cydney,0,0.068408504,0.09955691
32.0,5.0,US0476,Tai,0,0.009233789,0.013438203
32.0,5.0,US0477,Aubry,0,0.437696,0.63699186
32.0,5.0,US0478,Michele,1,0.1421542,0.20688118
32.0,6.0,US0467,Peter,0,0.0003148228,0.00038523827
32.0,6.0,US0468,Neal,0,0.0004393543,0.00053762336
32.0,6.0,US0469,Nick,0,0.0003307721,0.00040475492
32.0,10.0,US0477,Aubry,0,0.3998653,0.4876788
32.0,9.0,US0477,Aubry,0,0.534978,0.5388274
32.0,9.0,US0478,Michele,1,0.35972548,0.36231387
32.0,10.0,US0471,Scot,0,0.00031501194,0.000384191
32.0,10.0,US0472,Julia,0,0.001456642,0.0017765318
32.0,10.0,US0473,Jason,0,0.0012220466,0.0014904174
32.0,10.0,US0474,Joe,0,0.017506892,0.02135154
32.0,10.0,US0475,Cydney,0,0.057123985,0.06966885
32.0,10.0,US0476,Tai,0,0.0035106959,0.0042816717
32.0,9.0,US0476,Tai,0,0.0068805413,0.0069300504
32.0,10.0,US0478,Michele,1,0.3389352,0.41336796
32.0,11.0,US0472,Julia,0,0.00073327124,0.0008158103
32.0,11.0,US0473,Jason,0,0.001264552,0.0014068935
32.0,11.0,US0474,Joe,0,0.017972445,0.019995473
32.0,11.0,US0475,Cydney,0,0.030812217,0.034280524
32.0,11.0,US0476,Tai,0,0.002930437,0.0032602951
32.0,11.0,US0477,Aubry,0,0.37064618,0.41236714
32.0,11.0,US0478,Michele,1,0.4744666,0.5278739
32.0,8.0,US0476,Tai,0,0.0051322384,0.0055723814
32.0,7.0,US0478,Michele,1,0.26785395,0.34642598
32.0,8.0,US0469,Nick,0,0.00037006507,0.000401802
32.0,8.0,US0470,Debbie,0,0.008398495,0.0091187535
32.0,8.0,US0471,Scot,0,0.0007690365,0.00083498936
32.0,8.0,US0472,Julia,0,0.0016721196,0.0018155213
32.0,8.0,US0473,Jason,0,0.0013691044,0.0014865194
32.0,8.0,US0474,Joe,0,0.018395469,0.019973071
32.0,8.0,US0475,Cydney,0,0.0517554,0.056193963
32.0,8.0,US0477,Aubry,0,0.438846,0.47648162
32.0,8.0,US0478,Michele,1,0.39430556,0.4281214
32.0,9.0,US0470,Debbie,0,0.0038310364,0.0038586026
32.0,9.0,US0471,Scot,0,0.0009538625,0.000960726
32.0,9.0,US0472,Julia,0,0.0019833625,0.0019976338
32.0,9.0,US0473,Jason,0,0.0009255352,0.00093219493
32.0,9.0,US0474,Joe,0,0.019872477,0.020015469
32.0,9.0,US0475,Cydney,0,0.06370564,0.064164035
32.0,4.0,US0477,Aubry,0,0.47851843,0.70135605
32.0,2.0,US0477,Aubry,0,0.39385673,0.593665
32.0,2.0,US0469,Nick,0,0.0008913394,0.0013435266
32.0,2.0,US0470,Debbie,0,0.005438589,0.008197651
32.0,2.0,US0471,Scot,0,0.0012062173,0.001818146
32.0,2.0,US0472,Julia,0,0.0014014576,0.002112434
32.0,2.0,US0473,Jason,0,0.0020253574,0.0030528458
32.0,2.0,US0474,Joe,0,0.022632696,0.034114536
32.0,2.0,US0475,Cydney,0,0.06272633,0.09454815
32.0,2.0,US0476,Tai,0,0.011276181,0.016996725
32.0,2.0,US0468,Neal,0,0.00041912537,0.0006317528
32.0,2.0,US0478,Michele,1,0.15333128,0.2311181
32.0,3.0,US0463,Liz,0,0.00051088474,0.00069664797
32.0,3.0,US0464,Caleb,0,0.002122561,0.002894347
32.0,3.0,US0465,Alecia,0,0.0011764892,0.0016042733
32.0,3.0,US0466,Anna,0,0.001245622,0.0016985438
32.0,3.0,US0467,Peter,0,0.00071172934,0.0009705218
32.0,3.0,US0468,Neal,0,0.0003907875,0.00053288206
32.0,3.0,US0469,Nick,0,0.00096949603,0.0013220153
32.0,1.0,US0476,Tai,0,0.0031330928,0.0045121596
32.0,1.0,US0468,Neal,0,0.00045451868,0.0006545803
32.0,1.0,US0469,Nick,0,0.00076454954,0.0011010747
32.0,1.0,US0470,Debbie,0,0.0063033905,0.0090779
32.0,1.0,US0471,Scot,0,0.0014909414,0.0021471963
32.0,1.0,US0472,Julia,0,0.0013277358,0.001912154
32.0,1.0,US0473,Jason,0,0.0012440301,0.0017916042
32.0,1.0,US0474,Joe,0,0.022509253,0.03241696
32.0,1.0,US0475,Cydney,0,0.061072815,0.087954715
32.0,3.0,US0470,Debbie,0,0.0057998453,0.007908732
32.0,1.0,US0477,Aubry,0,0.42066354,0.6058234
32.0,1.0,US0478,Michele,1,0.1653722,0.23816267
32.0,2.0,US0462,Jennifer,0,0.0005238119,0.00078954804
32.0,2.0,US0463,Liz,0,0.0011565975,0.0017433534
32.0,2.0,US0464,Caleb,0,0.0020957422,0.0031589377
32.0,2.0,US0465,Alecia,0,0.001932055,0.0029122098
32.0,2.0,US0466,Anna,0,0.0015552265,0.0023442118
32.0,2.0,US0467,Peter,0,0.00096387515,0.0014528607
32.0,4.0,US0468,Neal,0,0.00037560862,0.000550523
32.0,4.0,US0474,Joe,0,0.025952619,0.0380383
32.0,4.0,US0475,Cydney,0,0.07042514,0.103220895
32.0,4.0,US0476,Tai,0,0.0022927762,0.003360482
32.0,4.0,US0465,Alecia,0,0.00053996703,0.0007914202
32.0,4.0,US0466,Anna,0,0.0012567586,0.001842009
32.0,4.0,US0467,Peter,0,0.00073523115,0.0010776154
32.0,4.0,US0473,Jason,0,0.001928116,0.0028260057
32.0,4.0,US0469,Nick,0,0.0008583091,0.0012580086
32.0,4.0,US0470,Debbie,0,0.005968985,0.008748637
32.0,4.0,US0471,Scot,0,0.0008753747,0.0012830214
32.0,4.0,US0472,Julia,0,0.0011025775,0.0016160286
32.0,4.0,US0464,Caleb,0,0.002305792,0.003379559
32.0,3.0,US0471,Scot,0,0.0009416344,0.0012840229
32.0,3.0,US0472,Julia,0,0.0011503877,0.0015686811
32.0,3.0,US0473,Jason,0,0.0014654652,0.0019983242
32.0,3.0,US0474,Joe,0,0.023575852,0.032148287
32.0,3.0,US0475,Cydney,0,0.05635602,0.07684768
32.0,3.0,US0476,Tai,0,0.0029218893,0.00398432
32.0,3.0,US0477,Aubry,0,0.53742653,0.73284066
32.0,3.0,US0478,Michele,1,0.096581906,0.13170013
32.0,1.0,US0467,Peter,0,0.0009235202,0.0013300182
32.0,1.0,US0461,Darnell,0,0.00048116033,0.0006929486
32.0,1.0,US0462,Jennifer,0,0.0012953818,0.001865559
32.0,1.0,US0463,Liz,0,0.0012702432,0.0018293554
32.0,1.0,US0464,Caleb,0,0.0019412801,0.0027957568
32.0,1.0,US0465,Alecia,0,0.002782434,0.004007154
32.0,1.0,US0466,Anna,0,0.0013364651,0.0019247256
33.0,6.0,US0493,Jay,0,0.026867853,0.03148375
33.0,6.0,US0484,Figgy,0,0.0015061192,0.0017648704
33.0,6.0,US0485,Michaela,0,0.0030950252,0.0036267505
33.0,6.0,US0486,Michelle,0,0.0011756793,0.001377661
33.0,6.0,US0487,Taylor,0,0.0012189205,0.001428331
33.0,6.0,US0488,Chris,0,0.0021600053,0.0025310942
33.0,6.0,US0489,Jessica,0,0.0010199536,0.0011951816
33.0,6.0,US0490,Zeke,0,0.007797562,0.009137183
33.0,6.0,US0491,Will,0,0.001281405,0.0015015503
33.0,6.0,US0492,Sunday,0,0.0025507717,0.0029889944
33.0,5.0,US0498,Adam,1,0.12136924,0.13552089
33.0,6.0,US0494,Bret,0,0.016079644,0.018842127
33.0,6.0,US0495,David,0,0.2518758,0.29514804
33.0,6.0,US0496,Hannah,0,0.001591667,0.0018651154
33.0,6.0,US0497,Ken,0,0.4378578,0.5130818
33.0,6.0,US0498,Adam,1,0.09730974,0.11402755
33.0,7.0,US0485,Michaela,0,0.0010163675,0.0009899833
33.0,7.0,US0486,Michelle,0,0.0010900748,0.0010617772
33.0,7.0,US0487,Taylor,0,0.0022213103,0.0021636465
33.0,5.0,US0489,Jessica,0,0.0010848597,0.0012113543
33.0,4.0,US0497,Ken,0,0.43229097,0.47808048
33.0,4.0,US0498,Adam,1,0.11837355,0.13091202
33.0,5.0,US0483,CeCe,0,0.00021324224,0.00023810628
33.0,5.0,US0484,Figgy,0,0.0029364438,0.003278833
33.0,5.0,US0485,Michaela,0,0.0009497314,0.00106047
33.0,5.0,US0486,Michelle,0,0.0014157938,0.0015808753
33.0,5.0,US0487,Taylor,0,0.001178581,0.0013160035
33.0,5.0,US0488,Chris,0,0.0022516395,0.0025141805
33.0,7.0,US0488,Chris,0,0.0024533747,0.0023896869
33.0,5.0,US0490,Zeke,0,0.008123878,0.009071122
33.0,5.0,US0491,Will,0,0.002594611,0.0028971424
33.0,5.0,US0492,Sunday,0,0.0029642996,0.003309937
33.0,5.0,US0493,Jay,0,0.04530908,0.05059212
33.0,5.0,US0494,Bret,0,0.02043824,0.022821339
33.0,5.0,US0495,David,0,0.24857521,0.27755907
33.0,5.0,US0496,Hannah,0,0.0018068383,0.0020175157
33.0,5.0,US0497,Ken,0,0.43436423,0.48501107
33.0,9.0,US0490,Zeke,0,0.017115526,0.020522626
33.0,8.0,US0494,Bret,0,0.014030923,0.017854156
33.0,8.0,US0495,David,0,0.20325992,0.25864542
33.0,8.0,US0496,Hannah,0,0.001582984,0.0020143252
33.0,8.0,US0497,Ken,0,0.30194855,0.38422534
33.0,8.0,US0498,Adam,1,0.22049771,0.28058028
33.0,9.0,US0487,Taylor,0,0.0006171086,0.00073995325
33.0,9.0,US0488,Chris,0,0.0017908743,0.0021473744
33.0,9.0,US0489,Jessica,0,0.0010344494,0.001240372
33.0,8.0,US0493,Jay,0,0.016772635,0.021342946
33.0,9.0,US0491,Will,0,0.0015929549,0.0019100562
33.0,9.0,US0492,Sunday,0,0.0028963496,0.0034729112
33.0,9.0,US0493,Jay,0,0.019882878,0.023840861
33.0,9.0,US0494,Bret,0,0.012800597,0.0153487455
33.0,9.0,US0495,David,0,0.200609,0.2405432
33.0,9.0,US0496,Hannah,0,0.0018969156,0.002274525
33.0,9.0,US0497,Ken,0,0.37475222,0.44935223
33.0,9.0,US0498,Adam,1,0.19899435,0.23860714
33.0,7.0,US0497,Ken,0,0.37831312,0.3684924
33.0,7.0,US0489,Jessica,0,0.0010695487,0.001041784
33.0,7.0,US0490,Zeke,0,0.017906826,0.017441977
33.0,7.0,US0491,Will,0,0.0013963379,0.0013600899
33.0,7.0,US0492,Sunday,0,0.0028156904,0.002742597
33.0,7.0,US0493,Jay,0,0.0250904,0.02443907
33.0,7.0,US0494,Bret,0,0.018663129,0.018178647
33.0,7.0,US0495,David,0,0.25170064,0.24516667
33.0,7.0,US0496,Hannah,0,0.0024941568,0.0024294103
33.0,4.0,US0496,Hannah,0,0.0018834162,0.002082913
33.0,7.0,US0498,Adam,1,0.3204201,0.3121022
33.0,8.0,US0486,Michelle,0,0.00049138966,0.00062528654
33.0,8.0,US0487,Taylor,0,0.0018753374,0.0023863409
33.0,8.0,US0488,Chris,0,0.0018503449,0.0023545383
33.0,8.0,US0489,Jessica,0,0.0011370818,0.0014469208
33.0,8.0,US0490,Zeke,0,0.019180717,0.024407197
33.0,8.0,US0491,Will,0,0.000982598,0.0012503425
33.0,8.0,US0492,Sunday,0,0.0022530186,0.002866935
33.0,2.0,US0486,Michelle,0,0.0012555759,0.0010899701
33.0,1.0,US0497,Ken,0,0.36484152,0.28439805
33.0,1.0,US0498,Adam,1,0.15390375,0.119969696
33.0,2.0,US0480,Mari,0,0.0004884823,0.00042405332
33.0,2.0,US0481,Paul,0,0.0021273133,0.0018467286
33.0,2.0,US0482,Lucy,0,0.011906172,0.010335793
33.0,2.0,US0483,CeCe,0,0.0005992462,0.00052020786
33.0,2.0,US0484,Figgy,0,0.0029124261,0.002528288
33.0,2.0,US0485,Michaela,0,0.0010143355,0.0008805485
33.0,1.0,US0496,Hannah,0,0.0024675908,0.0019235146
33.0,2.0,US0487,Taylor,0,0.0012008838,0.0010424916
33.0,2.0,US0488,Chris,0,0.00450215,0.0039083334
33.0,2.0,US0489,Jessica,0,0.0012430974,0.0010791374
33.0,2.0,US0490,Zeke,0,0.008321483,0.00722391
33.0,2.0,US0491,Will,0,0.002960656,0.0025701567
33.0,2.0,US0492,Sunday,0,0.0034094509,0.002959757
33.0,2.0,US0493,Jay,0,0.041158307,0.03572968
33.0,2.0,US0494,Bret,0,0.023463394,0.02036866
33.0,1.0,US0487,Taylor,0,0.0013822912,0.0010775115
33.0,1.0,US0479,Rachel,0,0.00022602562,0.0001761895
33.0,1.0,US0480,Mari,0,0.0009748636,0.000759917
33.0,1.0,US0481,Paul,0,0.010142597,0.007906267
33.0,1.0,US0482,Lucy,0,0.033132896,0.025827462
33.0,1.0,US0483,CeCe,0,0.000657544,0.00051256287
33.0,1.0,US0484,Figgy,0,0.0029081781,0.0022669574
33.0,1.0,US0485,Michaela,0,0.00096120057,0.0007492666
33.0,1.0,US0486,Michelle,0,0.00090181956,0.0007029784
33.0,2.0,US0495,David,0,0.47449395,0.41190997
33.0,1.0,US0488,Chris,0,0.015616321,0.012173097
33.0,1.0,US0489,Jessica,0,0.0027443825,0.0021392768
33.0,1.0,US0490,Zeke,0,0.0069060423,0.005383337
33.0,1.0,US0491,Will,0,0.0048013353,0.0037426944
33.0,1.0,US0492,Sunday,0,0.01381573,0.010769515
33.0,1.0,US0493,Jay,0,0.046646595,0.03636154
33.0,1.0,US0494,Bret,0,0.11204904,0.08734348
33.0,1.0,US0495,David,0,0.5077756,0.39581674
33.0,4.0,US0487,Taylor,0,0.0012919361,0.0014287818
33.0,3.0,US0496,Hannah,0,0.0020299493,0.0017511874
33.0,3.0,US0497,Ken,0,0.4293168,0.37036103
33.0,3.0,US0498,Adam,1,0.1879804,0.16216606
33.0,4.0,US0482,Lucy,0,0.004794653,0.0053025163
33.0,4.0,US0483,CeCe,0,0.0005521094,0.0006105904
33.0,4.0,US0484,Figgy,0,0.0030310308,0.0033520863
33.0,4.0,US0486,Michelle,0,0.0009525547,0.001053452
33.0,3.0,US0495,David,0,0.43701893,0.3770055
33.0,4.0,US0488,Chris,0,0.0031136377,0.0034434432
33.0,4.0,US0489,Jessica,0,0.001216611,0.0013454779
33.0,4.0,US0490,Zeke,0,0.007954383,0.008796934
33.0,4.0,US0491,Will,0,0.0029983304,0.003315922
33.0,4.0,US0492,Sunday,0,0.004169579,0.004611233
33.0,4.0,US0493,Jay,0,0.058366604,0.06454896
33.0,4.0,US0494,Bret,0,0.024795912,0.027422367
33.0,4.0,US0495,David,0,0.23728056,0.262414
33.0,3.0,US0486,Michelle,0,0.0009040185,0.0007798745
33.0,2.0,US0496,Hannah,0,0.0017385829,0.0015092703
33.0,2.0,US0497,Ken,0,0.3992319,0.34657472
33.0,2.0,US0498,Adam,1,0.1699086,0.1474983
33.0,3.0,US0481,Paul,0,0.0009427278,0.00081326807
33.0,3.0,US0482,Lucy,0,0.011311967,0.009758555
33.0,3.0,US0483,CeCe,0,0.00049801107,0.0004296219
33.0,3.0,US0484,Figgy,0,0.0030978087,0.0026724034
33.0,3.0,US0485,Michaela,0,0.0010567055,0.0009115938
33.0,10.0,US0488,Chris,0,0.00069964014,0.00076091336
33.0,3.0,US0487,Taylor,0,0.0012703242,0.0010958775
33.0,3.0,US0488,Chris,0,0.002933837,0.002530949
33.0,3.0,US0489,Jessica,0,0.0009916533,0.0008554749
33.0,3.0,US0490,Zeke,0,0.008055534,0.006949311
33.0,3.0,US0491,Will,0,0.002889077,0.0024923356
33.0,3.0,US0492,Sunday,0,0.0034715037,0.002994781
33.0,3.0,US0493,Jay,0,0.04311384,0.037193246
33.0,3.0,US0494,Bret,0,0.022301538,0.019238988
33.0,11.0,US0496,Hannah,0,0.0031622672,0.002749236
33.0,10.0,US0497,Ken,0,0.17416205,0.18941484
33.0,10.0,US0498,Adam,1,0.23805434,0.2589027
33.0,11.0,US0490,Zeke,0,0.015714075,0.013661624
33.0,11.0,US0491,Will,0,0.00290877,0.0025288488
33.0,11.0,US0492,Sunday,0,0.0029357304,0.002552288
33.0,11.0,US0493,Jay,0,0.04053162,0.035237692
33.0,11.0,US0494,Bret,0,0.013630385,0.011850089
33.0,11.0,US0495,David,0,0.3560226,0.30952168
33.0,10.0,US0496,Hannah,0,0.0024078086,0.00261868
33.0,11.0,US0497,Ken,0,0.41661766,0.36220226
33.0,11.0,US0498,Adam,1,0.29871172,0.2596963
33.0,12.0,US0491,Will,0,0.0015102971,0.00135699
33.0,12.0,US0492,Sunday,0,0.0014099441,0.0012668237
33.0,12.0,US0493,Jay,0,0.028783007,0.025861304
33.0,12.0,US0494,Bret,0,0.013895379,0.012484889
33.0,12.0,US0495,David,0,0.32968056,0.2962154
33.0,12.0,US0496,Hannah,0,0.0039389357,0.0035391026
33.0,10.0,US0489,Jessica,0,0.00050575705,0.00055005035
33.0,10.0,US0490,Zeke,0,0.08722147,0.094860174
33.0,10.0,US0491,Will,0,0.0018571651,0.0020198124
33.0,10.0,US0492,Sunday,0,0.0025654142,0.0027900885
33.0,10.0,US0493,Jay,0,0.029174604,0.03172966
33.0,10.0,US0494,Bret,0,0.010095841,0.010980017
33.0,10.0,US0495,David,0,0.37273008,0.4053731
33.0,12.0,US0497,Ken,0,0.46835527,0.4208135
33.0,13.0,US0497,Ken,0,0.62863094,0.6460229
33.0,13.0,US0498,Adam,1,0.29311538,0.30122483
33.0,13.0,US0495,David,0,0.030087763,0.030920185
33.0,13.0,US0496,Hannah,0,0.0052322107,0.0053769676
33.0,13.0,US0493,Jay,0,0.011478981,0.011796564
33.0,12.0,US0498,Adam,1,0.26540244,0.23846199
33.0,13.0,US0494,Bret,0,0.004533105,0.00465852
33.0,4.0,US0485,Michaela,0,0.0011563622,0.0012788475
34.0,12.0,US0414,Sarah,1,0.5256715,0.9274462
34.0,2.0,US0023,Jeff,0,0.0011474867,0.0009811012
34.0,2.0,US0477,Aubry,0,0.014094279,0.012050609
34.0,2.0,US0476,Tai,0,0.0048287297,0.004128564
34.0,2.0,US0470,Debbie,0,0.00072639406,0.00062106695
34.0,2.0,US0464,Caleb,0,0.0006803517,0.0005817007
34.0,2.0,US0456,Sierra,0,0.00036960107,0.00031600893
34.0,2.0,US0450,Hali,0,0.0018786035,0.0016062061
34.0,2.0,US0414,Sarah,1,0.116387144,0.09951101
34.0,2.0,US0401,Brad,0,0.0018218681,0.0015576973
34.0,2.0,US0384,Malcolm,0,0.0009380896,0.00080206664
34.0,2.0,US0364,Troyzan,0,0.0059039197,0.0050478517
34.0,2.0,US0333,Andrea,0,0.18846329,0.16113612
34.0,2.0,US0281,J.T.,0,0.0033071875,0.0028276455
34.0,2.0,US0201,Ozzy,0,0.00075533,0.0006458072
34.0,2.0,US0179,Cirie,0,0.06559491,0.056083653
34.0,2.0,US0112,Sandra,0,0.01066061,0.009114822
34.0,2.0,US0485,Michaela,0,0.7480952,0.63962144
34.0,1.0,US0490,Zeke,0,0.003657149,0.0032554443
34.0,1.0,US0477,Aubry,0,0.045256123,0.040285148
34.0,1.0,US0476,Tai,0,0.0057490906,0.005117605
34.0,1.0,US0470,Debbie,0,0.0007508669,0.00066839095
34.0,1.0,US0464,Caleb,0,0.0021205563,0.0018876324
34.0,1.0,US0456,Sierra,0,0.00046342428,0.00041252133
34.0,1.0,US0450,Hali,0,0.0012382759,0.0011022625
34.0,1.0,US0424,Tony,0,0.0063500414,0.005652547
34.0,1.0,US0414,Sarah,1,0.20807719,0.1852218
34.0,1.0,US0401,Brad,0,0.0028412354,0.0025291515
34.0,1.0,US0384,Malcolm,0,0.0012854824,0.0011442838
34.0,1.0,US0364,Troyzan,0,0.011944097,0.010632146
34.0,1.0,US0333,Andrea,0,0.103315465,0.091967195
34.0,3.0,US0476,Tai,0,0.0010945288,0.0009796609
34.0,4.0,US0470,Debbie,0,0.0007359939,0.00070797716
34.0,4.0,US0456,Sierra,0,0.0003777303,0.0003633514
34.0,4.0,US0450,Hali,0,0.0025452564,0.0024483672
34.0,4.0,US0414,Sarah,1,0.22446555,0.21592093
34.0,4.0,US0401,Brad,0,0.0023626126,0.0022726762
34.0,4.0,US0364,Troyzan,0,0.0075569944,0.0072693257
34.0,4.0,US0333,Andrea,0,0.094338216,0.09074709
34.0,4.0,US0281,J.T.,0,0.0014923321,0.0014355242
34.0,4.0,US0201,Ozzy,0,0.000849049,0.0008167286
34.0,4.0,US0179,Cirie,0,0.037432227,0.03600731
34.0,4.0,US0112,Sandra,0,0.014442429,0.013892655
34.0,4.0,US0023,Jeff,0,0.0011112954,0.0010689922
34.0,3.0,US0490,Zeke,0,0.003382116,0.003027172
34.0,3.0,US0485,Michaela,0,0.6168009,0.5520693
34.0,3.0,US0477,Aubry,0,0.028212344,0.025251534
34.0,1.0,US0281,J.T.,0,0.0014117507,0.0012566827
34.0,3.0,US0470,Debbie,0,0.00073661667,0.0006593107
34.0,3.0,US0456,Sierra,0,0.00038334532,0.00034311425
34.0,3.0,US0450,Hali,0,0.0023275188,0.002083252
34.0,3.0,US0414,Sarah,1,0.13711163,0.122722134
34.0,3.0,US0401,Brad,0,0.0021791125,0.0019504204
34.0,3.0,US0384,Malcolm,0,0.00027877683,0.00024951994
34.0,3.0,US0364,Troyzan,0,0.007146544,0.006396533
34.0,3.0,US0333,Andrea,0,0.23430687,0.20971699
34.0,3.0,US0281,J.T.,0,0.0053246743,0.004765864
34.0,3.0,US0201,Ozzy,0,0.00084952527,0.0007603698
34.0,3.0,US0179,Cirie,0,0.06550094,0.05862679
34.0,3.0,US0112,Sandra,0,0.010491146,0.009390128
34.0,3.0,US0023,Jeff,0,0.0011260444,0.001007869
34.0,2.0,US0490,Zeke,0,0.0039375555,0.00336661
34.0,1.0,US0406,Ciera,0,0.00029867288,0.00026586637
34.0,1.0,US0201,Ozzy,0,0.00047557318,0.0004233358
34.0,1.0,US0179,Cirie,0,0.07766958,0.06913828
34.0,1.0,US0112,Sandra,0,0.010317036,0.009183803
34.0,1.0,US0023,Jeff,0,0.002873905,0.0025582325
34.0,1.0,US0485,Michaela,0,0.63729924,0.5672977
34.0,4.0,US0476,Tai,0,0.0011049281,0.0010628672
34.0,9.0,US0477,Aubry,0,0.03296215,0.024988411
34.0,11.0,US0401,Brad,0,0.008240683,0.010916019
34.0,11.0,US0364,Troyzan,0,0.0047378284,0.006275963
34.0,11.0,US0333,Andrea,0,0.009394826,0.012444854
34.0,11.0,US0179,Cirie,0,0.13404171,0.17755832
34.0,10.0,US0485,Michaela,0,0.5346928,0.3979001
34.0,10.0,US0477,Aubry,0,0.020866258,0.015527955
34.0,10.0,US0476,Tai,0,0.014978255,0.011146305
34.0,10.0,US0456,Sierra,0,0.0005916889,0.00044031464
34.0,10.0,US0414,Sarah,1,0.43718994,0.3253418
34.0,10.0,US0401,Brad,0,0.010855159,0.008078038
34.0,10.0,US0364,Troyzan,0,0.0042989776,0.003199152
34.0,10.0,US0333,Andrea,0,0.17215988,0.12811549
34.0,10.0,US0179,Cirie,0,0.14815365,0.110250875
34.0,9.0,US0490,Zeke,0,0.002044056,0.0015495868
34.0,9.0,US0485,Michaela,0,0.5726118,0.43409362
34.0,11.0,US0414,Sarah,1,0.5002682,0.66268015
34.0,9.0,US0476,Tai,0,0.012991733,0.009848956
34.0,9.0,US0456,Sierra,0,0.0016068714,0.0012181597
34.0,9.0,US0414,Sarah,1,0.4129042,0.31302023
34.0,9.0,US0401,Brad,0,0.006594946,0.0049995896
34.0,9.0,US0364,Troyzan,0,0.0042541465,0.0032250432
34.0,9.0,US0333,Andrea,0,0.12445421,0.094348
34.0,9.0,US0179,Cirie,0,0.14867342,0.112708434
34.0,8.0,US0490,Zeke,0,0.0056831604,0.0048221536
34.0,8.0,US0485,Michaela,0,0.47031462,0.39906126
34.0,8.0,US0477,Aubry,0,0.03453109,0.02929958
34.0,8.0,US0476,Tai,0,0.010336807,0.008770766
34.0,8.0,US0470,Debbie,0,0.001509788,0.001281053
34.0,8.0,US0456,Sierra,0,0.0008799549,0.00074664043
34.0,8.0,US0414,Sarah,1,0.38081542,0.32312134
34.0,12.0,US0476,Tai,0,0.0064331326,0.011350025
34.0,12.0,US0401,Brad,0,0.015056589,0.026564455
34.0,12.0,US0364,Troyzan,0,0.012914114,0.02278447
34.0,12.0,US0477,Aubry,0,0.0013870364,0.002447159
34.0,8.0,US0401,Brad,0,0.004515778,0.003831631
34.0,12.0,US0179,Cirie,0,0.0053322255,0.009407686
34.0,11.0,US0485,Michaela,0,0.039399058,0.05218995
34.0,11.0,US0477,Aubry,0,0.041975282,0.055602547
34.0,11.0,US0476,Tai,0,0.016858945,0.022332197
34.0,5.0,US0476,Tai,0,0.0017525669,0.0020482528
34.0,6.0,US0477,Aubry,0,0.061788313,0.063572764
34.0,6.0,US0476,Tai,0,0.024963846,0.025684804
34.0,6.0,US0470,Debbie,0,0.0016425428,0.0016899796
34.0,6.0,US0456,Sierra,0,0.00019915748,0.00020490917
34.0,6.0,US0450,Hali,0,0.002368401,0.0024368006
34.0,6.0,US0414,Sarah,1,0.21156596,0.217676
34.0,6.0,US0401,Brad,0,0.0038171855,0.003927426
34.0,6.0,US0364,Troyzan,0,0.006774918,0.0069705783
34.0,6.0,US0333,Andrea,0,0.05982294,0.061550632
34.0,6.0,US0201,Ozzy,0,0.0006235205,0.0006415278
34.0,6.0,US0179,Cirie,0,0.062281895,0.0640806
34.0,6.0,US0023,Jeff,0,0.0004475735,0.00046049946
34.0,5.0,US0490,Zeke,0,0.001470929,0.0017190983
34.0,5.0,US0485,Michaela,0,0.5063513,0.59178084
34.0,5.0,US0477,Aubry,0,0.061149742,0.071466684
34.0,6.0,US0485,Michaela,0,0.53413516,0.549561
34.0,5.0,US0470,Debbie,0,0.00062718714,0.00073300366
34.0,5.0,US0456,Sierra,0,0.00036643757,0.00042826144
34.0,5.0,US0450,Hali,0,0.0019900505,0.002325804
34.0,5.0,US0414,Sarah,1,0.1392201,0.16270876
34.0,5.0,US0401,Brad,0,0.0023021773,0.0026905914
34.0,5.0,US0364,Troyzan,0,0.007263286,0.008488718
34.0,5.0,US0333,Andrea,0,0.09158349,0.107035086
34.0,5.0,US0201,Ozzy,0,0.00048521016,0.0005670729
34.0,5.0,US0179,Cirie,0,0.03584279,0.041890044
34.0,5.0,US0112,Sandra,0,0.004243678,0.004959654
34.0,5.0,US0023,Jeff,0,0.0009909619,0.001158153
34.0,4.0,US0490,Zeke,0,0.0015120822,0.0014545225
34.0,4.0,US0485,Michaela,0,0.6145241,0.5911313
34.0,4.0,US0477,Aubry,0,0.03472215,0.033400398
34.0,7.0,US0179,Cirie,0,0.1481746,0.1468104
34.0,8.0,US0364,Troyzan,0,0.0044649024,0.0037884633
34.0,8.0,US0333,Andrea,0,0.10917975,0.09263886
34.0,8.0,US0179,Cirie,0,0.15632108,0.13263822
34.0,7.0,US0490,Zeke,0,0.007974546,0.007901127
34.0,7.0,US0485,Michaela,0,0.580853,0.57550526
34.0,7.0,US0477,Aubry,0,0.032209035,0.031912494
34.0,7.0,US0476,Tai,0,0.011703622,0.01159587
34.0,7.0,US0470,Debbie,0,0.0037142162,0.0036800206
34.0,7.0,US0456,Sierra,0,0.00052887393,0.00052400475
34.0,7.0,US0414,Sarah,1,0.115177415,0.11411701
34.0,7.0,US0401,Brad,0,0.003974525,0.0039379327
34.0,7.0,US0364,Troyzan,0,0.00669404,0.00663241
34.0,7.0,US0333,Andrea,0,0.09729297,0.09639722
34.0,7.0,US0201,Ozzy,0,0.00033714622,0.0003340422
34.0,7.0,US0450,Hali,0,0.0006582139,0.0006521539
34.0,6.0,US0490,Zeke,0,0.0014991566,0.0015424524
35.0,11.0,US0516,Ben,1,0.20319355,0.26013094
35.0,13.0,US0516,Ben,1,0.40550515,0.566883
35.0,13.0,US0515,Chrissy,0,0.106767714,0.1492578
35.0,13.0,US0514,Ryan,0,0.16687396,0.23328437
35.0,13.0,US0513,Devon,0,0.017901802,0.025026137
35.0,13.0,US0512,Mike,0,0.018275611,0.02554871
35.0,12.0,US0516,Ben,1,0.3048941,0.3814091
35.0,12.0,US0515,Chrissy,0,0.044560786,0.055743586
35.0,12.0,US0514,Ryan,0,0.13683616,0.17117602
35.0,12.0,US0513,Devon,0,0.1679179,0.21005793
35.0,12.0,US0512,Mike,0,0.14118715,0.17661892
35.0,12.0,US0511,Ashley,0,0.0039924793,0.004994416
35.0,11.0,US0515,Chrissy,0,0.03234854,0.04141301
35.0,11.0,US0514,Ryan,0,0.20868409,0.26716
35.0,11.0,US0513,Devon,0,0.18420719,0.23582436
35.0,11.0,US0512,Mike,0,0.13591103,0.17399502
35.0,11.0,US0511,Ashley,0,0.013649297,0.017474003
35.0,11.0,US0510,Lauren,0,0.003126547,0.004002645
35.0,10.0,US0516,Ben,1,0.5545958,0.46881768
35.0,10.0,US0515,Chrissy,0,0.04644517,0.039261594
35.0,10.0,US0514,Ryan,0,0.18852523,0.15936644
35.0,10.0,US0513,Devon,0,0.22430988,0.18961635
35.0,10.0,US0512,Mike,0,0.14717767,0.12441401
35.0,10.0,US0511,Ashley,0,0.009968692,0.008426856
35.0,10.0,US0510,Lauren,0,0.004498371,0.0038026175
35.0,10.0,US0509,Joe,0,0.005844292,0.0049403682
35.0,3.0,US0509,Joe,0,0.009897339,0.007518
35.0,2.0,US0516,Ben,1,0.6299024,0.4090367
35.0,3.0,US0501,Patrick,0,0.000386633,0.0002936857
35.0,3.0,US0502,Alan,0,0.0014716751,0.0011178816
35.0,3.0,US0503,Roark,0,0.0044798893,0.0034029153
35.0,3.0,US0504,Ali,0,0.0039382046,0.0029914528
35.0,3.0,US0505,Jessica,0,0.00096890226,0.0007359763
35.0,3.0,US0506,Desi,0,0.0034464968,0.0026179524
35.0,3.0,US0507,Cole,0,0.018980851,0.014417819
35.0,3.0,US0508,JP,0,0.0036870681,0.00280069
35.0,2.0,US0515,Chrissy,0,0.21432222,0.13917339
35.0,3.0,US0510,Lauren,0,0.004431522,0.0033661758
35.0,3.0,US0511,Ashley,0,0.012175446,0.009248446
35.0,3.0,US0512,Mike,0,0.27266136,0.20711306
35.0,3.0,US0513,Devon,0,0.24670525,0.18739684
35.0,3.0,US0514,Ryan,0,0.09523917,0.07234349
35.0,3.0,US0515,Chrissy,0,0.02467592,0.018743783
35.0,3.0,US0516,Ben,1,0.6133399,0.46589184
35.0,4.0,US0502,Alan,0,0.0006433541,0.0004972776
35.0,2.0,US0506,Desi,0,0.0037318587,0.002423339
35.0,1.0,US0514,Ryan,0,0.11436055,0.065759726
35.0,1.0,US0515,Chrissy,0,0.16735251,0.09623123
35.0,1.0,US0516,Ben,1,0.6020668,0.34620112
35.0,2.0,US0500,Simone,0,0.00043306247,0.0002812157
35.0,2.0,US0501,Patrick,0,0.0008642985,0.00056124537
35.0,2.0,US0502,Alan,0,0.0018839128,0.0012233474
35.0,2.0,US0503,Roark,0,0.005120786,0.00332526
35.0,2.0,US0504,Ali,0,0.0039827013,0.0025862276
35.0,2.0,US0505,Jessica,0,0.0007193006,0.00046708877
35.0,4.0,US0503,Roark,0,0.0046484955,0.0035930332
35.0,2.0,US0507,Cole,0,0.017729763,0.011513091
35.0,2.0,US0508,JP,0,0.0065976204,0.004284265
35.0,2.0,US0509,Joe,0,0.013388383,0.00869395
35.0,2.0,US0510,Lauren,0,0.0034681102,0.00225207
35.0,2.0,US0511,Ashley,0,0.028545205,0.018536262
35.0,2.0,US0512,Mike,0,0.2718791,0.17654882
35.0,2.0,US0513,Devon,0,0.23971742,0.15566415
35.0,2.0,US0514,Ryan,0,0.09767936,0.06342958
35.0,6.0,US0504,Ali,0,0.0011711937,0.0009714319
35.0,5.0,US0508,JP,0,0.0019187809,0.0014077388
35.0,5.0,US0509,Joe,0,0.010989062,0.00806227
35.0,5.0,US0510,Lauren,0,0.00535548,0.003929118
35.0,5.0,US0511,Ashley,0,0.011104981,0.008147315
35.0,5.0,US0512,Mike,0,0.36311626,0.26640502
35.0,5.0,US0513,Devon,0,0.20612828,0.15122873
35.0,5.0,US0514,Ryan,0,0.12462242,0.09143087
35.0,5.0,US0515,Chrissy,0,0.027467243,0.020151703
35.0,5.0,US0516,Ben,1,0.585438,0.4295143
35.0,5.0,US0507,Cole,0,0.016333308,0.011983146
35.0,6.0,US0505,Jessica,0,0.00036956125,0.00030652795
35.0,6.0,US0506,Desi,0,0.0045201033,0.003749143
35.0,6.0,US0507,Cole,0,0.015654527,0.012984451
35.0,6.0,US0508,JP,0,0.0023666238,0.0019629665
35.0,6.0,US0509,Joe,0,0.017107777,0.014189832
35.0,6.0,US0510,Lauren,0,0.0044554006,0.0036954763
35.0,6.0,US0511,Ashley,0,0.011598411,0.009620157
35.0,6.0,US0512,Mike,0,0.17639296,0.14630693
35.0,4.0,US0512,Mike,0,0.32768628,0.25328362
35.0,4.0,US0504,Ali,0,0.003676739,0.0028419185
35.0,4.0,US0505,Jessica,0,0.000916109,0.00070810225
35.0,4.0,US0506,Desi,0,0.0037246572,0.0028789567
35.0,4.0,US0507,Cole,0,0.019978214,0.015442069
35.0,4.0,US0508,JP,0,0.0026633688,0.0020586387
35.0,4.0,US0509,Joe,0,0.010030015,0.007752654
35.0,4.0,US0510,Lauren,0,0.0052383672,0.004048972
35.0,4.0,US0511,Ashley,0,0.011647212,0.0090026595
35.0,1.0,US0513,Devon,0,0.2856578,0.16425925
35.0,4.0,US0513,Devon,0,0.2009974,0.15536001
35.0,4.0,US0514,Ryan,0,0.10177697,0.07866804
35.0,4.0,US0515,Chrissy,0,0.024996066,0.019320594
35.0,4.0,US0516,Ben,1,0.5751293,0.44454354
35.0,5.0,US0503,Roark,0,0.002902044,0.0021291226
35.0,5.0,US0504,Ali,0,0.003046421,0.0022350468
35.0,5.0,US0505,Jessica,0,0.0006478436,0.00047529893
35.0,5.0,US0506,Desi,0,0.0039532417,0.0029003476
35.0,1.0,US0504,Ali,0,0.0039190636,0.0022535443
35.0,1.0,US0499,Katrina,0,0.0004301544,0.00024734787
35.0,1.0,US0500,Simone,0,0.0014952373,0.00085979304
35.0,1.0,US0501,Patrick,0,0.0010613934,0.0006103236
35.0,1.0,US0502,Alan,0,0.0011336257,0.00065185875
35.0,1.0,US0503,Roark,0,0.007870274,0.0045255735
35.0,1.0,US0505,Jessica,0,0.0011114193,0.00063908956
35.0,1.0,US0506,Desi,0,0.006059581,0.003484387
35.0,1.0,US0507,Cole,0,0.025053075,0.014406047
35.0,1.0,US0508,JP,0,0.00599648,0.0034481026
35.0,1.0,US0509,Joe,0,0.013101909,0.0075338744
35.0,1.0,US0510,Lauren,0,0.0039666556,0.0022809107
35.0,1.0,US0511,Ashley,0,0.023817195,0.01369539
35.0,1.0,US0512,Mike,0,0.4746129,0.27291244
35.0,6.0,US0515,Chrissy,0,0.031104656,0.025799368
35.0,7.0,US0514,Ryan,0,0.122193284,0.114369534
35.0,7.0,US0513,Devon,0,0.16111334,0.15079762
35.0,9.0,US0507,Cole,0,0.017054547,0.01735364
35.0,8.0,US0512,Mike,0,0.101388425,0.096428104
35.0,7.0,US0512,Mike,0,0.15026204,0.14064111
35.0,9.0,US0508,JP,0,0.0028161216,0.0028655091
35.0,9.0,US0509,Joe,0,0.015921237,0.016200455
35.0,10.0,US0508,JP,0,0.0016018059,0.001354058
35.0,9.0,US0516,Ben,1,0.46292606,0.47104463
35.0,7.0,US0515,Chrissy,0,0.028120944,0.026320426
35.0,7.0,US0510,Lauren,0,0.0042180447,0.0039479733
35.0,7.0,US0509,Joe,0,0.009453796,0.008848491
35.0,9.0,US0515,Chrissy,0,0.033798218,0.034390952
35.0,7.0,US0511,Ashley,0,0.0078053167,0.0073055606
35.0,8.0,US0506,Desi,0,0.0017330882,0.0016482987
35.0,7.0,US0516,Ben,1,0.56477153,0.5286105
35.0,7.0,US0508,JP,0,0.0022891664,0.0021425965
35.0,6.0,US0516,Ben,1,0.6077088,0.50405645
35.0,7.0,US0507,Cole,0,0.014566471,0.013633814
35.0,7.0,US0505,Jessica,0,0.00016732216,0.0001566089
35.0,9.0,US0514,Ryan,0,0.12896906,0.13123085
35.0,9.0,US0510,Lauren,0,0.004561649,0.004641649
35.0,9.0,US0513,Devon,0,0.15409242,0.15679482
35.0,9.0,US0511,Ashley,0,0.0077610537,0.007897163
35.0,9.0,US0512,Mike,0,0.15486442,0.15758035
35.0,7.0,US0506,Desi,0,0.0034463545,0.0032256925
35.0,8.0,US0515,Chrissy,0,0.029310854,0.027876852
35.0,8.0,US0508,JP,0,0.00303044,0.002882179
35.0,8.0,US0509,Joe,0,0.010020815,0.009530557
35.0,8.0,US0510,Lauren,0,0.0037561222,0.003572358
35.0,8.0,US0514,Ryan,0,0.13054585,0.12415904
35.0,6.0,US0513,Devon,0,0.18933702,0.15704322
35.0,8.0,US0511,Ashley,0,0.0062339143,0.0059289266
35.0,8.0,US0513,Devon,0,0.14051086,0.13363652
35.0,8.0,US0516,Ben,1,0.56426716,0.53666097
35.0,8.0,US0507,Cole,0,0.060643062,0.057676166
35.0,6.0,US0514,Ryan,0,0.14384942,0.1193141
36.0,1.0,US0522,James,0,0.018957261,0.012646625
36.0,1.0,US0536,Wendell,1,0.28633922,0.19102046
36.0,1.0,US0535,Domenick,0,0.007983183,0.0053256806
36.0,1.0,US0534,Laurel,0,0.1294893,0.086383924
36.0,1.0,US0533,Angela,0,0.0035593756,0.0023745038
36.0,1.0,US0532,Donathan,0,0.21666358,0.14453897
36.0,1.0,US0531,Sebastian,0,0.08393382,0.055993296
36.0,1.0,US0530,Kellyn,0,0.004189477,0.002794852
36.0,1.0,US0529,Chelsea,0,0.0027707072,0.0018483732
36.0,1.0,US0528,Michael,0,0.013187801,0.008797746
36.0,1.0,US0527,Jenna,0,0.7081044,0.47238523
36.0,1.0,US0526,Desiree,0,0.0014312596,0.00095481105
36.0,1.0,US0525,Libby,0,0.00914608,0.006101464
36.0,1.0,US0524,Chris,0,0.0024699373,0.0016477259
36.0,1.0,US0523,Bradley,0,0.0038236189,0.0025507838
36.0,1.0,US0521,Stephanie,0,0.0020705182,0.0013812685
36.0,1.0,US0520,Brendan,0,0.0017034408,0.0011363865
36.0,1.0,US0519,Morgan,0,0.00065443804,0.00043658377
36.0,1.0,US0518,Jacob,0,0.0012801924,0.0008540323
36.0,1.0,US0517,Gonzalez,0,0.0012401296,0.0008273059
36.0,5.0,US0533,Angela,0,0.005294883,0.0049315407
36.0,6.0,US0534,Laurel,0,0.07492441,0.07395185
36.0,6.0,US0533,Angela,0,0.0046882085,0.0046273526
36.0,6.0,US0532,Donathan,0,0.21279977,0.21003751
36.0,6.0,US0531,Sebastian,0,0.03365592,0.033219047
36.0,6.0,US0530,Kellyn,0,0.0035254715,0.003479709
36.0,6.0,US0529,Chelsea,0,0.0015484986,0.0015283983
36.0,6.0,US0528,Michael,0,0.0076467674,0.007547508
36.0,6.0,US0527,Jenna,0,0.36512282,0.36038333
36.0,6.0,US0526,Desiree,0,0.0014980306,0.0014785853
36.0,6.0,US0525,Libby,0,0.003531353,0.003485514
36.0,6.0,US0524,Chris,0,0.00186308,0.0018388961
36.0,6.0,US0523,Bradley,0,0.0010839718,0.0010699013
36.0,5.0,US0536,Wendell,1,0.2150832,0.20032388
36.0,5.0,US0535,Domenick,0,0.027945027,0.026027398
36.0,5.0,US0534,Laurel,0,0.08061461,0.07508272
36.0,6.0,US0535,Domenick,0,0.018955404,0.018709352
36.0,5.0,US0532,Donathan,0,0.18124619,0.16880882
36.0,5.0,US0531,Sebastian,0,0.072862774,0.06786282
36.0,5.0,US0530,Kellyn,0,0.0062087965,0.0057827397
36.0,5.0,US0529,Chelsea,0,0.0014994821,0.0013965855
36.0,5.0,US0528,Michael,0,0.0028124845,0.0026194877
36.0,5.0,US0527,Jenna,0,0.46960014,0.4373755
36.0,5.0,US0526,Desiree,0,0.0014428082,0.0013438006
36.0,5.0,US0525,Libby,0,0.003666944,0.003415313
36.0,5.0,US0524,Chris,0,0.002401788,0.0022369737
36.0,5.0,US0523,Bradley,0,0.0017975355,0.001674186
36.0,5.0,US0522,James,0,0.0012006258,0.0011182372
36.0,4.0,US0536,Wendell,1,0.24200031,0.19658235
36.0,4.0,US0535,Domenick,0,0.013276349,0.01078468
36.0,4.0,US0534,Laurel,0,0.10729008,0.08715417
36.0,4.0,US0533,Angela,0,0.0053867744,0.004375799
36.0,8.0,US0526,Desiree,0,0.0046435758,0.0038935856
36.0,9.0,US0530,Kellyn,0,0.0053747217,0.006909111
36.0,9.0,US0529,Chelsea,0,0.00083956704,0.0010792488
36.0,9.0,US0528,Michael,0,0.0040961867,0.0052655768
36.0,9.0,US0527,Jenna,0,0.3136843,0.4032357
36.0,9.0,US0526,Desiree,0,0.0024341284,0.0031290296
36.0,8.0,US0536,Wendell,1,0.52090627,0.43677402
36.0,8.0,US0535,Domenick,0,0.017245436,0.014460103
36.0,8.0,US0534,Laurel,0,0.052076295,0.043665383
36.0,8.0,US0533,Angela,0,0.0025139733,0.002107938
36.0,8.0,US0532,Donathan,0,0.16828376,0.14110403
36.0,8.0,US0531,Sebastian,0,0.02186454,0.01833317
36.0,8.0,US0530,Kellyn,0,0.0039401148,0.0033037416
36.0,8.0,US0529,Chelsea,0,0.00087641453,0.0007348637
36.0,8.0,US0528,Michael,0,0.005208308,0.004367107
36.0,8.0,US0527,Jenna,0,0.39309108,0.32960242
36.0,4.0,US0532,Donathan,0,0.20761923,0.16865382
36.0,8.0,US0525,Libby,0,0.0019722213,0.0016536852
36.0,7.0,US0536,Wendell,1,0.4015356,0.39434722
36.0,7.0,US0535,Domenick,0,0.024653444,0.024212094
36.0,7.0,US0534,Laurel,0,0.055465203,0.054472253
36.0,7.0,US0533,Angela,0,0.003671126,0.0036054046
36.0,7.0,US0532,Donathan,0,0.11039981,0.10842341
36.0,7.0,US0531,Sebastian,0,0.027012339,0.026528759
36.0,7.0,US0530,Kellyn,0,0.0037052298,0.003638898
36.0,7.0,US0529,Chelsea,0,0.00077412673,0.0007602682
36.0,7.0,US0528,Michael,0,0.009334626,0.009167516
36.0,7.0,US0527,Jenna,0,0.374995,0.36828175
36.0,7.0,US0526,Desiree,0,0.0019945665,0.0019588594
36.0,7.0,US0525,Libby,0,0.0036495258,0.0035841912
36.0,7.0,US0524,Chris,0,0.0010379293,0.0010193482
36.0,6.0,US0536,Wendell,1,0.2823076,0.27864307
36.0,2.0,US0532,Donathan,0,0.3260127,0.20432985
36.0,2.0,US0531,Sebastian,0,0.085194804,0.053396206
36.0,2.0,US0530,Kellyn,0,0.004324189,0.0027102039
36.0,2.0,US0529,Chelsea,0,0.0025107255,0.0015736079
36.0,2.0,US0528,Michael,0,0.0038266787,0.002398387
36.0,2.0,US0527,Jenna,0,0.6576755,0.41220093
36.0,2.0,US0526,Desiree,0,0.0013120157,0.00082231144
36.0,2.0,US0525,Libby,0,0.00811381,0.005085365
36.0,2.0,US0524,Chris,0,0.0029057553,0.0018211945
36.0,2.0,US0523,Bradley,0,0.0034651866,0.0021718205
36.0,2.0,US0522,James,0,0.015262577,0.009565885
36.0,2.0,US0521,Stephanie,0,0.0013640592,0.00085492985
36.0,2.0,US0520,Brendan,0,0.00055125303,0.0003455002
36.0,2.0,US0519,Morgan,0,0.00048318264,0.00030283676
36.0,2.0,US0533,Angela,0,0.0052885986,0.0033146515
36.0,3.0,US0532,Donathan,0,0.30070353,0.2057837
36.0,4.0,US0531,Sebastian,0,0.10951992,0.08896552
36.0,4.0,US0530,Kellyn,0,0.006853855,0.0055675423
36.0,4.0,US0529,Chelsea,0,0.0014891941,0.0012097062
36.0,4.0,US0528,Michael,0,0.0025120082,0.0020405613
36.0,4.0,US0527,Jenna,0,0.5191196,0.42169264
36.0,4.0,US0526,Desiree,0,0.0014367404,0.0011670969
36.0,4.0,US0525,Libby,0,0.004612043,0.0037464672
36.0,4.0,US0524,Chris,0,0.0034529276,0.0028048914
36.0,4.0,US0523,Bradley,0,0.0022693672,0.0018434585
36.0,4.0,US0522,James,0,0.0037789177,0.0030697007
36.0,4.0,US0521,Stephanie,0,0.00042049223,0.0003415754
36.0,3.0,US0536,Wendell,1,0.34743908,0.23776674
36.0,3.0,US0535,Domenick,0,0.014893325,0.01019211
36.0,3.0,US0534,Laurel,0,0.12674312,0.086735494
36.0,3.0,US0533,Angela,0,0.0055614584,0.003805933
36.0,3.0,US0531,Sebastian,0,0.097733185,0.066882804
36.0,3.0,US0530,Kellyn,0,0.0055527915,0.003800002
36.0,3.0,US0529,Chelsea,0,0.0013400888,0.0009170775
36.0,3.0,US0528,Michael,0,0.0047590695,0.0032568255
36.0,3.0,US0527,Jenna,0,0.53830135,0.3683816
36.0,3.0,US0526,Desiree,0,0.0015985789,0.0010939728
36.0,3.0,US0525,Libby,0,0.0046471986,0.0031802678
36.0,3.0,US0524,Chris,0,0.0034693978,0.0023742504
36.0,3.0,US0523,Bradley,0,0.0018753222,0.0012833595
36.0,3.0,US0522,James,0,0.005292646,0.0036219738
36.0,3.0,US0521,Stephanie,0,0.0010960982,0.0007501047
36.0,3.0,US0520,Brendan,0,0.00025392484,0.00017377113
36.0,2.0,US0536,Wendell,1,0.3284611,0.2058644
36.0,2.0,US0535,Domenick,0,0.015814213,0.009911626
36.0,2.0,US0534,Laurel,0,0.1329553,0.083330296
36.0,9.0,US0531,Sebastian,0,0.024858223,0.031954814
36.0,11.0,US0533,Angela,0,0.00239054,0.0044239867
36.0,10.0,US0532,Donathan,0,0.12051758,0.16698018
36.0,10.0,US0533,Angela,0,0.0023269367,0.0032240301
36.0,10.0,US0534,Laurel,0,0.0544798,0.07548315
36.0,10.0,US0535,Domenick,0,0.04242215,0.05877697
36.0,10.0,US0536,Wendell,1,0.38431436,0.5324773
36.0,11.0,US0529,Chelsea,0,0.00076897413,0.0014230807
36.0,11.0,US0530,Kellyn,0,0.042605694,0.07884705
36.0,11.0,US0531,Sebastian,0,0.014911588,0.027595717
36.0,11.0,US0532,Donathan,0,0.05745764,0.10633239
36.0,10.0,US0531,Sebastian,0,0.016803812,0.02328211
36.0,11.0,US0534,Laurel,0,0.014885457,0.02754736
36.0,11.0,US0535,Domenick,0,0.034002744,0.06292623
36.0,11.0,US0536,Wendell,1,0.37333617,0.6909042
36.0,12.0,US0530,Kellyn,0,0.017338976,0.02293473
36.0,12.0,US0531,Sebastian,0,0.06561891,0.0867959
36.0,12.0,US0532,Donathan,0,0.112365864,0.14862935
36.0,12.0,US0533,Angela,0,0.002997941,0.003965457
36.0,12.0,US0534,Laurel,0,0.042491745,0.05620497
36.0,9.0,US0532,Donathan,0,0.095579095,0.12286526
36.0,9.0,US0533,Angela,0,0.00400403,0.0051471107
36.0,9.0,US0534,Laurel,0,0.04695636,0.060361583
36.0,9.0,US0535,Domenick,0,0.024318743,0.03126132
36.0,9.0,US0536,Wendell,1,0.25577265,0.3287913
36.0,10.0,US0527,Jenna,0,0.08282487,0.11475597
36.0,10.0,US0528,Michael,0,0.00346698,0.004803589
36.0,10.0,US0529,Chelsea,0,0.0008808315,0.0012204145
36.0,10.0,US0530,Kellyn,0,0.013710482,0.018996222
36.0,12.0,US0535,Domenick,0,0.05204358,0.06883944
36.0,13.0,US0536,Wendell,1,0.57827616,0.7642041
36.0,13.0,US0535,Domenick,0,0.09071734,0.11988486
36.0,13.0,US0533,Angela,0,0.0018460022,0.0024395306
36.0,12.0,US0536,Wendell,1,0.46315697,0.6126301
36.0,13.0,US0531,Sebastian,0,0.013500398,0.01784106
36.0,13.0,US0532,Donathan,0,0.011932139,0.015768573
36.0,13.0,US0534,Laurel,0,0.06043185,0.079861954
37.0,12.0,US0554,Angelina,0,0.01683537,0.009059296
37.0,13.0,US0555,Mike,0,0.091604,0.073900975
37.0,13.0,US0553,Kara,0,0.027975515,0.022569079
37.0,13.0,US0554,Angelina,0,0.044060044,0.035545178
37.0,13.0,US0552,Alison,0,0.32394293,0.261339
37.0,13.0,US0556,Nick,1,0.74577546,0.6016499
37.0,13.0,US0551,Davie,0,0.006192676,0.004995904
37.0,12.0,US0556,Nick,1,0.53255045,0.2865712
37.0,12.0,US0555,Mike,0,0.090643026,0.048776004
37.0,12.0,US0553,Kara,0,0.28870788,0.15535687
37.0,12.0,US0551,Davie,0,0.12870696,0.06925862
37.0,12.0,US0550,Christian,0,0.0028879289,0.001554026
37.0,12.0,US0552,Alison,0,0.7980213,0.429424
37.0,11.0,US0556,Nick,1,0.4674663,0.2672766
37.0,11.0,US0555,Mike,0,0.038708728,0.02213194
37.0,11.0,US0553,Kara,0,0.28131956,0.1608461
37.0,11.0,US0549,Gabby,0,0.025776455,0.014737838
37.0,11.0,US0551,Davie,0,0.10037911,0.05739234
37.0,11.0,US0550,Christian,0,0.057930604,0.03312216
37.0,11.0,US0554,Angelina,0,0.006411177,0.0036656277
37.0,11.0,US0552,Alison,0,0.77100646,0.44082743
37.0,10.0,US0556,Nick,1,0.40330282,0.20251542
37.0,10.0,US0555,Mike,0,0.055427756,0.027832624
37.0,10.0,US0553,Kara,0,0.1614798,0.081085846
37.0,10.0,US0549,Gabby,0,0.17271362,0.08672682
37.0,10.0,US0551,Davie,0,0.080192395,0.040267996
37.0,10.0,US0550,Christian,0,0.23179083,0.11639199
37.0,10.0,US0548,Carl,0,0.00062462507,0.0003136507
37.0,7.0,US0547,Alec,0,0.40754884,0.22573538
37.0,8.0,US0554,Angelina,0,0.010843911,0.0060718753
37.0,8.0,US0552,Alison,0,0.5574157,0.31211606
37.0,8.0,US0547,Alec,0,0.47526804,0.26611876
37.0,7.0,US0556,Nick,1,0.3070669,0.17007989
37.0,7.0,US0555,Mike,0,0.049971323,0.02767839
37.0,7.0,US0553,Kara,0,0.13543782,0.075017035
37.0,7.0,US0545,John,0,0.0021229268,0.0011758583
37.0,7.0,US0549,Gabby,0,0.16521727,0.09151144
37.0,7.0,US0544,Elizabeth,0,0.0005688849,0.00031509707
37.0,7.0,US0551,Davie,0,0.061489284,0.03405802
37.0,7.0,US0546,Dan,0,0.006507148,0.0036042146
37.0,7.0,US0550,Christian,0,0.15063874,0.08343661
37.0,7.0,US0548,Carl,0,0.00082770875,0.00045845585
37.0,7.0,US0554,Angelina,0,0.0046293996,0.0025641571
37.0,7.0,US0552,Alison,0,0.5134012,0.28436548
37.0,8.0,US0548,Carl,0,0.0009776792,0.0005474359
37.0,6.0,US0556,Nick,1,0.47186083,0.18244149
37.0,6.0,US0555,Mike,0,0.06529432,0.025245562
37.0,6.0,US0543,Lyrsa,0,0.00043604936,0.00016859524
37.0,6.0,US0553,Kara,0,0.23695813,0.0916181
37.0,6.0,US0545,John,0,0.002863807,0.0011072697
37.0,6.0,US0549,Gabby,0,0.2546869,0.0984728
37.0,6.0,US0544,Elizabeth,0,0.0008628391,0.00033361034
37.0,6.0,US0551,Davie,0,0.20178458,0.07801851
37.0,6.0,US0546,Dan,0,0.0065530147,0.0025336745
37.0,6.0,US0550,Christian,0,0.26571527,0.10273684
37.0,6.0,US0548,Carl,0,0.0012070668,0.0004667034
37.0,6.0,US0554,Angelina,0,0.006574475,0.002541972
37.0,6.0,US0552,Alison,0,0.6339183,0.2450998
37.0,6.0,US0547,Alec,0,0.43765247,0.16921507
37.0,5.0,US0556,Nick,1,0.5389639,0.19190922
37.0,9.0,US0549,Gabby,0,0.17165156,0.07095655
37.0,10.0,US0554,Angelina,0,0.016892582,0.00848248
37.0,10.0,US0552,Alison,0,0.77064866,0.38697532
37.0,10.0,US0547,Alec,0,0.09839415,0.049407866
37.0,9.0,US0556,Nick,1,0.39968196,0.16521874
37.0,9.0,US0555,Mike,0,0.05107193,0.021111887
37.0,9.0,US0553,Kara,0,0.18232994,0.07537074
37.0,9.0,US0551,Davie,0,0.049143445,0.020314697
37.0,9.0,US0546,Dan,0,0.0031375715,0.0012969952
37.0,9.0,US0550,Christian,0,0.15029864,0.06212978
37.0,9.0,US0548,Carl,0,0.0015430747,0.00063786935
37.0,9.0,US0554,Angelina,0,0.0062892498,0.002599822
37.0,9.0,US0552,Alison,0,0.75653267,0.3127321
37.0,9.0,US0547,Alec,0,0.647428,0.26763088
37.0,8.0,US0556,Nick,1,0.31452468,0.17611308
37.0,8.0,US0555,Mike,0,0.050712653,0.028395742
37.0,8.0,US0553,Kara,0,0.08790467,0.04922082
37.0,8.0,US0545,John,0,0.0010914515,0.00061114086
37.0,8.0,US0549,Gabby,0,0.09022581,0.050520502
37.0,8.0,US0551,Davie,0,0.043495614,0.024354676
37.0,8.0,US0546,Dan,0,0.008024715,0.004493311
37.0,8.0,US0550,Christian,0,0.14543962,0.081436604
37.0,5.0,US0542,Natalie,0,0.00089864037,0.00031997944
37.0,3.0,US0542,Natalie,0,0.0020339815,0.0007932424
37.0,4.0,US0553,Kara,0,0.2162981,0.07673088
37.0,4.0,US0545,John,0,0.0038676418,0.0013720302
37.0,4.0,US0546,Dan,0,0.011878705,0.004213922
37.0,4.0,US0554,Angelina,0,0.0100047495,0.0035491444
37.0,4.0,US0552,Alison,0,0.4144511,0.14702484
37.0,4.0,US0547,Alec,0,0.64428973,0.22855918
37.0,4.0,US0556,Nick,1,0.6371102,0.22601226
37.0,4.0,US0543,Lyrsa,0,0.0012174585,0.00043188847
37.0,4.0,US0549,Gabby,0,0.29528347,0.10475061
37.0,4.0,US0544,Elizabeth,0,0.0008137849,0.0002886869
37.0,4.0,US0551,Davie,0,0.2774674,0.09843044
37.0,4.0,US0550,Christian,0,0.22777611,0.08080266
37.0,4.0,US0548,Carl,0,0.0014199736,0.00050372985
37.0,4.0,US0540,Bi,0,0.0018094633,0.00064189977
37.0,3.0,US0556,Nick,1,0.60928756,0.23761904
37.0,4.0,US0555,Mike,0,0.07219257,0.025610022
37.0,3.0,US0541,Natalia,0,0.0012789603,0.00049878797
37.0,3.0,US0555,Mike,0,0.07097144,0.027678499
37.0,3.0,US0543,Lyrsa,0,0.0011963551,0.00046657238
37.0,3.0,US0553,Kara,0,0.18115391,0.0706491
37.0,3.0,US0545,John,0,0.0037988813,0.0014815443
37.0,3.0,US0539,Jeremy,0,0.0010799649,0.00042118083
37.0,3.0,US0549,Gabby,0,0.36853963,0.14372858
37.0,3.0,US0544,Elizabeth,0,0.0007382843,0.00028792713
37.0,3.0,US0551,Davie,0,0.22584647,0.088078976
37.0,3.0,US0546,Dan,0,0.013052283,0.0050903237
37.0,3.0,US0550,Christian,0,0.23101264,0.090093754
37.0,3.0,US0548,Carl,0,0.0021697641,0.00084619696
37.0,3.0,US0540,Bi,0,0.0016943283,0.0006607794
37.0,3.0,US0554,Angelina,0,0.00875251,0.0034134344
37.0,3.0,US0552,Alison,0,0.47090518,0.18365063
37.0,5.0,US0555,Mike,0,0.09102042,0.032409698
37.0,5.0,US0543,Lyrsa,0,0.0011391769,0.00040562742
37.0,5.0,US0553,Kara,0,0.23746943,0.08455589
37.0,5.0,US0545,John,0,0.0041026715,0.0014608408
37.0,5.0,US0549,Gabby,0,0.27247632,0.09702081
37.0,5.0,US0544,Elizabeth,0,0.00079419516,0.00028278958
37.0,5.0,US0551,Davie,0,0.24164529,0.08604279
37.0,5.0,US0546,Dan,0,0.011945982,0.0042536133
37.0,5.0,US0550,Christian,0,0.19691512,0.07011569
37.0,5.0,US0548,Carl,0,0.0013245946,0.00047164923
37.0,5.0,US0554,Angelina,0,0.010790068,0.0038420262
37.0,5.0,US0552,Alison,0,0.53901476,0.19192731
37.0,5.0,US0547,Alec,0,0.6599312,0.2349821
37.0,4.0,US0541,Natalia,0,0.0008987606,0.0003188317
37.0,3.0,US0547,Alec,0,0.37062377,0.14454138
37.0,4.0,US0542,Natalie,0,0.002139579,0.000759007
37.0,1.0,US0551,Davie,0,0.19735606,0.08130564
37.0,1.0,US0546,Dan,0,0.023631161,0.009735432
37.0,1.0,US0550,Christian,0,0.24977225,0.10289977
37.0,1.0,US0548,Carl,0,0.0034284112,0.0014124175
37.0,1.0,US0540,Bi,0,0.0016531786,0.0006810672
37.0,1.0,US0554,Angelina,0,0.010884365,0.0044840793
37.0,1.0,US0552,Alison,0,0.4806016,0.19799554
37.0,1.0,US0547,Alec,0,0.33453915,0.13782156
37.0,1.0,US0544,Elizabeth,0,0.0010661259,0.00043921656
37.0,2.0,US0540,Bi,0,0.0012825156,0.0004950329
37.0,2.0,US0556,Nick,1,0.6622542,0.25562075
37.0,2.0,US0542,Natalie,0,0.001761858,0.00068005227
37.0,2.0,US0541,Natalia,0,0.001184011,0.00045701148
37.0,2.0,US0555,Mike,0,0.09889796,0.03817321
37.0,2.0,US0543,Lyrsa,0,0.0021016973,0.0008112254
37.0,2.0,US0553,Kara,0,0.21193433,0.08180365
37.0,2.0,US0545,John,0,0.0040878933,0.0015778689
37.0,2.0,US0538,Jessica,0,0.0033990424,0.0013119823
37.0,2.0,US0539,Jeremy,0,0.0035524464,0.001371194
37.0,2.0,US0549,Gabby,0,0.3877856,0.14967977
37.0,2.0,US0544,Elizabeth,0,0.0015418336,0.00059512595
37.0,2.0,US0551,Davie,0,0.19031578,0.0734592
37.0,2.0,US0546,Dan,0,0.024731347,0.00954595
37.0,2.0,US0550,Christian,0,0.15367025,0.05931454
37.0,2.0,US0548,Carl,0,0.0027141387,0.0010476192
37.0,2.0,US0554,Angelina,0,0.011865598,0.004579953
37.0,2.0,US0552,Alison,0,0.41757601,0.16117842
37.0,2.0,US0547,Alec,0,0.410112,0.15829742
37.0,1.0,US0537,Pat,0,0.0008314933,0.00034255392
37.0,1.0,US0556,Nick,1,0.59271944,0.24418521
37.0,1.0,US0542,Natalie,0,0.0018466278,0.0007607633
37.0,1.0,US0541,Natalia,0,0.0014498561,0.00059730356
37.0,1.0,US0555,Mike,0,0.09553317,0.039357215
37.0,1.0,US0543,Lyrsa,0,0.0012806515,0.0005275956
37.0,1.0,US0553,Kara,0,0.11837604,0.048767895
37.0,1.0,US0545,John,0,0.0050263912,0.0020707443
37.0,1.0,US0538,Jessica,0,0.0042128884,0.001735602
37.0,1.0,US0539,Jeremy,0,0.0036617613,0.0015085518
37.0,1.0,US0549,Gabby,0,0.29946497,0.12337189
38.0,1.0,US0429,Kelley,0,0.0030936277,0.0032152038
38.0,2.0,US0563,Julia,0,0.0014258892,0.00135053
38.0,2.0,US0451,Joe,0,0.00029735314,0.00028163783
38.0,2.0,US0477,Aubry,0,0.00021285811,0.00020160842
38.0,2.0,US0495,David,0,0.057112686,0.054094244
38.0,2.0,US0558,Keith,0,0.00010499495,9.94459e-05
38.0,2.0,US0559,Chris,1,0.0006948784,0.0006581536
38.0,2.0,US0560,Rick,0,0.028514251,0.027007254
38.0,2.0,US0561,Wendy,0,0.0055546504,0.0052610836
38.0,2.0,US0562,Eric,0,0.0020154545,0.0019089363
38.0,2.0,US0429,Kelley,0,0.007690129,0.0072837006
38.0,2.0,US0564,Wardog,0,0.008265197,0.007828376
38.0,2.0,US0565,Ron,0,0.038657997,0.036614895
38.0,2.0,US0566,Aurora,0,0.056293707,0.05331855
38.0,2.0,US0567,Victoria,0,0.59687483,0.5653296
38.0,2.0,US0568,Lauren,0,0.052087408,0.049334552
38.0,2.0,US0569,Julie,0,0.055304173,0.05238131
38.0,2.0,US0570,Gavin,0,0.14469332,0.13704617
38.0,3.0,US0429,Kelley,0,0.006825781,0.00982768
38.0,1.0,US0562,Eric,0,0.0017365036,0.0018047461
38.0,1.0,US0451,Joe,0,0.00029044566,0.00030185984
38.0,1.0,US0477,Aubry,0,0.0001317105,0.00013688658
38.0,1.0,US0495,David,0,0.01631934,0.016960671
38.0,1.0,US0557,Reem,0,0.00034924343,0.0003629683
38.0,1.0,US0558,Keith,0,0.00014510998,0.00015081263
38.0,1.0,US0559,Chris,1,0.0007882528,0.0008192302
38.0,1.0,US0560,Rick,0,0.03153724,0.032776617
38.0,1.0,US0561,Wendy,0,0.0065670237,0.0068251
38.0,1.0,US0563,Julia,0,0.0012332029,0.0012816663
38.0,1.0,US0564,Wardog,0,0.0053428304,0.0055527976
38.0,1.0,US0565,Ron,0,0.12722275,0.13222246
38.0,1.0,US0566,Aurora,0,0.048864894,0.050785225
38.0,1.0,US0567,Victoria,0,0.2799529,0.29095474
38.0,1.0,US0568,Lauren,0,0.24928325,0.25907978
38.0,1.0,US0569,Julie,0,0.061604436,0.06402542
38.0,1.0,US0570,Gavin,0,0.1277244,0.13274382
38.0,3.0,US0451,Joe,0,0.0002923679,0.0004209479
38.0,7.0,US0570,Gavin,0,0.03636563,0.14912707
38.0,9.0,US0564,Wardog,0,0.0018027861,0.0073720827
38.0,9.0,US0560,Rick,0,0.003501548,0.014318781
38.0,9.0,US0495,David,0,0.009479846,0.038765665
38.0,9.0,US0429,Kelley,0,0.0008127418,0.0033235222
38.0,8.0,US0570,Gavin,0,0.02628001,0.15700313
38.0,8.0,US0569,Julie,0,0.021661784,0.12941274
38.0,8.0,US0568,Lauren,0,0.04293035,0.2564763
38.0,8.0,US0567,Victoria,0,0.028585654,0.17077762
38.0,8.0,US0566,Aurora,0,0.00427921,0.025565038
38.0,8.0,US0565,Ron,0,0.028776145,0.17191565
38.0,8.0,US0564,Wardog,0,0.0014429751,0.008620683
38.0,8.0,US0563,Julia,0,0.00034648276,0.002069972
38.0,8.0,US0560,Rick,0,0.0030235443,0.018063385
38.0,8.0,US0495,David,0,0.007994277,0.04775975
38.0,8.0,US0429,Kelley,0,0.0020648097,0.012335673
38.0,9.0,US0565,Ron,0,0.042101715,0.17216535
38.0,7.0,US0569,Julie,0,0.04751273,0.19483875
38.0,7.0,US0568,Lauren,0,0.025765736,0.10565934
38.0,7.0,US0567,Victoria,0,0.090659134,0.37177223
38.0,7.0,US0566,Aurora,0,0.0025692692,0.010535981
38.0,7.0,US0565,Ron,0,0.023742113,0.09736093
38.0,7.0,US0564,Wardog,0,0.0011952543,0.0049014622
38.0,7.0,US0563,Julia,0,0.0005497686,0.0022544744
38.0,7.0,US0562,Eric,0,0.0007380648,0.0030266338
38.0,7.0,US0560,Rick,0,0.0060894648,0.02497149
38.0,7.0,US0495,David,0,0.0064933375,0.02662768
38.0,7.0,US0429,Kelley,0,0.002176171,0.008923976
38.0,6.0,US0570,Gavin,0,0.0320451,0.114961706
38.0,6.0,US0569,Julie,0,0.020590844,0.07386959
38.0,6.0,US0568,Lauren,0,0.053932004,0.19348091
38.0,6.0,US0567,Victoria,0,0.1175071,0.42155638
38.0,10.0,US0564,Wardog,0,0.00083967834,0.0026732543
38.0,12.0,US0566,Aurora,0,0.0038438858,0.013335508
38.0,12.0,US0560,Rick,0,0.0034239483,0.011878628
38.0,11.0,US0570,Gavin,0,0.17884849,0.5612921
38.0,11.0,US0569,Julie,0,0.02071281,0.065004386
38.0,11.0,US0568,Lauren,0,0.033094186,0.10386168
38.0,11.0,US0567,Victoria,0,0.062148105,0.19504353
38.0,11.0,US0566,Aurora,0,0.006647766,0.020863127
38.0,11.0,US0565,Ron,0,0.013787634,0.043270648
38.0,11.0,US0560,Rick,0,0.0033981123,0.010664522
38.0,10.0,US0570,Gavin,0,0.06216029,0.19789752
38.0,10.0,US0569,Julie,0,0.060241,0.19178714
38.0,10.0,US0568,Lauren,0,0.05271465,0.16782577
38.0,10.0,US0567,Victoria,0,0.052616183,0.16751228
38.0,10.0,US0566,Aurora,0,0.007865748,0.025041906
38.0,10.0,US0565,Ron,0,0.071344085,0.22713564
38.0,6.0,US0566,Aurora,0,0.0036534984,0.013106915
38.0,10.0,US0560,Rick,0,0.006321786,0.020126447
38.0,9.0,US0570,Gavin,0,0.053038854,0.21689029
38.0,9.0,US0569,Julie,0,0.052619193,0.21517418
38.0,9.0,US0568,Lauren,0,0.023512507,0.096149035
38.0,9.0,US0567,Victoria,0,0.050615847,0.20698196
38.0,9.0,US0566,Aurora,0,0.0070572733,0.028859109
38.0,4.0,US0451,Joe,0,0.00027253138,0.0005796489
38.0,5.0,US0451,Joe,0,0.00013665206,0.00038906926
38.0,5.0,US0429,Kelley,0,0.0024372751,0.006939294
38.0,4.0,US0570,Gavin,0,0.052777216,0.11225223
38.0,4.0,US0569,Julie,0,0.06582596,0.1400057
38.0,4.0,US0568,Lauren,0,0.031811435,0.06765996
38.0,4.0,US0567,Victoria,0,0.19356564,0.41169608
38.0,4.0,US0566,Aurora,0,0.024208749,0.051489756
38.0,4.0,US0565,Ron,0,0.04630043,0.0984767
38.0,4.0,US0564,Wardog,0,0.003060161,0.0065086773
38.0,4.0,US0563,Julia,0,0.0014679381,0.0031221677
38.0,4.0,US0562,Eric,0,0.0015859251,0.003373115
38.0,4.0,US0561,Wendy,0,0.004538184,0.009652295
38.0,4.0,US0560,Rick,0,0.0077619315,0.016508905
38.0,4.0,US0495,David,0,0.030455286,0.06477556
38.0,4.0,US0477,Aubry,0,0.0002460362,0.00052329607
38.0,5.0,US0477,Aubry,0,0.00016047618,0.00045690013
38.0,4.0,US0429,Kelley,0,0.0062888917,0.013375887
38.0,3.0,US0570,Gavin,0,0.0786534,0.11324425
38.0,3.0,US0569,Julie,0,0.0573076,0.082510814
38.0,3.0,US0568,Lauren,0,0.021314824,0.030688835
38.0,3.0,US0567,Victoria,0,0.36508822,0.5256498
38.0,3.0,US0566,Aurora,0,0.034145813,0.049162745
38.0,3.0,US0565,Ron,0,0.031060673,0.044720795
38.0,3.0,US0564,Wardog,0,0.009079239,0.013072183
38.0,3.0,US0563,Julia,0,0.0014081394,0.0020274227
38.0,3.0,US0562,Eric,0,0.0016270191,0.0023425631
38.0,3.0,US0561,Wendy,0,0.005121593,0.00737401
38.0,3.0,US0560,Rick,0,0.02893391,0.041658707
38.0,3.0,US0559,Chris,1,0.0003359485,0.00048369475
38.0,3.0,US0495,David,0,0.05315929,0.07653812
38.0,3.0,US0477,Aubry,0,0.00019269269,0.0002774367
38.0,5.0,US0562,Eric,0,0.0014733438,0.0041948343
38.0,6.0,US0565,Ron,0,0.020148784,0.07228371
38.0,6.0,US0564,Wardog,0,0.0017562764,0.0063006366
38.0,6.0,US0563,Julia,0,0.00035931385,0.0012890374
38.0,6.0,US0562,Eric,0,0.0012292162,0.0044098096
38.0,6.0,US0495,David,0,0.024776733,0.08888646
38.0,6.0,US0451,Joe,0,7.790163e-05,0.0002794719
38.0,6.0,US0429,Kelley,0,0.0026691025,0.009575398
38.0,5.0,US0570,Gavin,0,0.028731268,0.0818023
38.0,5.0,US0569,Julie,0,0.024522865,0.06982034
38.0,5.0,US0568,Lauren,0,0.034365356,0.09784341
38.0,5.0,US0567,Victoria,0,0.19958027,0.56823546
38.0,5.0,US0566,Aurora,0,0.00530704,0.015109953
38.0,5.0,US0565,Ron,0,0.028535737,0.081245594
38.0,5.0,US0564,Wardog,0,0.0017042762,0.004852334
38.0,5.0,US0563,Julia,0,0.00056321884,0.00160357
38.0,12.0,US0567,Victoria,0,0.06283533,0.21799321
38.0,5.0,US0561,Wendy,0,0.0011116671,0.0031650858
38.0,5.0,US0495,David,0,0.022598678,0.06434188
38.0,13.0,US0569,Julie,0,0.06959792,0.23478948
38.0,13.0,US0559,Chris,1,0.00085591455,0.0028874387
38.0,13.0,US0570,Gavin,0,0.1951264,0.6582614
38.0,13.0,US0560,Rick,0,0.0066958857,0.022588655
38.0,13.0,US0568,Lauren,0,0.014692848,0.049566507
38.0,13.0,US0567,Victoria,0,0.009457949,0.03190651
38.0,12.0,US0570,Gavin,0,0.10758213,0.3732323
38.0,12.0,US0569,Julie,0,0.049662698,0.1722937
38.0,12.0,US0568,Lauren,0,0.060896453,0.21126671
39.0,4.0,US0574,Chelsea,0,0.00023351426,0.00024785646
39.0,3.0,US0582,Elizabeth,0,0.00069153163,0.0012858826
39.0,3.0,US0583,Karishma,0,0.0012877261,0.0023944885
39.0,3.0,US0584,Elaine,0,0.0009798957,0.001822087
39.0,3.0,US0585,Dan,0,0.0008142061,0.0015139921
39.0,3.0,US0586,Janet,0,0.0017491715,0.0032525326
39.0,3.0,US0587,Lauren,0,0.19063309,0.35447657
39.0,3.0,US0588,Noura,0,0.01505562,0.027995478
39.0,3.0,US0589,Dean,0,0.26467332,0.49215218
39.0,3.0,US0590,Tommy,1,0.043473616,0.0808379
39.0,3.0,US0581,Missy,0,0.002026112,0.0037674953
39.0,4.0,US0575,Tom,0,0.0002380825,0.00025270527
39.0,4.0,US0576,Jason,0,0.0015082892,0.0016009269
39.0,4.0,US0577,Jack,0,0.009644031,0.010236357
39.0,4.0,US0578,Kellee,0,0.006036571,0.006407331
39.0,4.0,US0579,Jamal,0,0.0013080394,0.0013883779
39.0,4.0,US0580,Aaron,0,0.00066817296,0.00070921145
39.0,4.0,US0581,Missy,0,0.0019238713,0.0020420335
39.0,4.0,US0582,Elizabeth,0,0.0006267471,0.00066524127
39.0,2.0,US0590,Tommy,1,0.04838818,0.07733762
39.0,2.0,US0582,Elizabeth,0,0.0011852883,0.0018944169
39.0,2.0,US0583,Karishma,0,0.0011524322,0.0018419038
39.0,2.0,US0584,Elaine,0,0.0018077149,0.002889226
39.0,2.0,US0585,Dan,0,0.00064657815,0.0010334098
39.0,2.0,US0586,Janet,0,0.0016330408,0.0026100487
39.0,2.0,US0587,Lauren,0,0.22248325,0.35558945
39.0,2.0,US0588,Noura,0,0.020858757,0.033338033
39.0,2.0,US0589,Dean,0,0.30486608,0.4872599
39.0,4.0,US0583,Karishma,0,0.001675794,0.0017787196
39.0,3.0,US0573,Vince,0,0.00073031714,0.001358003
39.0,3.0,US0574,Chelsea,0,0.00046604642,0.0008665995
39.0,3.0,US0575,Tom,0,0.0002545847,0.00047339272
39.0,3.0,US0576,Jason,0,0.0015723401,0.0029237198
39.0,3.0,US0577,Jack,0,0.008310051,0.015452293
39.0,3.0,US0578,Kellee,0,0.003285874,0.006109985
39.0,3.0,US0579,Jamal,0,0.0010532356,0.0019584603
39.0,3.0,US0580,Aaron,0,0.00073079404,0.0013588899
39.0,6.0,US0579,Jamal,0,0.0010875564,0.0012384871
39.0,5.0,US0586,Janet,0,0.001492914,0.0018790726
39.0,5.0,US0587,Lauren,0,0.40081668,0.50449234
39.0,5.0,US0588,Noura,0,0.03628855,0.04567498
39.0,5.0,US0589,Dean,0,0.30317298,0.381592
39.0,5.0,US0590,Tommy,1,0.03445815,0.04337113
39.0,6.0,US0576,Jason,0,0.0007440648,0.0008473259
39.0,6.0,US0577,Jack,0,0.0048195086,0.0054883584
39.0,6.0,US0578,Kellee,0,0.0043507335,0.0049545267
39.0,5.0,US0585,Dan,0,0.00085775356,0.0010796209
39.0,6.0,US0580,Aaron,0,0.0004974799,0.00056652003
39.0,6.0,US0581,Missy,0,0.00093992724,0.00107037
39.0,6.0,US0582,Elizabeth,0,0.00040901906,0.0004657826
39.0,6.0,US0583,Karishma,0,0.0014869693,0.0016933304
39.0,6.0,US0584,Elaine,0,0.0033616964,0.0038282315
39.0,6.0,US0585,Dan,0,0.0009274031,0.0010561078
39.0,6.0,US0586,Janet,0,0.0010015568,0.0011405525
39.0,6.0,US0587,Lauren,0,0.49203774,0.5603226
39.0,5.0,US0576,Jason,0,0.0014106137,0.0017754844
39.0,4.0,US0584,Elaine,0,0.0009029386,0.0009583962
39.0,4.0,US0585,Dan,0,0.00080608245,0.0008555912
39.0,4.0,US0586,Janet,0,0.0014210389,0.0015083177
39.0,4.0,US0587,Lauren,0,0.39995983,0.42452496
39.0,4.0,US0588,Noura,0,0.045856144,0.048672583
39.0,4.0,US0589,Dean,0,0.42289668,0.44887057
39.0,4.0,US0590,Tommy,1,0.046429206,0.04928084
39.0,5.0,US0575,Tom,0,0.00014071741,0.00017711552
39.0,2.0,US0581,Missy,0,0.0021522616,0.0034399063
39.0,5.0,US0577,Jack,0,0.0059937863,0.007544145
39.0,5.0,US0578,Kellee,0,0.004238525,0.0053348662
39.0,5.0,US0579,Jamal,0,0.00081090606,0.0010206559
39.0,5.0,US0580,Aaron,0,0.00058246264,0.000733123
39.0,5.0,US0581,Missy,0,0.00076604926,0.00096419634
39.0,5.0,US0582,Elizabeth,0,0.0004291927,0.00054020813
39.0,5.0,US0583,Karishma,0,0.0021698568,0.0027311142
39.0,5.0,US0584,Elaine,0,0.00086596655,0.0010899584
39.0,2.0,US0572,Molly,0,0.0012690146,0.0020282345
39.0,1.0,US0583,Karishma,0,0.006259222,0.006553498
39.0,1.0,US0584,Elaine,0,0.004131319,0.004325552
39.0,1.0,US0585,Dan,0,0.00073126535,0.00076564564
39.0,1.0,US0586,Janet,0,0.002221453,0.002325894
39.0,1.0,US0587,Lauren,0,0.16606101,0.17386833
39.0,1.0,US0588,Noura,0,0.008637214,0.00904329
39.0,1.0,US0589,Dean,0,0.6779222,0.7097945
39.0,1.0,US0590,Tommy,1,0.042922992,0.044941008
39.0,1.0,US0582,Elizabeth,0,0.0014466798,0.0015146951
39.0,2.0,US0573,Vince,0,0.00086112996,0.0013763226
39.0,2.0,US0574,Chelsea,0,0.0004703911,0.0007518144
39.0,2.0,US0575,Tom,0,0.00027058207,0.00043246459
39.0,2.0,US0576,Jason,0,0.0016605755,0.0026540565
39.0,2.0,US0577,Jack,0,0.009668801,0.015453405
39.0,2.0,US0578,Kellee,0,0.0046786596,0.0074777855
39.0,2.0,US0579,Jamal,0,0.00081010244,0.0012947667
39.0,2.0,US0580,Aaron,0,0.0008116625,0.00129726
39.0,1.0,US0573,Vince,0,0.0046126056,0.0048294663
39.0,1.0,US0571,Ronnie,0,0.0004929939,0.0005161719
39.0,1.0,US0572,Molly,0,0.0025999707,0.0027222077
39.0,6.0,US0588,Noura,0,0.03160916,0.035995867
39.0,1.0,US0574,Chelsea,0,0.003530071,0.0036960363
39.0,1.0,US0575,Tom,0,0.00049980317,0.0005233013
39.0,1.0,US0576,Jason,0,0.0016322971,0.0017090391
39.0,1.0,US0577,Jack,0,0.0064711925,0.006775434
39.0,1.0,US0578,Kellee,0,0.007328053,0.00767258
39.0,1.0,US0579,Jamal,0,0.00044343204,0.0004642799
39.0,1.0,US0580,Aaron,0,0.0008852999,0.000926922
39.0,1.0,US0581,Missy,0,0.016267257,0.017032059
39.0,13.0,US0588,Noura,0,0.06155868,0.14687967
39.0,13.0,US0589,Dean,0,0.20584413,0.49114633
39.0,13.0,US0590,Tommy,1,0.07110297,0.16965245
39.0,13.0,US0586,Janet,0,0.00042845996,0.0010223101
39.0,13.0,US0587,Lauren,0,0.07970393,0.19017443
39.0,12.0,US0585,Dan,0,0.00042763245,0.0005918235
39.0,11.0,US0584,Elaine,0,0.0018386722,0.0028829637
39.0,11.0,US0585,Dan,0,0.00040951866,0.0006421087
39.0,11.0,US0586,Janet,0,0.0014436563,0.0022635947
39.0,11.0,US0587,Lauren,0,0.43441993,0.6811529
39.0,11.0,US0588,Noura,0,0.026722493,0.04189979
39.0,11.0,US0589,Dean,0,0.1583846,0.24834067
39.0,11.0,US0590,Tommy,1,0.014113813,0.022129888
39.0,12.0,US0586,Janet,0,0.0022898298,0.0031690183
39.0,12.0,US0587,Lauren,0,0.55384284,0.76649284
39.0,12.0,US0588,Noura,0,0.017911404,0.024788553
39.0,12.0,US0589,Dean,0,0.122369595,0.16935384
39.0,12.0,US0590,Tommy,1,0.025121368,0.03476681
39.0,13.0,US0585,Dan,0,0.00047140307,0.0011247728
39.0,11.0,US0583,Karishma,0,0.00043887523,0.0006881386
39.0,8.0,US0588,Noura,0,0.0097188065,0.027122198
39.0,8.0,US0580,Aaron,0,0.00046133687,0.0012874492
39.0,8.0,US0581,Missy,0,0.0018313837,0.005110828
39.0,8.0,US0582,Elizabeth,0,0.0003043245,0.000849276
39.0,8.0,US0583,Karishma,0,0.0010104938,0.0028199772
39.0,8.0,US0584,Elaine,0,0.000995883,0.002779203
39.0,8.0,US0585,Dan,0,0.00057097245,0.0015934084
39.0,8.0,US0586,Janet,0,0.0012320646,0.003438313
39.0,8.0,US0587,Lauren,0,0.20066762,0.56000155
39.0,8.0,US0579,Jamal,0,0.0004332082,0.0012089508
39.0,8.0,US0589,Dean,0,0.1257326,0.35088098
39.0,8.0,US0590,Tommy,1,0.012611659,0.035195258
39.0,7.0,US0583,Karishma,0,0.0012057079,0.0022812148
39.0,6.0,US0589,Dean,0,0.30715066,0.34977692
39.0,6.0,US0590,Tommy,1,0.027709566,0.03155509
39.0,7.0,US0577,Jack,0,0.004317149,0.008168101
39.0,7.0,US0578,Kellee,0,0.005959196,0.011274875
39.0,7.0,US0579,Jamal,0,0.0013681288,0.0025885173
39.0,7.0,US0580,Aaron,0,0.00056949875,0.001077499
39.0,7.0,US0581,Missy,0,0.0009370999,0.0017730051
39.0,7.0,US0582,Elizabeth,0,0.00025927144,0.0004905449
39.0,7.0,US0584,Elaine,0,0.0028356924,0.0053651663
39.0,7.0,US0585,Dan,0,0.000776418,0.0014689929
39.0,7.0,US0586,Janet,0,0.0015436668,0.0029206374
39.0,7.0,US0587,Lauren,0,0.283484,0.5363554
39.0,7.0,US0588,Noura,0,0.03006497,0.05688331
39.0,7.0,US0589,Dean,0,0.17374279,0.32872358
39.0,7.0,US0590,Tommy,1,0.021474058,0.040629193
39.0,8.0,US0578,Kellee,0,0.002763699,0.0077126333
39.0,10.0,US0582,Elizabeth,0,0.00024204885,0.0004442624
39.0,9.0,US0583,Karishma,0,0.0013230924,0.0027914043
39.0,9.0,US0584,Elaine,0,0.0011973515,0.0025261214
39.0,9.0,US0585,Dan,0,0.0004987524,0.0010522467
39.0,9.0,US0586,Janet,0,0.001424631,0.0030056261
39.0,9.0,US0587,Lauren,0,0.3131611,0.66069406
39.0,9.0,US0588,Noura,0,0.02884642,0.060858957
39.0,9.0,US0589,Dean,0,0.11554393,0.24376969
39.0,9.0,US0590,Tommy,1,0.010831499,0.022851838
39.0,9.0,US0582,Elizabeth,0,0.00028874763,0.0006091875
39.0,10.0,US0583,Karishma,0,0.0008120637,0.0014904817
39.0,10.0,US0584,Elaine,0,0.0012540264,0.0023016708
39.0,10.0,US0585,Dan,0,0.0005211994,0.00095662224
39.0,10.0,US0586,Janet,0,0.0014269209,0.0026190057
39.0,10.0,US0587,Lauren,0,0.34964547,0.6417479
39.0,10.0,US0588,Noura,0,0.015166938,0.027837772
39.0,10.0,US0589,Dean,0,0.1612221,0.295911
39.0,10.0,US0590,Tommy,1,0.01454231,0.026691312
39.0,9.0,US0580,Aaron,0,0.00023417937,0.00049406174
39.0,9.0,US0581,Missy,0,0.0006383747,0.001346816
39.0,12.0,US0584,Elaine,0,0.00060488953,0.0008371391
40.0,14.0,US0424,Tony,1,0.86576825,0.454111
40.0,13.0,US0478,Michele,0,0.96789664,0.3304309
40.0,13.0,US0556,Nick,0,0.087759174,0.029960165
40.0,13.0,US0414,Sarah,0,0.346665,0.118348196
40.0,13.0,US0424,Tony,1,0.820429,0.28008682
40.0,14.0,US0516,Ben,0,0.033517797,0.017580686
40.0,14.0,US0386,Denise,0,0.01335048,0.007002567
40.0,14.0,US0478,Michele,0,0.97131246,0.5094708
40.0,14.0,US0414,Sarah,0,0.019403664,0.01017757
40.0,13.0,US0386,Denise,0,0.1473353,0.0502989
40.0,14.0,US0442,Natalie,0,0.003159764,0.001657353
40.0,12.0,US0424,Tony,1,0.84365284,0.20088638
40.0,11.0,US0424,Tony,1,0.87369573,0.19053023
40.0,12.0,US0516,Ben,0,0.4820624,0.11478628
40.0,12.0,US0386,Denise,0,0.0900104,0.021432824
40.0,12.0,US0433,Jeremy,0,0.7685262,0.1829976
40.0,12.0,US0371,Kim,0,0.15964094,0.0380129
40.0,12.0,US0478,Michele,0,0.97255415,0.23157972
40.0,12.0,US0556,Nick,0,0.6043719,0.14391
40.0,12.0,US0414,Sarah,0,0.2788328,0.06639427
40.0,13.0,US0516,Ben,0,0.45343336,0.15479793
40.0,13.0,US0433,Jeremy,0,0.10567689,0.036077105
40.0,11.0,US0353,Sophie,0,0.4217495,0.09197255
40.0,1.0,US0498,Adam,0,0.8035812,0.10520786
40.0,1.0,US0027,Amber,0,0.0018877662,0.00024715342
40.0,1.0,US0516,Ben,0,0.1488445,0.019487279
40.0,1.0,US0055,Boston Rob,0,0.015178489,0.0019872247
40.0,1.0,US0556,Nick,0,0.7240827,0.09479962
40.0,1.0,US0166,Danni,0,0.008062228,0.001055537
40.0,1.0,US0386,Denise,0,0.25038344,0.03278114
40.0,1.0,US0048,Ethan,0,0.005779717,0.0007567022
40.0,1.0,US0433,Jeremy,0,0.8526467,0.1116317
40.0,1.0,US0371,Kim,0,0.7180376,0.09400817
40.0,1.0,US0478,Michele,0,0.98413,0.12884599
40.0,1.0,US0197,Parvati,0,0.008490168,0.0011115646
40.0,1.0,US0112,Sandra,0,0.03419511,0.004476952
40.0,1.0,US0414,Sarah,0,0.09432433,0.0123492945
40.0,1.0,US0353,Sophie,0,0.860897,0.11271186
40.0,1.0,US0424,Tony,1,0.5857018,0.07668228
40.0,1.0,US0274,Tyson,0,0.7847073,0.10273682
40.0,1.0,US0536,Wendell,0,0.6996391,0.09159937
40.0,1.0,US0202,Yul,0,0.054880194,0.0071851206
40.0,1.0,US0442,Natalie,0,0.0025844516,0.00033836608
40.0,2.0,US0498,Adam,0,0.7653225,0.1030946
40.0,7.0,US0556,Nick,0,0.70925236,0.10687255
40.0,6.0,US0536,Wendell,0,0.6533231,0.103598885
40.0,6.0,US0202,Yul,0,0.038498577,0.006104804
40.0,7.0,US0498,Adam,0,0.772058,0.11633632
40.0,7.0,US0516,Ben,0,0.07031102,0.010594703
40.0,7.0,US0386,Denise,0,0.13350594,0.020117128
40.0,7.0,US0433,Jeremy,0,0.79097325,0.119186535
40.0,7.0,US0371,Kim,0,0.68743455,0.103584975
40.0,7.0,US0478,Michele,0,0.9813607,0.14787476
40.0,6.0,US0424,Tony,1,0.5078134,0.08052509
40.0,7.0,US0414,Sarah,0,0.1553999,0.023416186
40.0,7.0,US0353,Sophie,0,0.96828127,0.14590392
40.0,7.0,US0424,Tony,1,0.6266945,0.09443246
40.0,7.0,US0536,Wendell,0,0.7294647,0.10991822
40.0,7.0,US0202,Yul,0,0.011695181,0.0017622696
40.0,8.0,US0498,Adam,0,0.70341325,0.12067596
40.0,8.0,US0516,Ben,0,0.043408312,0.00744703
40.0,8.0,US0386,Denise,0,0.08029797,0.013775735
40.0,6.0,US0516,Ben,0,0.06258271,0.009923878
40.0,6.0,US0197,Parvati,0,0.0016473792,0.00026122856
40.0,6.0,US0112,Sandra,0,0.009320451,0.0014779645
40.0,6.0,US0414,Sarah,0,0.05853293,0.009281696
40.0,6.0,US0353,Sophie,0,0.91185707,0.14459519
40.0,6.0,US0498,Adam,0,0.7690593,0.12195143
40.0,8.0,US0433,Jeremy,0,0.7724752,0.13252406
40.0,6.0,US0386,Denise,0,0.09151352,0.014511501
40.0,6.0,US0433,Jeremy,0,0.769999,0.12210044
40.0,6.0,US0371,Kim,0,0.65157,0.1033209
40.0,6.0,US0478,Michele,0,0.97949344,0.15532044
40.0,6.0,US0556,Nick,0,0.8010642,0.12702651
40.0,10.0,US0424,Tony,1,0.6544304,0.13242759
40.0,10.0,US0516,Ben,0,0.045944884,0.0092972005
40.0,10.0,US0386,Denise,0,0.07009434,0.014183976
40.0,10.0,US0433,Jeremy,0,0.75861996,0.15351093
40.0,10.0,US0371,Kim,0,0.6410675,0.12972355
40.0,10.0,US0478,Michele,0,0.9664201,0.19556044
40.0,10.0,US0556,Nick,0,0.53951764,0.10917437
40.0,10.0,US0414,Sarah,0,0.21497662,0.043501705
40.0,10.0,US0353,Sophie,0,0.94467294,0.19115977
40.0,9.0,US0274,Tyson,0,0.1140099,0.022021012
40.0,10.0,US0274,Tyson,0,0.10605313,0.021460434
40.0,11.0,US0516,Ben,0,0.042865615,0.009347871
40.0,11.0,US0386,Denise,0,0.10092904,0.022009987
40.0,11.0,US0433,Jeremy,0,0.7506075,0.16368788
40.0,11.0,US0371,Kim,0,0.65610653,0.1430797
40.0,11.0,US0478,Michele,0,0.96483487,0.21040529
40.0,11.0,US0556,Nick,0,0.5298973,0.115556754
40.0,11.0,US0414,Sarah,0,0.24491554,0.053409684
40.0,9.0,US0516,Ben,0,0.043909263,0.008481074
40.0,8.0,US0371,Kim,0,0.72430503,0.124260105
40.0,8.0,US0478,Michele,0,0.97317624,0.16695587
40.0,8.0,US0556,Nick,0,0.6949692,0.11922731
40.0,8.0,US0414,Sarah,0,0.14535554,0.02493686
40.0,8.0,US0353,Sophie,0,0.9547543,0.16379544
40.0,8.0,US0424,Tony,1,0.6773928,0.11621194
40.0,8.0,US0536,Wendell,0,0.059394896,0.0101896515
40.0,9.0,US0498,Adam,0,0.08713004,0.016829167
40.0,9.0,US0386,Denise,0,0.06983726,0.013489067
40.0,9.0,US0433,Jeremy,0,0.745094,0.14391491
40.0,9.0,US0371,Kim,0,0.73599106,0.14215668
40.0,9.0,US0478,Michele,0,0.96655697,0.18669048
40.0,9.0,US0556,Nick,0,0.65815574,0.12712277
40.0,9.0,US0414,Sarah,0,0.17590342,0.033975746
40.0,9.0,US0353,Sophie,0,0.9158258,0.17689174
40.0,9.0,US0424,Tony,1,0.66490996,0.12842736
40.0,3.0,US0197,Parvati,0,0.0049040793,0.0006716365
40.0,3.0,US0516,Ben,0,0.13213028,0.018095857
40.0,3.0,US0055,Boston Rob,0,0.0104748225,0.0014345758
40.0,3.0,US0386,Denise,0,0.29160535,0.03993671
40.0,3.0,US0048,Ethan,0,0.0017431397,0.0002387311
40.0,3.0,US0433,Jeremy,0,0.7806927,0.1069195
40.0,3.0,US0371,Kim,0,0.5470463,0.074920535
40.0,3.0,US0478,Michele,0,0.9643899,0.1320777
40.0,3.0,US0556,Nick,0,0.75458,0.10334325
40.0,3.0,US0498,Adam,0,0.76437557,0.10468479
40.0,3.0,US0112,Sandra,0,0.0462196,0.006329989
40.0,3.0,US0414,Sarah,0,0.10523108,0.014411886
40.0,3.0,US0353,Sophie,0,0.8879758,0.12161242
40.0,3.0,US0424,Tony,1,0.68289435,0.09352556
40.0,3.0,US0274,Tyson,0,0.7675498,0.10511952
40.0,3.0,US0536,Wendell,0,0.51053816,0.06992058
40.0,3.0,US0202,Yul,0,0.049336005,0.0067567956
40.0,4.0,US0498,Adam,0,0.6967748,0.10591592
40.0,2.0,US0556,Nick,0,0.6598144,0.08888188
40.0,2.0,US0516,Ben,0,0.13718285,0.018479543
40.0,2.0,US0055,Boston Rob,0,0.012118845,0.001632498
40.0,2.0,US0166,Danni,0,0.0018612205,0.00025072016
40.0,2.0,US0386,Denise,0,0.3173931,0.042755194
40.0,2.0,US0048,Ethan,0,0.0044006873,0.0005928051
40.0,2.0,US0433,Jeremy,0,0.79207164,0.1066979
40.0,2.0,US0371,Kim,0,0.6504867,0.08762537
40.0,2.0,US0478,Michele,0,0.9671649,0.13028425
40.0,4.0,US0516,Ben,0,0.11073561,0.016832791
40.0,2.0,US0197,Parvati,0,0.010405721,0.0014017276
40.0,2.0,US0112,Sandra,0,0.037713606,0.0050803013
40.0,2.0,US0414,Sarah,0,0.08575998,0.011552503
40.0,2.0,US0353,Sophie,0,0.884756,0.119183175
40.0,2.0,US0424,Tony,1,0.6622741,0.08921322
40.0,2.0,US0274,Tyson,0,0.7570742,0.10198349
40.0,2.0,US0536,Wendell,0,0.63829404,0.085982926
40.0,2.0,US0202,Yul,0,0.03940293,0.005307866
40.0,5.0,US0424,Tony,1,0.53095305,0.07990106
40.0,5.0,US0433,Jeremy,0,0.7857631,0.118246436
40.0,5.0,US0371,Kim,0,0.7315967,0.11009515
40.0,5.0,US0478,Michele,0,0.97766507,0.14712502
40.0,5.0,US0556,Nick,0,0.8534805,0.12843697
40.0,5.0,US0197,Parvati,0,0.0052868105,0.0007955916
40.0,5.0,US0112,Sandra,0,0.039799698,0.005989302
40.0,5.0,US0414,Sarah,0,0.09579663,0.014416063
40.0,5.0,US0353,Sophie,0,0.86784637,0.13059883
40.0,5.0,US0386,Denise,0,0.3029873,0.045595385
40.0,5.0,US0536,Wendell,0,0.63823175,0.09604502
40.0,5.0,US0202,Yul,0,0.049020212,0.0073768618
40.0,4.0,US0414,Sarah,0,0.08827611,0.013418748
40.0,4.0,US0055,Boston Rob,0,0.010929021,0.0016613078
40.0,4.0,US0386,Denise,0,0.26658645,0.040523496
40.0,4.0,US0433,Jeremy,0,0.7768736,0.11809165
40.0,4.0,US0371,Kim,0,0.56294006,0.08557186
40.0,4.0,US0478,Michele,0,0.9714769,0.14767307
40.0,4.0,US0556,Nick,0,0.86387855,0.13131717
40.0,4.0,US0197,Parvati,0,0.005003844,0.0007606285
40.0,4.0,US0112,Sandra,0,0.0391729,0.0059546265
40.0,4.0,US0353,Sophie,0,0.8713471,0.13245246
40.0,4.0,US0424,Tony,1,0.49338207,0.07499843
40.0,4.0,US0274,Tyson,0,0.17684308,0.02688171
40.0,4.0,US0536,Wendell,0,0.60170144,0.09146393
40.0,4.0,US0202,Yul,0,0.042643793,0.0064822333
40.0,5.0,US0498,Adam,0,0.6502096,0.09784752
40.0,5.0,US0516,Ben,0,0.11340564,0.017065974
40.0,5.0,US0055,Boston Rob,0,0.003088504,0.000464777
41.0,1.0,US0607,Voce,0,0.008357292,0.0065034297
41.0,1.0,US0599,Danny,0,0.003232904,0.0025157626
41.0,1.0,US0600,Naseer,0,0.0020335857,0.001582484
41.0,1.0,US0601,Deshawn,0,0.1984401,0.15442099
41.0,1.0,US0602,Brad,0,0.0009907698,0.00077099155
41.0,1.0,US0603,JD,0,0.00054100563,0.00042099666
41.0,1.0,US0604,Tiffany,0,0.0013325206,0.0010369333
41.0,1.0,US0605,Sydney,0,0.0015241352,0.0011860428
41.0,1.0,US0606,Shan,0,0.007953055,0.006188863
41.0,1.0,US0598,Evvie,0,0.02695711,0.02097733
41.0,1.0,US0608,Liana,0,0.01330743,0.0103555
41.0,2.0,US0593,Heather,0,0.007242405,0.0064765476
41.0,2.0,US0594,Erika,1,0.026092893,0.023333667
41.0,2.0,US0595,Genie,0,0.0007833943,0.0007005533
41.0,2.0,US0596,Ricard,0,0.8780165,0.78516954
41.0,2.0,US0597,Xander,0,0.0039180326,0.0035037154
41.0,2.0,US0598,Evvie,0,0.02292182,0.020497922
41.0,2.0,US0599,Danny,0,0.0032960281,0.0029474855
41.0,2.0,US0600,Naseer,0,0.002404558,0.002150285
41.0,1.0,US0592,Sara,0,0.0016736359,0.0013023803
41.0,1.0,US0593,Heather,0,0.01048082,0.008155905
41.0,1.0,US0594,Erika,1,0.11692595,0.09098876
41.0,1.0,US0595,Genie,0,0.000971014,0.0007556181
41.0,1.0,US0596,Ricard,0,0.88627297,0.6896748
41.0,1.0,US0597,Xander,0,0.0036308167,0.002825408
41.0,4.0,US0596,Ricard,0,0.6946056,0.7107032
41.0,3.0,US0603,JD,0,0.00028794518,0.0002811851
41.0,3.0,US0604,Tiffany,0,0.00085313304,0.000833104
41.0,3.0,US0605,Sydney,0,0.0016126282,0.0015747686
41.0,3.0,US0606,Shan,0,0.0038731697,0.0037822393
41.0,3.0,US0608,Liana,0,0.0045653163,0.0044581364
41.0,4.0,US0593,Heather,0,0.009566562,0.009788269
41.0,4.0,US0594,Erika,1,0.028238501,0.028892932
41.0,4.0,US0595,Genie,0,0.0009852012,0.0010080334
41.0,3.0,US0602,Brad,0,0.0006317722,0.0006169401
41.0,4.0,US0597,Xander,0,0.0016427618,0.001680833
41.0,4.0,US0598,Evvie,0,0.015867759,0.016235497
41.0,4.0,US0599,Danny,0,0.0019028174,0.0019469155
41.0,4.0,US0600,Naseer,0,0.0008178109,0.00083676376
41.0,4.0,US0601,Deshawn,0,0.21315736,0.21809731
41.0,4.0,US0603,JD,0,0.000358183,0.00036648393
41.0,4.0,US0604,Tiffany,0,0.0011477218,0.0011743205
41.0,4.0,US0605,Sydney,0,0.0020500266,0.0020975363
41.0,3.0,US0593,Heather,0,0.006875734,0.0067143124
41.0,2.0,US0601,Deshawn,0,0.15093236,0.13497183
41.0,2.0,US0602,Brad,0,0.0006596863,0.0005899269
41.0,2.0,US0603,JD,0,0.00042489433,0.00037996334
41.0,2.0,US0604,Tiffany,0,0.0012285127,0.0010986021
41.0,2.0,US0605,Sydney,0,0.0015589034,0.0013940552
41.0,2.0,US0606,Shan,0,0.0042639603,0.0038130623
41.0,2.0,US0607,Voce,0,0.0018372543,0.0016429715
41.0,2.0,US0608,Liana,0,0.012669596,0.011329833
41.0,3.0,US0594,Erika,1,0.022508718,0.021980282
41.0,3.0,US0595,Genie,0,0.00075926963,0.00074144424
41.0,3.0,US0596,Ricard,0,0.8396633,0.8199506
41.0,3.0,US0597,Xander,0,0.0016181968,0.0015802064
41.0,3.0,US0598,Evvie,0,0.01543636,0.015073961
41.0,3.0,US0599,Danny,0,0.0021872781,0.0021359273
41.0,3.0,US0600,Naseer,0,0.0013273585,0.0012961961
41.0,3.0,US0601,Deshawn,0,0.121841215,0.11898075
41.0,1.0,US0591,Abraham,0,0.00043406637,0.0003377793
41.0,4.0,US0606,Shan,0,0.003725434,0.0038117715
41.0,13.0,US0594,Erika,1,0.07229313,0.09739566
41.0,13.0,US0596,Ricard,0,0.22661075,0.30529737
41.0,13.0,US0597,Xander,0,0.0066416664,0.008947869
41.0,13.0,US0601,Deshawn,0,0.43627924,0.58776957
41.0,13.0,US0593,Heather,0,0.00043761526,0.0005895695
41.0,11.0,US0599,Danny,0,0.0025047376,0.0026190425
41.0,10.0,US0599,Danny,0,0.001924756,0.002260402
41.0,10.0,US0601,Deshawn,0,0.15978366,0.18764734
41.0,10.0,US0606,Shan,0,0.0015629253,0.001835474
41.0,10.0,US0608,Liana,0,0.0010697438,0.0012562898
41.0,11.0,US0593,Heather,0,0.0006431809,0.00067253277
41.0,11.0,US0594,Erika,1,0.04376403,0.04576122
41.0,11.0,US0596,Ricard,0,0.7557845,0.7902751
41.0,11.0,US0597,Xander,0,0.0013949694,0.0014586295
41.0,11.0,US0601,Deshawn,0,0.15151876,0.1584334
41.0,11.0,US0608,Liana,0,0.00074601267,0.00078005734
41.0,12.0,US0593,Heather,0,0.000934751,0.0008711667
41.0,12.0,US0594,Erika,1,0.03590508,0.033462718
41.0,12.0,US0596,Ricard,0,0.7721309,0.7196084
41.0,12.0,US0597,Xander,0,0.0014305495,0.0013332396
41.0,12.0,US0599,Danny,0,0.0010156033,0.0009465192
41.0,12.0,US0601,Deshawn,0,0.26157072,0.24377796
41.0,10.0,US0597,Xander,0,0.0010346496,0.0012150756
41.0,7.0,US0593,Heather,0,0.0033753435,0.0033362226
41.0,6.0,US0598,Evvie,0,0.012274032,0.012513473
41.0,6.0,US0599,Danny,0,0.0023602128,0.0024062556
41.0,6.0,US0600,Naseer,0,0.001230302,0.0012543026
41.0,6.0,US0601,Deshawn,0,0.26113427,0.26622844
41.0,6.0,US0604,Tiffany,0,0.0007773804,0.00079254544
41.0,6.0,US0605,Sydney,0,0.001361883,0.0013884504
41.0,6.0,US0606,Shan,0,0.0055324775,0.0056404043
41.0,6.0,US0608,Liana,0,0.0030995863,0.0031600527
41.0,6.0,US0597,Xander,0,0.0016014926,0.0016327343
41.0,7.0,US0594,Erika,1,0.1320435,0.13051309
41.0,7.0,US0596,Ricard,0,0.5623207,0.5558033
41.0,7.0,US0597,Xander,0,0.0009906471,0.0009791653
41.0,7.0,US0598,Evvie,0,0.01170071,0.011565097
41.0,7.0,US0599,Danny,0,0.0020060274,0.0019827771
41.0,7.0,US0600,Naseer,0,0.0018853912,0.0018635391
41.0,7.0,US0601,Deshawn,0,0.28653103,0.28321007
41.0,7.0,US0604,Tiffany,0,0.00074184267,0.0007332445
41.0,5.0,US0600,Naseer,0,0.0011230417,0.0011088543
41.0,4.0,US0608,Liana,0,0.0032840394,0.0033601476
41.0,5.0,US0593,Heather,0,0.004045673,0.003994564
41.0,5.0,US0594,Erika,1,0.016291454,0.016085645
41.0,5.0,US0595,Genie,0,0.0005047952,0.0004984182
41.0,5.0,US0596,Ricard,0,0.715719,0.7066773
41.0,5.0,US0597,Xander,0,0.0017262183,0.001704411
41.0,5.0,US0598,Evvie,0,0.0110545475,0.010914896
41.0,5.0,US0599,Danny,0,0.002505388,0.0024737376
41.0,7.0,US0605,Sydney,0,0.0007442995,0.0007356729
41.0,5.0,US0601,Deshawn,0,0.24155918,0.23850757
41.0,5.0,US0604,Tiffany,0,0.00082940777,0.00081892987
41.0,5.0,US0605,Sydney,0,0.0014891685,0.0014703559
41.0,5.0,US0606,Shan,0,0.013160117,0.012993866
41.0,5.0,US0608,Liana,0,0.0027866024,0.0027513993
41.0,6.0,US0593,Heather,0,0.0038032385,0.0038774316
41.0,6.0,US0594,Erika,1,0.15182535,0.15478714
41.0,6.0,US0596,Ricard,0,0.5358652,0.54631877
41.0,9.0,US0597,Xander,0,0.0011206489,0.0013841259
41.0,9.0,US0599,Danny,0,0.001149807,0.0014201395
41.0,9.0,US0600,Naseer,0,0.0006817075,0.0008419845
41.0,9.0,US0601,Deshawn,0,0.13427304,0.16584212
41.0,9.0,US0606,Shan,0,0.0049163997,0.0060723
41.0,9.0,US0608,Liana,0,0.0018662456,0.0023050208
41.0,9.0,US0593,Heather,0,0.0010957255,0.0013533427
41.0,9.0,US0594,Erika,1,0.03733173,0.046108834
41.0,9.0,US0596,Ricard,0,0.6220569,0.7683094
41.0,9.0,US0598,Evvie,0,0.0051515624,0.006362752
41.0,10.0,US0593,Heather,0,0.000588856,0.0006915429
41.0,10.0,US0594,Erika,1,0.04021077,0.047222875
41.0,10.0,US0596,Ricard,0,0.645335,0.757871
41.0,8.0,US0600,Naseer,0,0.0010259808,0.0012348751
41.0,7.0,US0606,Shan,0,0.006598455,0.0065219775
41.0,7.0,US0608,Liana,0,0.002788177,0.0027558613
41.0,8.0,US0593,Heather,0,0.0011121597,0.0013386004
41.0,8.0,US0594,Erika,1,0.027110167,0.03262992
41.0,8.0,US0596,Ricard,0,0.6101061,0.7343264
41.0,8.0,US0597,Xander,0,0.00061287667,0.0007376611
41.0,8.0,US0598,Evvie,0,0.0144423265,0.017382849
41.0,8.0,US0599,Danny,0,0.001026257,0.0012352075
41.0,8.0,US0601,Deshawn,0,0.1691151,0.20354769
41.0,8.0,US0604,Tiffany,0,0.00020121223,0.00024217993
41.0,8.0,US0606,Shan,0,0.004583194,0.0055163526
41.0,8.0,US0608,Liana,0,0.0015023212,0.0018082005
42.0,4.0,US0617,Lydia,0,0.0024959466,0.0021327871
42.0,3.0,US0623,Romeo,0,0.012129765,0.010011745
42.0,3.0,US0624,Swati,0,0.001267499,0.0010461767
42.0,3.0,US0625,Tori,0,0.015973125,0.013184002
42.0,4.0,US0609,Chanelle,0,0.0009089018,0.00077665685
42.0,4.0,US0610,Daniel,0,0.00086047826,0.00073527894
42.0,4.0,US0611,Drea,0,0.18381289,0.15706816
42.0,4.0,US0612,Hai,0,0.0027352597,0.0023372802
42.0,4.0,US0615,Jonathan,0,0.30317894,0.2590665
42.0,4.0,US0616,Lindsay,0,0.22458625,0.19190902
42.0,3.0,US0622,Rocksroy,0,0.0016785413,0.0013854454
42.0,4.0,US0619,Maryanne,1,0.009332725,0.0079748165
42.0,4.0,US0620,Mike,0,0.0796403,0.06805266
42.0,4.0,US0621,Omar,0,0.33526224,0.28648168
42.0,4.0,US0622,Rocksroy,0,0.0012035742,0.0010284545
42.0,4.0,US0623,Romeo,0,0.010968802,0.009372844
42.0,4.0,US0624,Swati,0,0.0007999616,0.0006835674
42.0,4.0,US0625,Tori,0,0.0144883,0.012380257
42.0,5.0,US0609,Chanelle,0,0.0007792135,0.0006431939
42.0,3.0,US0611,Drea,0,0.18371618,0.15163685
42.0,2.0,US0620,Mike,0,0.09341623,0.065424316
42.0,2.0,US0621,Omar,0,0.4432006,0.31039676
42.0,2.0,US0622,Rocksroy,0,0.0017690032,0.0012389263
42.0,2.0,US0623,Romeo,0,0.012015431,0.008415041
42.0,2.0,US0624,Swati,0,0.0014412715,0.0010093985
42.0,2.0,US0625,Tori,0,0.013102593,0.009176438
42.0,3.0,US0609,Chanelle,0,0.00091273896,0.00075336243
42.0,3.0,US0610,Daniel,0,0.00086927135,0.00071748486
42.0,5.0,US0610,Daniel,0,0.00043934656,0.0003626542
42.0,3.0,US0612,Hai,0,0.0020874825,0.0017229799
42.0,3.0,US0614,Jenny,0,0.0012202036,0.0010071396
42.0,3.0,US0615,Jonathan,0,0.30540025,0.25207326
42.0,3.0,US0616,Lindsay,0,0.18942401,0.15634802
42.0,3.0,US0617,Lydia,0,0.0022817913,0.0018833599
42.0,3.0,US0619,Maryanne,1,0.009308333,0.007682972
42.0,3.0,US0620,Mike,0,0.06967956,0.05751257
42.0,3.0,US0621,Omar,0,0.4156048,0.3430346
42.0,7.0,US0615,Jonathan,0,0.39139128,0.29920474
42.0,6.0,US0620,Mike,0,0.0704716,0.057835527
42.0,6.0,US0621,Omar,0,0.31211445,0.25615007
42.0,6.0,US0622,Rocksroy,0,0.0017962543,0.0014741728
42.0,6.0,US0623,Romeo,0,0.00834522,0.0068488615
42.0,6.0,US0625,Tori,0,0.013238927,0.010865091
42.0,7.0,US0609,Chanelle,0,0.00089732313,0.0006859717
42.0,7.0,US0611,Drea,0,0.28746647,0.2197579
42.0,7.0,US0612,Hai,0,0.0042997655,0.003287018
42.0,6.0,US0619,Maryanne,1,0.009836569,0.008072801
42.0,7.0,US0616,Lindsay,0,0.20699586,0.15824099
42.0,7.0,US0617,Lydia,0,0.0011208556,0.00085685425
42.0,7.0,US0619,Maryanne,1,0.009226084,0.0070530134
42.0,7.0,US0620,Mike,0,0.06641588,0.050772585
42.0,7.0,US0621,Omar,0,0.31779605,0.2429438
42.0,7.0,US0622,Rocksroy,0,0.0015979528,0.0012215782
42.0,7.0,US0623,Romeo,0,0.007367116,0.0056318985
42.0,7.0,US0625,Tori,0,0.013530665,0.010343713
42.0,5.0,US0622,Rocksroy,0,0.0013916317,0.0011487083
42.0,5.0,US0611,Drea,0,0.30081707,0.24830641
42.0,5.0,US0612,Hai,0,0.0032173542,0.0026557324
42.0,5.0,US0615,Jonathan,0,0.3070165,0.25342366
42.0,5.0,US0616,Lindsay,0,0.1730075,0.14280729
42.0,5.0,US0617,Lydia,0,0.0028598527,0.0023606366
42.0,5.0,US0619,Maryanne,1,0.010122553,0.00835556
42.0,5.0,US0620,Mike,0,0.07160433,0.05910507
42.0,5.0,US0621,Omar,0,0.31841326,0.262831
42.0,2.0,US0619,Maryanne,1,0.009182398,0.0064309184
42.0,5.0,US0623,Romeo,0,0.007715342,0.006368551
42.0,5.0,US0625,Tori,0,0.014091257,0.011631486
42.0,6.0,US0609,Chanelle,0,0.0006862332,0.0005631866
42.0,6.0,US0611,Drea,0,0.2839099,0.23300278
42.0,6.0,US0612,Hai,0,0.002792063,0.0022914256
42.0,6.0,US0615,Jonathan,0,0.29503325,0.24213164
42.0,6.0,US0616,Lindsay,0,0.21822059,0.17909205
42.0,6.0,US0617,Lydia,0,0.0020378414,0.0016724416
42.0,1.0,US0609,Chanelle,0,0.00109027,0.0007900578
42.0,1.0,US0610,Daniel,0,0.0009773378,0.00070822216
42.0,1.0,US0611,Drea,0,0.32986006,0.23903118
42.0,1.0,US0612,Hai,0,0.0018616838,0.0013490584
42.0,1.0,US0613,Jackson,0,0.0010552232,0.00076466135
42.0,1.0,US0614,Jenny,0,0.0024638074,0.0017853837
42.0,1.0,US0615,Jonathan,0,0.36627477,0.2654189
42.0,1.0,US0616,Lindsay,0,0.15401416,0.111605465
42.0,1.0,US0617,Lydia,0,0.0021080382,0.0015275776
42.0,2.0,US0609,Chanelle,0,0.001115933,0.00078154675
42.0,1.0,US0619,Maryanne,1,0.013592126,0.009849455
42.0,1.0,US0620,Mike,0,0.090658054,0.06569483
42.0,1.0,US0621,Omar,0,0.3496473,0.2533699
42.0,1.0,US0622,Rocksroy,0,0.001858847,0.0013470027
42.0,1.0,US0623,Romeo,0,0.021192476,0.0153570045
42.0,1.0,US0624,Swati,0,0.0045872657,0.0033241354
42.0,1.0,US0625,Tori,0,0.036794104,0.026662633
42.0,1.0,US0626,Zach,0,0.0017272539,0.0012516445
42.0,1.0,US0618,Marya,0,0.00022486487,0.00016294702
42.0,2.0,US0610,Daniel,0,0.0009120261,0.00063874
42.0,2.0,US0611,Drea,0,0.21303652,0.14920072
42.0,2.0,US0612,Hai,0,0.0014528787,0.0010175277
42.0,2.0,US0614,Jenny,0,0.0023171073,0.0016227926
42.0,2.0,US0615,Jonathan,0,0.43510163,0.30472463
42.0,2.0,US0616,Lindsay,0,0.19765143,0.13842574
42.0,2.0,US0617,Lydia,0,0.0020040704,0.0014035563
42.0,2.0,US0618,Marya,0,0.0001327106,9.294424e-05
42.0,8.0,US0609,Chanelle,0,0.0004786088,0.00042208642
42.0,9.0,US0621,Omar,0,0.31045175,0.21997492
42.0,9.0,US0623,Romeo,0,0.008557542,0.006063566
42.0,9.0,US0625,Tori,0,0.006006291,0.0042558415
42.0,9.0,US0611,Drea,0,0.29905602,0.21190032
42.0,9.0,US0612,Hai,0,0.0034989747,0.0024792475
42.0,9.0,US0615,Jonathan,0,0.51313794,0.36359105
42.0,9.0,US0616,Lindsay,0,0.20370276,0.14433643
42.0,9.0,US0619,Maryanne,1,0.009125236,0.0064658136
42.0,9.0,US0620,Mike,0,0.056844726,0.040278126
42.0,9.0,US0622,Rocksroy,0,0.00092391577,0.0006546534
42.0,10.0,US0611,Drea,0,0.16398057,0.12671226
42.0,10.0,US0612,Hai,0,0.0014665856,0.0011332707
42.0,10.0,US0615,Jonathan,0,0.43884408,0.33910677
42.0,10.0,US0616,Lindsay,0,0.23050596,0.17811823
42.0,10.0,US0619,Maryanne,1,0.008946652,0.0069133216
42.0,10.0,US0620,Mike,0,0.067882545,0.05245469
42.0,8.0,US0623,Romeo,0,0.006044092,0.0053303014
42.0,8.0,US0611,Drea,0,0.3282969,0.28952596
42.0,8.0,US0612,Hai,0,0.004260518,0.0037573627
42.0,8.0,US0615,Jonathan,0,0.2943027,0.25954637
42.0,8.0,US0616,Lindsay,0,0.1503233,0.13257053
42.0,8.0,US0619,Maryanne,1,0.008955704,0.007898061
42.0,8.0,US0620,Mike,0,0.063410595,0.05592198
42.0,8.0,US0621,Omar,0,0.26149723,0.23061512
42.0,8.0,US0622,Rocksroy,0,0.0018252732,0.0016097134
42.0,10.0,US0621,Omar,0,0.37726685,0.29152438
42.0,8.0,US0625,Tori,0,0.01451689,0.012802485
42.0,13.0,US0619,Maryanne,1,0.012064965,0.056833066
42.0,13.0,US0623,Romeo,0,0.013461865,0.06341328
42.0,13.0,US0615,Jonathan,0,0.03627165,0.17086075
42.0,13.0,US0620,Mike,0,0.08298424,0.39090446
42.0,12.0,US0615,Jonathan,0,0.5598602,0.5660295
42.0,10.0,US0623,Romeo,0,0.0052243616,0.0040370063
42.0,11.0,US0611,Drea,0,0.021342069,0.016631443
42.0,11.0,US0615,Jonathan,0,0.5516731,0.4299077
42.0,11.0,US0616,Lindsay,0,0.26242968,0.20450614
42.0,11.0,US0619,Maryanne,1,0.008777486,0.0068401177
42.0,11.0,US0620,Mike,0,0.06058983,0.04721643
42.0,11.0,US0621,Omar,0,0.3711249,0.28921014
42.0,11.0,US0623,Romeo,0,0.0072991117,0.0056880503
42.0,12.0,US0616,Lindsay,0,0.28646746,0.28962412
42.0,12.0,US0619,Maryanne,1,0.010076579,0.010187616
42.0,12.0,US0620,Mike,0,0.089566566,0.09055352
42.0,12.0,US0621,Omar,0,0.03664473,0.03704853
42.0,12.0,US0623,Romeo,0,0.0064852643,0.0065567275
42.0,13.0,US0616,Lindsay,0,0.06750506,0.31798846
43.0,13.0,US0638,Gabler,1,0.16221578,0.10973378
43.0,13.0,US0642,Owen,0,0.28744987,0.19445063
43.0,13.0,US0627,Cassidy,0,0.7926062,0.5361727
43.0,13.0,US0634,Jesse,0,0.0052480916,0.0035501658
43.0,12.0,US0627,Cassidy,0,0.7014683,0.36533958
43.0,11.0,US0642,Owen,0,0.17438304,0.079748556
43.0,11.0,US0644,Sami,0,0.00083238835,0.00038066643
43.0,11.0,US0627,Cassidy,0,0.7047391,0.3222901
43.0,11.0,US0636,Karla,0,0.6518347,0.29809594
43.0,11.0,US0628,Cody,0,0.4973998,0.22747004
43.0,11.0,US0634,Jesse,0,0.027403718,0.012532222
43.0,12.0,US0638,Gabler,1,0.13120179,0.06833268
43.0,12.0,US0642,Owen,0,0.16272992,0.0847532
43.0,12.0,US0636,Karla,0,0.8043284,0.4189113
43.0,12.0,US0628,Cody,0,0.086722836,0.045167096
43.0,12.0,US0634,Jesse,0,0.033593304,0.017496107
43.0,13.0,US0636,Karla,0,0.23074678,0.15609281
43.0,11.0,US0638,Gabler,1,0.13006803,0.059482493
43.0,7.0,US0632,James,0,0.0011401963,0.0007395663
43.0,6.0,US0629,Dwight,0,0.0006777737,0.00033927982
43.0,6.0,US0634,Jesse,0,0.06103735,0.030554062
43.0,6.0,US0641,Noelle,0,0.0016170571,0.00080946606
43.0,7.0,US0633,Jeanine,0,0.0034802377,0.0022573888
43.0,7.0,US0638,Gabler,1,0.11782563,0.076425314
43.0,7.0,US0642,Owen,0,0.057989653,0.03761387
43.0,7.0,US0644,Sami,0,0.0013533352,0.0008778147
43.0,7.0,US0627,Cassidy,0,0.3971696,0.25761637
43.0,6.0,US0628,Cody,0,0.42378393,0.21213765
43.0,7.0,US0636,Karla,0,0.47371885,0.30726856
43.0,7.0,US0643,Ryan,0,0.00086569594,0.0005615169
43.0,7.0,US0628,Cody,0,0.43358898,0.2812391
43.0,7.0,US0629,Dwight,0,0.00029528633,0.00019153177
43.0,7.0,US0634,Jesse,0,0.052591026,0.03411215
43.0,7.0,US0641,Noelle,0,0.0016909271,0.0010967872
43.0,8.0,US0633,Jeanine,0,0.0012982814,0.0006639942
43.0,8.0,US0638,Gabler,1,0.14142089,0.072328426
43.0,6.0,US0630,Elie,0,0.0008860197,0.00044352355
43.0,5.0,US0631,Geo,0,0.0006147622,0.00029896555
43.0,5.0,US0632,James,0,0.0014689616,0.000714372
43.0,5.0,US0636,Karla,0,0.68663514,0.33391815
43.0,5.0,US0643,Ryan,0,0.0006836568,0.00033246973
43.0,5.0,US0628,Cody,0,0.4006243,0.19482796
43.0,5.0,US0629,Dwight,0,0.00079143647,0.00038488416
43.0,5.0,US0634,Jesse,0,0.060466826,0.029405676
43.0,5.0,US0641,Noelle,0,0.0020345787,0.0009894378
43.0,8.0,US0642,Owen,0,0.119079016,0.060901877
43.0,6.0,US0633,Jeanine,0,0.004146171,0.0020754891
43.0,6.0,US0638,Gabler,1,0.116931096,0.05853334
43.0,6.0,US0642,Owen,0,0.10536196,0.052742064
43.0,6.0,US0644,Sami,0,0.0015492921,0.00077554426
43.0,6.0,US0627,Cassidy,0,0.652411,0.32658374
43.0,6.0,US0632,James,0,0.0012722792,0.0006368772
43.0,6.0,US0636,Karla,0,0.62718385,0.31395555
43.0,6.0,US0643,Ryan,0,0.0008259227,0.0004134402
43.0,9.0,US0641,Noelle,0,0.0026510202,0.0012566837
43.0,9.0,US0638,Gabler,1,0.14140765,0.067032576
43.0,9.0,US0642,Owen,0,0.12334289,0.05846919
43.0,9.0,US0644,Sami,0,0.0013128708,0.0006223504
43.0,9.0,US0627,Cassidy,0,0.52849454,0.2505264
43.0,9.0,US0636,Karla,0,0.70255935,0.3330397
43.0,9.0,US0643,Ryan,0,0.00042093315,0.00019953822
43.0,9.0,US0628,Cody,0,0.57171786,0.27101588
43.0,9.0,US0634,Jesse,0,0.03705285,0.017564451
43.0,10.0,US0638,Gabler,1,0.13023682,0.05875162
43.0,10.0,US0642,Owen,0,0.13384835,0.06038083
43.0,10.0,US0644,Sami,0,0.0012247448,0.0005524992
43.0,10.0,US0627,Cassidy,0,0.6899299,0.31123686
43.0,10.0,US0636,Karla,0,0.64473534,0.29084897
43.0,10.0,US0628,Cody,0,0.559811,0.25253844
43.0,10.0,US0634,Jesse,0,0.055368286,0.024977395
43.0,10.0,US0641,Noelle,0,0.0015812764,0.0007133355
43.0,8.0,US0644,Sami,0,0.0012791851,0.00065422757
43.0,8.0,US0627,Cassidy,0,0.54176533,0.27708095
43.0,8.0,US0632,James,0,0.0012549722,0.0006418441
43.0,8.0,US0636,Karla,0,0.6693062,0.34231058
43.0,8.0,US0643,Ryan,0,0.0010692526,0.0005468595
43.0,8.0,US0628,Cody,0,0.43739375,0.22370104
43.0,8.0,US0634,Jesse,0,0.039598428,0.020252256
43.0,8.0,US0641,Noelle,0,0.0017948587,0.00091796415
43.0,5.0,US0627,Cassidy,0,0.63033617,0.30653933
43.0,9.0,US0632,James,0,0.00057641586,0.0002732429
43.0,2.0,US0636,Karla,0,0.55015427,0.34627548
43.0,2.0,US0630,Elie,0,0.0016455168,0.0010357134
43.0,2.0,US0633,Jeanine,0,0.004628631,0.002913331
43.0,2.0,US0638,Gabler,1,0.16605482,0.10451744
43.0,2.0,US0642,Owen,0,0.21099663,0.1328045
43.0,2.0,US0644,Sami,0,0.0023320487,0.001467827
43.0,2.0,US0627,Cassidy,0,0.20531017,0.12922534
43.0,2.0,US0631,Geo,0,0.002189593,0.0013781632
43.0,2.0,US0632,James,0,0.0010294032,0.00064792205
43.0,1.0,US0641,Noelle,0,0.0012320863,0.000733564
43.0,2.0,US0637,Lindsay,0,0.0011346099,0.00071414077
43.0,2.0,US0643,Ryan,0,0.0007204459,0.00045345962
43.0,2.0,US0628,Cody,0,0.37055963,0.23323588
43.0,2.0,US0629,Dwight,0,0.0005052952,0.0003180405
43.0,2.0,US0634,Jesse,0,0.06823093,0.042945586
43.0,2.0,US0635,Justine,0,0.0006537564,0.00041148424
43.0,2.0,US0640,Nneka,0,0.0010195363,0.0006417117
43.0,2.0,US0641,Noelle,0,0.0016108956,0.0010139223
43.0,1.0,US0632,James,0,0.0010766172,0.0006410002
43.0,1.0,US0630,Elie,0,0.0025740552,0.0015325503
43.0,1.0,US0633,Jeanine,0,0.0044048633,0.0026225834
43.0,1.0,US0638,Gabler,1,0.10866157,0.06469532
43.0,1.0,US0639,Morriah,0,0.0022728613,0.0013532244
43.0,1.0,US0642,Owen,0,0.19802359,0.1179
43.0,1.0,US0644,Sami,0,0.005877482,0.0034993563
43.0,1.0,US0627,Cassidy,0,0.33153906,0.19739293
43.0,1.0,US0631,Geo,0,0.0018424236,0.0010969487
43.0,3.0,US0630,Elie,0,0.0028703134,0.0016718456
43.0,1.0,US0636,Karla,0,0.60799485,0.36199018
43.0,1.0,US0637,Lindsay,0,0.0009864968,0.00058734405
43.0,1.0,US0643,Ryan,0,0.0010019802,0.0005965626
43.0,1.0,US0628,Cody,0,0.3746059,0.22303422
43.0,1.0,US0629,Dwight,0,0.0004560061,0.00027149855
43.0,1.0,US0634,Jesse,0,0.034907144,0.020783141
43.0,1.0,US0635,Justine,0,0.0012586586,0.0007493847
43.0,1.0,US0640,Nneka,0,0.0008736994,0.00052018627
43.0,4.0,US0628,Cody,0,0.46421364,0.23554748
43.0,4.0,US0642,Owen,0,0.14498356,0.07356637
43.0,4.0,US0644,Sami,0,0.0021931902,0.0011128506
43.0,4.0,US0627,Cassidy,0,0.46105328,0.23394388
43.0,4.0,US0631,Geo,0,0.0021763481,0.0011043047
43.0,4.0,US0632,James,0,0.001373031,0.0006966921
43.0,4.0,US0636,Karla,0,0.6800781,0.34507966
43.0,4.0,US0637,Lindsay,0,0.0004348122,0.00022062883
43.0,4.0,US0643,Ryan,0,0.0010616882,0.0005387131
43.0,4.0,US0638,Gabler,1,0.14229901,0.072204195
43.0,4.0,US0629,Dwight,0,0.0008662179,0.0004395292
43.0,4.0,US0634,Jesse,0,0.06158436,0.031248631
43.0,4.0,US0641,Noelle,0,0.0027520116,0.0013964032
43.0,5.0,US0630,Elie,0,0.0022752124,0.0011064606
43.0,5.0,US0633,Jeanine,0,0.0032288271,0.0015702138
43.0,5.0,US0638,Gabler,1,0.12948552,0.06297021
43.0,5.0,US0642,Owen,0,0.13594188,0.066110015
43.0,5.0,US0644,Sami,0,0.0017104148,0.00083179335
43.0,3.0,US0637,Lindsay,0,0.0011260407,0.0006558748
43.0,3.0,US0633,Jeanine,0,0.0031545493,0.0018374019
43.0,3.0,US0638,Gabler,1,0.14382057,0.08376987
43.0,3.0,US0642,Owen,0,0.20980231,0.122201666
43.0,3.0,US0644,Sami,0,0.0021634796,0.0012601424
43.0,3.0,US0627,Cassidy,0,0.28980246,0.16879863
43.0,3.0,US0631,Geo,0,0.002150064,0.0012523285
43.0,3.0,US0632,James,0,0.0010082782,0.00058728276
43.0,3.0,US0636,Karla,0,0.5925033,0.34511006
43.0,3.0,US0643,Ryan,0,0.00078215764,0.00045557632
43.0,3.0,US0628,Cody,0,0.40592682,0.23643655
43.0,3.0,US0629,Dwight,0,0.0009070197,0.0005283036
43.0,3.0,US0634,Jesse,0,0.05795442,0.03375619
43.0,3.0,US0640,Nneka,0,0.00037028617,0.00021567725
43.0,3.0,US0641,Noelle,0,0.0025109954,0.0014625569
43.0,4.0,US0630,Elie,0,0.0029510944,0.0014974201
43.0,4.0,US0633,Jeanine,0,0.0027654765,0.0014032354
44.0,8.0,US0662,Yam Yam,1,0.058568835,0.48123235
44.0,8.0,US0646,Jaime,0,0.0022635444,0.01859847
44.0,8.0,US0647,Kane,0,0.0013754822,0.011301685
44.0,8.0,US0648,Lauren,0,0.0014219622,0.011683589
44.0,8.0,US0652,Danny,0,0.0018582508,0.015268366
44.0,8.0,US0653,Frannie,0,0.0061586984,0.050603103
44.0,8.0,US0654,Heidi,0,0.002032837,0.016702857
44.0,8.0,US0658,Carolyn,0,0.02735856,0.22479232
44.0,8.0,US0659,Carson,0,0.019650659,0.16146015
44.0,8.0,US0645,Brandon,0,0.0010171138,0.008357142
44.0,9.0,US0646,Jaime,0,0.0023901523,0.017732
44.0,9.0,US0647,Kane,0,0.00064121897,0.004757059
44.0,9.0,US0648,Lauren,0,0.0016773742,0.01244406
44.0,9.0,US0652,Danny,0,0.0022219445,0.016484104
44.0,9.0,US0653,Frannie,0,0.0057303933,0.04251249
44.0,9.0,US0654,Heidi,0,0.0020055252,0.0148785375
44.0,9.0,US0658,Carolyn,0,0.037486196,0.27810162
44.0,9.0,US0659,Carson,0,0.026701437,0.19809192
44.0,7.0,US0647,Kane,0,0.0016191,0.010077414
44.0,6.0,US0654,Heidi,0,0.0026024957,0.01501094
44.0,6.0,US0655,Josh,0,0.00037570624,0.0021670368
44.0,6.0,US0656,Matt,0,0.00082097744,0.0047353175
44.0,6.0,US0658,Carolyn,0,0.026167652,0.15093245
44.0,6.0,US0659,Carson,0,0.009321098,0.05376318
44.0,6.0,US0662,Yam Yam,1,0.12133295,0.69983655
44.0,7.0,US0645,Brandon,0,0.0027064492,0.016845167
44.0,7.0,US0646,Jaime,0,0.0027265847,0.016970493
44.0,9.0,US0662,Yam Yam,1,0.05593892,0.41499817
44.0,7.0,US0648,Lauren,0,0.0012011445,0.0074760243
44.0,7.0,US0652,Danny,0,0.003103908,0.019318983
44.0,7.0,US0653,Frannie,0,0.0038258026,0.023812117
44.0,7.0,US0654,Heidi,0,0.0022610386,0.014072894
44.0,7.0,US0656,Matt,0,0.0004409714,0.002744643
44.0,7.0,US0658,Carolyn,0,0.04395813,0.2735991
44.0,7.0,US0659,Carson,0,0.018291222,0.1138461
44.0,7.0,US0662,Yam Yam,1,0.08053186,0.50123703
44.0,13.0,US0654,Heidi,0,0.0035766878,0.01280331
44.0,12.0,US0658,Carolyn,0,0.05399762,0.25085035
44.0,12.0,US0659,Carson,0,0.026699021,0.12403248
44.0,12.0,US0662,Yam Yam,1,0.12996328,0.603755
44.0,13.0,US0648,Lauren,0,0.00090215006,0.0032293862
44.0,13.0,US0658,Carolyn,0,0.16293958,0.5832675
44.0,13.0,US0659,Carson,0,0.0051533096,0.018447071
44.0,13.0,US0662,Yam Yam,1,0.106784776,0.3822527
44.0,12.0,US0654,Heidi,0,0.0019765275,0.00918212
44.0,11.0,US0646,Jaime,0,0.0017875852,0.0070330175
44.0,10.0,US0646,Jaime,0,0.0015784807,0.0114652375
44.0,10.0,US0648,Lauren,0,0.000928683,0.0067454553
44.0,10.0,US0652,Danny,0,0.002417442,0.017559001
44.0,10.0,US0653,Frannie,0,0.0025828,0.018760076
44.0,10.0,US0654,Heidi,0,0.0025195635,0.018300759
44.0,10.0,US0658,Carolyn,0,0.034921553,0.25365144
44.0,10.0,US0659,Carson,0,0.023403428,0.16998996
44.0,10.0,US0662,Yam Yam,1,0.06932341,0.5035281
44.0,6.0,US0653,Frannie,0,0.0017869881,0.010307172
44.0,11.0,US0648,Lauren,0,0.0011788348,0.0046379697
44.0,11.0,US0652,Danny,0,0.0006286342,0.002473278
44.0,11.0,US0654,Heidi,0,0.0023837823,0.009378676
44.0,11.0,US0658,Carolyn,0,0.07020617,0.2762169
44.0,11.0,US0659,Carson,0,0.025418974,0.10000759
44.0,11.0,US0662,Yam Yam,1,0.15256646,0.60025257
44.0,12.0,US0646,Jaime,0,0.0012040605,0.0055935616
44.0,12.0,US0648,Lauren,0,0.0014177846,0.006586434
44.0,3.0,US0647,Kane,0,0.0011615908,0.0059413314
44.0,2.0,US0656,Matt,0,0.0009769705,0.004209079
44.0,2.0,US0658,Carolyn,0,0.026329244,0.11343419
44.0,2.0,US0659,Carson,0,0.02155685,0.092873305
44.0,2.0,US0660,Helen,0,0.0016068001,0.006922571
44.0,2.0,US0661,Sarah,0,0.0037231091,0.016040258
44.0,2.0,US0662,Yam Yam,1,0.15077372,0.64957786
44.0,3.0,US0645,Brandon,0,0.0034213837,0.017499773
44.0,3.0,US0646,Jaime,0,0.003980623,0.020360183
44.0,2.0,US0655,Josh,0,0.00086504006,0.0037268489
44.0,3.0,US0648,Lauren,0,0.0019284163,0.009863509
44.0,3.0,US0650,Matthew,0,0.0012226758,0.0062537706
44.0,3.0,US0651,Claire,0,0.0010343288,0.005290409
44.0,3.0,US0652,Danny,0,0.005227785,0.026739197
44.0,3.0,US0653,Frannie,0,0.0031760943,0.01624516
44.0,3.0,US0654,Heidi,0,0.0035188426,0.017998258
44.0,3.0,US0655,Josh,0,0.0010043044,0.0051368396
44.0,3.0,US0656,Matt,0,0.0008573687,0.0043852893
44.0,2.0,US0645,Brandon,0,0.0032772461,0.014119348
44.0,1.0,US0654,Heidi,0,0.004361864,0.026768936
44.0,1.0,US0655,Josh,0,0.0010745376,0.0065944805
44.0,1.0,US0656,Matt,0,0.0008660668,0.0053150863
44.0,1.0,US0658,Carolyn,0,0.008738269,0.053627107
44.0,1.0,US0659,Carson,0,0.014210063,0.08720773
44.0,1.0,US0660,Helen,0,0.0041603902,0.025532482
44.0,1.0,US0661,Sarah,0,0.0027860007,0.017097797
44.0,1.0,US0662,Yam Yam,1,0.09309882,0.5713512
44.0,3.0,US0658,Carolyn,0,0.011263561,0.057611126
44.0,2.0,US0646,Jaime,0,0.004862325,0.020948337
44.0,2.0,US0647,Kane,0,0.0014199169,0.0061174226
44.0,2.0,US0648,Lauren,0,0.0031440165,0.013545355
44.0,2.0,US0650,Matthew,0,0.0012226758,0.00526765
44.0,2.0,US0651,Claire,0,0.001844064,0.007944774
44.0,2.0,US0652,Danny,0,0.003900397,0.016804067
44.0,2.0,US0653,Frannie,0,0.002356958,0.0101544745
44.0,2.0,US0654,Heidi,0,0.0042509786,0.018314475
44.0,5.0,US0656,Matt,0,0.00082027557,0.0044261804
44.0,5.0,US0646,Jaime,0,0.0033354403,0.017997928
44.0,5.0,US0647,Kane,0,0.0010520692,0.0056769317
44.0,5.0,US0648,Lauren,0,0.0015327368,0.008270599
44.0,5.0,US0650,Matthew,0,0.0011373477,0.006137091
44.0,5.0,US0652,Danny,0,0.0049127894,0.026509253
44.0,5.0,US0653,Frannie,0,0.0020866832,0.011259675
44.0,5.0,US0654,Heidi,0,0.0033756818,0.01821507
44.0,5.0,US0655,Josh,0,0.000986354,0.0053223344
44.0,5.0,US0645,Brandon,0,0.0026053453,0.01405836
44.0,5.0,US0658,Carolyn,0,0.020313622,0.10961165
44.0,5.0,US0659,Carson,0,0.018025486,0.09726494
44.0,5.0,US0662,Yam Yam,1,0.12513973,0.67524993
44.0,6.0,US0645,Brandon,0,0.0022248365,0.012832639
44.0,6.0,US0646,Jaime,0,0.0028717865,0.016564183
44.0,6.0,US0647,Kane,0,0.0012321996,0.0071072066
44.0,6.0,US0648,Lauren,0,0.001482587,0.008551416
44.0,6.0,US0652,Danny,0,0.0031539914,0.018191913
44.0,4.0,US0652,Danny,0,0.005305993,0.028492164
44.0,3.0,US0659,Carson,0,0.022666838,0.11593687
44.0,3.0,US0661,Sarah,0,0.00423993,0.02168649
44.0,3.0,US0662,Yam Yam,1,0.13080643,0.66905177
44.0,4.0,US0645,Brandon,0,0.0027028415,0.01451374
44.0,4.0,US0646,Jaime,0,0.0032733202,0.0175771
44.0,4.0,US0647,Kane,0,0.0010587379,0.005685219
44.0,4.0,US0648,Lauren,0,0.0016744966,0.008991725
44.0,4.0,US0650,Matthew,0,0.0011373477,0.0061073387
44.0,4.0,US0653,Frannie,0,0.0019386064,0.010409944
44.0,4.0,US0654,Heidi,0,0.003741796,0.020092726
44.0,4.0,US0655,Josh,0,0.0007919794,0.004252777
44.0,4.0,US0656,Matt,0,0.0008356658,0.004487365
44.0,4.0,US0658,Carolyn,0,0.02919456,0.15676919
44.0,4.0,US0659,Carson,0,0.019010592,0.10208323
44.0,4.0,US0661,Sarah,0,0.0013900064,0.0074640675
44.0,4.0,US0662,Yam Yam,1,0.11417046,0.61307347
44.0,1.0,US0653,Frannie,0,0.0024699443,0.015158147
44.0,1.0,US0657,Bruce,0,0.0021366358,0.0131126195
44.0,1.0,US0645,Brandon,0,0.004028332,0.024722034
44.0,1.0,US0646,Jaime,0,0.0050069145,0.030727634
44.0,1.0,US0647,Kane,0,0.002108571,0.0129403835
44.0,1.0,US0648,Lauren,0,0.0027285344,0.016745124
44.0,1.0,US0649,Maddy,0,0.006767545,0.041532695
44.0,1.0,US0650,Matthew,0,0.0011389918,0.0069900383
44.0,1.0,US0651,Claire,0,0.0020403573,0.012521755
44.0,1.0,US0652,Danny,0,0.005223167,0.032054786
45.0,1.0,US0669,Hannah,0,0.0010279792,0.0011475194
45.0,1.0,US0664,Brando,0,0.0006507433,0.00072641607
45.0,1.0,US0657,Bruce,0,0.0033767358,0.0037694052
45.0,1.0,US0671,Jake,0,0.073161475,0.08166918
45.0,1.0,US0674,Katurah,0,0.31488872,0.35150608
45.0,1.0,US0675,Kellie,0,0.0037553245,0.004192019
45.0,1.0,US0676,Kendra,0,0.051833082,0.05786058
45.0,1.0,US0665,Brandon,0,0.0012548275,0.0014007472
45.0,1.0,US0668,Emily,0,0.30647674,0.3421159
45.0,1.0,US0673,Kaleb,0,0.006570608,0.007334682
45.0,1.0,US0677,Sabiyah,0,0.0049737575,0.005552139
45.0,1.0,US0678,Sean,0,0.0013879568,0.0015493577
45.0,1.0,US0663,Austin,0,0.02895941,0.032327004
45.0,1.0,US0666,Dee,1,0.007211631,0.008050248
45.0,1.0,US0667,Drew,0,0.019109538,0.021331722
45.0,1.0,US0670,J. Maya,0,0.0011369523,0.0012691647
45.0,1.0,US0672,Julie,0,0.06823204,0.07616651
45.0,1.0,US0679,Sifu,0,0.001819711,0.002031319
45.0,3.0,US0678,Sean,0,0.00124449,0.0013050357
45.0,3.0,US0657,Bruce,0,0.0031728698,0.0033272328
45.0,3.0,US0671,Jake,0,0.024053989,0.025224237
45.0,3.0,US0674,Katurah,0,0.2847855,0.29864058
45.0,3.0,US0675,Kellie,0,0.0019904843,0.0020873232
45.0,3.0,US0676,Kendra,0,0.052393768,0.05494277
45.0,3.0,US0668,Emily,0,0.42078802,0.44125974
45.0,3.0,US0673,Kaleb,0,0.021573227,0.022622785
45.0,3.0,US0677,Sabiyah,0,0.0017181655,0.0018017557
45.0,3.0,US0664,Brando,0,0.00044730454,0.00046906632
45.0,3.0,US0663,Austin,0,0.025174288,0.02639904
45.0,3.0,US0666,Dee,1,0.018421317,0.01931753
45.0,3.0,US0667,Drew,0,0.025396481,0.026632043
45.0,3.0,US0670,J. Maya,0,0.0008616508,0.0009035709
45.0,3.0,US0672,Julie,0,0.07027995,0.07369913
45.0,3.0,US0679,Sifu,0,0.0013046762,0.0013681499
45.0,4.0,US0664,Brando,0,0.00048301273,0.0005470502
45.0,4.0,US0676,Kendra,0,0.04949684,0.056059096
45.0,2.0,US0673,Kaleb,0,0.017219627,0.019946419
45.0,2.0,US0664,Brando,0,0.00047365224,0.0005486568
45.0,2.0,US0657,Bruce,0,0.0035475988,0.0041093742
45.0,2.0,US0671,Jake,0,0.023145135,0.026810253
45.0,2.0,US0674,Katurah,0,0.28943607,0.33526933
45.0,2.0,US0675,Kellie,0,0.001960885,0.0022713984
45.0,2.0,US0676,Kendra,0,0.04454895,0.05160344
45.0,2.0,US0665,Brandon,0,0.0005701116,0.0006603909
45.0,2.0,US0668,Emily,0,0.3517085,0.40740284
45.0,2.0,US0677,Sabiyah,0,0.0053331032,0.0061776196
45.0,2.0,US0678,Sean,0,0.0027731431,0.0032122806
45.0,2.0,US0663,Austin,0,0.020097982,0.023280572
45.0,2.0,US0666,Dee,1,0.0052807755,0.006117006
45.0,2.0,US0667,Drew,0,0.027809415,0.032213137
45.0,2.0,US0670,J. Maya,0,0.0008534497,0.0009885966
45.0,2.0,US0672,Julie,0,0.067330204,0.07799219
45.0,2.0,US0679,Sifu,0,0.0012055334,0.001396434
45.0,4.0,US0668,Emily,0,0.34979823,0.39617422
45.0,12.0,US0666,Dee,1,0.053524707,0.14694603
45.0,11.0,US0674,Katurah,0,0.19193584,0.44913393
45.0,11.0,US0666,Dee,1,0.0534443,0.1250608
45.0,11.0,US0672,Julie,0,0.033099994,0.077454686
45.0,11.0,US0668,Emily,0,0.014620108,0.03421136
45.0,11.0,US0663,Austin,0,0.087452255,0.20464014
45.0,11.0,US0667,Drew,0,0.028583487,0.06688596
45.0,12.0,US0671,Jake,0,0.02584511,0.07095483
45.0,12.0,US0674,Katurah,0,0.183016,0.50244975
45.0,11.0,US0671,Jake,0,0.01821059,0.042613167
45.0,12.0,US0672,Julie,0,0.03499239,0.096067645
45.0,12.0,US0663,Austin,0,0.06093643,0.16729407
45.0,12.0,US0667,Drew,0,0.0059327595,0.01628772
45.0,13.0,US0671,Jake,0,0.053342644,0.19897975
45.0,13.0,US0674,Katurah,0,0.014456892,0.053927377
45.0,13.0,US0666,Dee,1,0.09802931,0.3656708
45.0,13.0,US0672,Julie,0,0.006881349,0.025668938
45.0,13.0,US0663,Austin,0,0.09537059,0.35575318
45.0,9.0,US0667,Drew,0,0.026997492,0.03668164
45.0,9.0,US0657,Bruce,0,0.007098105,0.009644235
45.0,9.0,US0671,Jake,0,0.019432692,0.026403306
45.0,9.0,US0674,Katurah,0,0.42000046,0.57065696
45.0,9.0,US0666,Dee,1,0.009647078,0.013107538
45.0,9.0,US0672,Julie,0,0.102838054,0.13972664
45.0,9.0,US0676,Kendra,0,0.010915679,0.014831194
45.0,9.0,US0668,Emily,0,0.100871935,0.13705526
45.0,9.0,US0663,Austin,0,0.03819315,0.051893245
45.0,10.0,US0657,Bruce,0,0.002519934,0.0034618103
45.0,10.0,US0671,Jake,0,0.026971357,0.03705245
45.0,10.0,US0674,Katurah,0,0.39221507,0.5388134
45.0,10.0,US0666,Dee,1,0.009706459,0.013334445
45.0,10.0,US0672,Julie,0,0.09178677,0.12609394
45.0,10.0,US0668,Emily,0,0.102221094,0.1404283
45.0,10.0,US0663,Austin,0,0.07729209,0.10618158
45.0,10.0,US0667,Drew,0,0.025210954,0.034634057
45.0,8.0,US0667,Drew,0,0.029229188,0.03964962
45.0,6.0,US0657,Bruce,0,0.011592088,0.011274317
45.0,5.0,US0671,Jake,0,0.038750518,0.035120502
45.0,5.0,US0674,Katurah,0,0.4591856,0.4161707
45.0,5.0,US0675,Kellie,0,0.0054811146,0.0049676625
45.0,5.0,US0673,Kaleb,0,0.0047403965,0.0042963326
45.0,5.0,US0666,Dee,1,0.012695084,0.011505852
45.0,5.0,US0670,J. Maya,0,0.0013993491,0.0012682629
45.0,5.0,US0672,Julie,0,0.081987,0.07430674
45.0,5.0,US0679,Sifu,0,0.0017146358,0.0015540146
45.0,5.0,US0657,Bruce,0,0.0034578273,0.0031339098
45.0,6.0,US0671,Jake,0,0.037486985,0.036459364
45.0,6.0,US0674,Katurah,0,0.3526782,0.34301034
45.0,6.0,US0675,Kellie,0,0.0050961566,0.004956457
45.0,6.0,US0673,Kaleb,0,0.005568042,0.0054154065
45.0,6.0,US0666,Dee,1,0.010995889,0.010694462
45.0,6.0,US0670,J. Maya,0,0.00052899064,0.00051448954
45.0,6.0,US0672,Julie,0,0.08921771,0.08677201
45.0,6.0,US0679,Sifu,0,0.0013765036,0.0013387699
45.0,4.0,US0666,Dee,1,0.015368263,0.017405776
45.0,4.0,US0663,Austin,0,0.021634394,0.024502667
45.0,4.0,US0667,Drew,0,0.031069098,0.035188217
45.0,4.0,US0657,Bruce,0,0.0033084012,0.0037470267
45.0,4.0,US0671,Jake,0,0.022979125,0.02602568
45.0,4.0,US0674,Katurah,0,0.30249873,0.34260377
45.0,4.0,US0675,Kellie,0,0.0029184767,0.003305406
45.0,4.0,US0673,Kaleb,0,0.006088501,0.00689571
45.0,4.0,US0678,Sean,0,0.0005685139,0.00064388703
45.0,6.0,US0676,Kendra,0,0.040200107,0.039098114
45.0,4.0,US0670,J. Maya,0,0.0012250324,0.0013874463
45.0,4.0,US0672,Julie,0,0.073980555,0.08378884
45.0,4.0,US0679,Sifu,0,0.0015232163,0.0017251632
45.0,5.0,US0664,Brando,0,0.0003166729,0.00028700806
45.0,5.0,US0676,Kendra,0,0.044004764,0.03988255
45.0,5.0,US0668,Emily,0,0.30892342,0.27998453
45.0,5.0,US0663,Austin,0,0.099475764,0.09015722
45.0,5.0,US0667,Drew,0,0.0412267,0.037364725
45.0,8.0,US0657,Bruce,0,0.006606884,0.008962289
45.0,7.0,US0675,Kellie,0,0.0062795863,0.007982436
45.0,7.0,US0673,Kaleb,0,0.0035016213,0.0044511636
45.0,7.0,US0666,Dee,1,0.010604425,0.0134800505
45.0,7.0,US0672,Julie,0,0.07381444,0.09383085
45.0,7.0,US0676,Kendra,0,0.046808586,0.05950177
45.0,7.0,US0668,Emily,0,0.089922205,0.1143066
45.0,7.0,US0663,Austin,0,0.014117455,0.017945716
45.0,7.0,US0667,Drew,0,0.027637606,0.035132155
45.0,7.0,US0674,Katurah,0,0.4781537,0.6078157
45.0,8.0,US0671,Jake,0,0.01876546,0.025455493
45.0,8.0,US0674,Katurah,0,0.43970743,0.59646654
45.0,8.0,US0675,Kellie,0,0.0029926426,0.004059543
45.0,8.0,US0666,Dee,1,0.0072621247,0.009851129
45.0,8.0,US0672,Julie,0,0.09881458,0.13404274
45.0,8.0,US0676,Kendra,0,0.038071703,0.05164456
45.0,8.0,US0668,Emily,0,0.082813606,0.1123373
45.0,8.0,US0663,Austin,0,0.012923442,0.017530749
45.0,6.0,US0668,Emily,0,0.36930338,0.35917976
45.0,6.0,US0663,Austin,0,0.07498438,0.07292885
45.0,6.0,US0667,Drew,0,0.029156933,0.028357662
45.0,7.0,US0657,Bruce,0,0.012904956,0.01640442
45.0,7.0,US0671,Jake,0,0.022354065,0.028415864
45.0,7.0,US0679,Sifu,0,0.00057686656,0.0007332967
46.0,13.0,US0687,Kenzie,1,0.032317612,0.02792647
46.0,12.0,US0682,Charlie,0,0.98050594,0.67167467
46.0,12.0,US0689,Maria,0,0.4045106,0.27710134
46.0,12.0,US0687,Kenzie,1,0.027012648,0.018504437
46.0,12.0,US0691,Q,0,0.0011146399,0.0007635603
46.0,13.0,US0688,Liz,0,0.0049258657,0.0042565656
46.0,13.0,US0680,Ben,0,0.0839281,0.072524406
46.0,13.0,US0682,Charlie,0,0.9780618,0.84516805
46.0,13.0,US0689,Maria,0,0.058006003,0.050124463
46.0,12.0,US0680,Ben,0,0.0287021,0.019661762
46.0,7.0,US0688,Liz,0,0.029143222,0.021977713
46.0,7.0,US0680,Ben,0,0.021000115,0.01583677
46.0,7.0,US0682,Charlie,0,0.9401131,0.7089654
46.0,7.0,US0689,Maria,0,0.23475176,0.17703281
46.0,7.0,US0696,Tim,0,0.00012190472,9.193173e-05
46.0,7.0,US0687,Kenzie,1,0.026186567,0.019748017
46.0,7.0,US0691,Q,0,0.071931444,0.054245498
46.0,7.0,US0695,Tiffany,0,0.0002906221,0.00021916619
46.0,7.0,US0684,Hunter,0,0.00026532388,0.0002000881
46.0,7.0,US0697,Venus,0,0.0018489213,0.0013943228
46.0,7.0,US0694,Tevin,0,0.00011030709,8.318564e-05
46.0,6.0,US0690,Moriah,0,0.00020916968,0.00014151413
46.0,6.0,US0684,Hunter,0,0.00020491291,0.0001386342
46.0,6.0,US0688,Liz,0,0.046352293,0.03135973
46.0,6.0,US0693,Soda,0,0.000516821,0.00034965618
46.0,6.0,US0694,Tevin,0,9.933614e-05,6.720605e-05
46.0,6.0,US0697,Venus,0,0.002678153,0.0018119094
46.0,6.0,US0680,Ben,0,0.017869916,0.012089924
46.0,6.0,US0682,Charlie,0,0.97302985,0.6583051
46.0,6.0,US0689,Maria,0,0.28978822,0.19605675
46.0,6.0,US0696,Tim,0,0.00030566816,0.00020680035
46.0,6.0,US0687,Kenzie,1,0.027307022,0.018474616
46.0,6.0,US0691,Q,0,0.11912699,0.08059558
46.0,6.0,US0695,Tiffany,0,0.00059501675,0.00040255967
46.0,7.0,US0693,Soda,0,0.0002718963,0.00020504455
46.0,10.0,US0695,Tiffany,0,0.00020374221,0.00013730851
46.0,9.0,US0695,Tiffany,0,0.00043758043,0.00027901426
46.0,10.0,US0688,Liz,0,0.016386392,0.011043323
46.0,10.0,US0697,Venus,0,0.0024234015,0.0016332092
46.0,10.0,US0680,Ben,0,0.026109036,0.01759573
46.0,10.0,US0682,Charlie,0,0.9762927,0.65795547
46.0,10.0,US0689,Maria,0,0.3407856,0.22966652
46.0,10.0,US0687,Kenzie,1,0.060159404,0.04054338
46.0,10.0,US0691,Q,0,0.061467614,0.041425027
46.0,9.0,US0691,Q,0,0.10933173,0.06971315
46.0,11.0,US0688,Liz,0,0.013797753,0.010241142
46.0,11.0,US0697,Venus,0,0.0015490346,0.0011497439
46.0,11.0,US0680,Ben,0,0.020564204,0.015263422
46.0,11.0,US0682,Charlie,0,0.98278254,0.7294532
46.0,11.0,US0689,Maria,0,0.2694732,0.20001179
46.0,11.0,US0687,Kenzie,1,0.035100237,0.026052538
46.0,11.0,US0691,Q,0,0.024019586,0.01782812
46.0,12.0,US0688,Liz,0,0.017947106,0.012294281
46.0,8.0,US0691,Q,0,0.091265455,0.06665175
46.0,8.0,US0684,Hunter,0,0.00028599988,0.00020886754
46.0,8.0,US0688,Liz,0,0.03244167,0.023692356
46.0,8.0,US0694,Tevin,0,8.733369e-05,6.378035e-05
46.0,8.0,US0697,Venus,0,0.0027272694,0.0019917423
46.0,8.0,US0680,Ben,0,0.02286657,0.016699601
46.0,8.0,US0682,Charlie,0,0.9480365,0.6923571
46.0,8.0,US0689,Maria,0,0.23865102,0.17428836
46.0,8.0,US0687,Kenzie,1,0.03251943,0.023749147
46.0,8.0,US0695,Tiffany,0,0.0004070542,0.0002972743
46.0,9.0,US0684,Hunter,0,0.00054484804,0.00034741126
46.0,9.0,US0688,Liz,0,0.02077189,0.013244774
46.0,9.0,US0697,Venus,0,0.0080515575,0.005133912
46.0,9.0,US0680,Ben,0,0.02638819,0.016825894
46.0,9.0,US0682,Charlie,0,0.9799498,0.624845
46.0,9.0,US0689,Maria,0,0.37378004,0.23833324
46.0,9.0,US0687,Kenzie,1,0.049052823,0.031277534
46.0,5.0,US0695,Tiffany,0,0.0003606693,0.00024268171
46.0,2.0,US0695,Tiffany,0,0.0009901942,0.00074930605
46.0,2.0,US0685,Jem,0,0.0003749191,0.00028371118
46.0,2.0,US0689,Maria,0,0.13243732,0.10021882
46.0,2.0,US0690,Moriah,0,0.00045958228,0.00034777806
46.0,2.0,US0696,Tim,0,0.00032218607,0.0002438067
46.0,2.0,US0681,Bhanu,0,0.0024696188,0.0018688258
46.0,2.0,US0686,Jess,0,0.0008607226,0.0006513315
46.0,2.0,US0687,Kenzie,1,0.025794141,0.019519107
46.0,2.0,US0691,Q,0,0.12105996,0.09160927
46.0,2.0,US0682,Charlie,0,0.9718026,0.7353887
46.0,3.0,US0684,Hunter,0,0.00026287942,0.00018693847
46.0,3.0,US0688,Liz,0,0.053460665,0.038016878
46.0,3.0,US0692,Randen,0,0.00051473506,0.00036603774
46.0,3.0,US0693,Soda,0,0.00055672554,0.00039589795
46.0,3.0,US0694,Tevin,0,9.516548e-05,6.767395e-05
46.0,3.0,US0697,Venus,0,0.0030091314,0.0021398496
46.0,3.0,US0680,Ben,0,0.034140665,0.024278065
46.0,3.0,US0682,Charlie,0,0.9795577,0.6965818
46.0,1.0,US0691,Q,0,0.09681075,0.07063634
46.0,1.0,US0685,Jem,0,0.0003684818,0.00026885653
46.0,1.0,US0689,Maria,0,0.21252908,0.15506826
46.0,1.0,US0690,Moriah,0,0.00045169194,0.00032956942
46.0,1.0,US0696,Tim,0,0.00026660672,0.0001945251
46.0,1.0,US0681,Bhanu,0,0.0010524929,0.0007679337
46.0,1.0,US0683,Jelinsky,0,0.00026700227,0.0001948137
46.0,1.0,US0686,Jess,0,0.0030232957,0.002205897
46.0,1.0,US0687,Kenzie,1,0.026558734,0.019378133
46.0,3.0,US0685,Jem,0,0.0003507068,0.00024939416
46.0,1.0,US0695,Tiffany,0,0.0011569071,0.0008441178
46.0,2.0,US0684,Hunter,0,0.00028455866,0.00021533304
46.0,2.0,US0688,Liz,0,0.03875478,0.029326765
46.0,2.0,US0692,Randen,0,0.0004771472,0.0003610699
46.0,2.0,US0693,Soda,0,0.00044892007,0.00033970966
46.0,2.0,US0694,Tevin,0,0.0001111308,8.409561e-05
46.0,2.0,US0697,Venus,0,0.002409376,0.0018232384
46.0,2.0,US0680,Ben,0,0.022424413,0.016969144
46.0,5.0,US0697,Venus,0,0.0020350823,0.0013693355
46.0,4.0,US0681,Bhanu,0,0.00048696945,0.00035168603
46.0,4.0,US0687,Kenzie,1,0.019255333,0.013906071
46.0,4.0,US0691,Q,0,0.15083137,0.108929396
46.0,4.0,US0695,Tiffany,0,0.0005853636,0.00042274562
46.0,5.0,US0684,Hunter,0,0.0002436741,0.00016395975
46.0,5.0,US0688,Liz,0,0.03854218,0.025933681
46.0,5.0,US0693,Soda,0,0.00048100692,0.00032365267
46.0,5.0,US0694,Tevin,0,7.327874e-05,4.930669e-05
46.0,4.0,US0696,Tim,0,0.00033398712,0.00024120323
46.0,5.0,US0680,Ben,0,0.028032085,0.018861806
46.0,5.0,US0682,Charlie,0,0.97628546,0.6569082
46.0,5.0,US0685,Jem,0,0.0001448574,9.746946e-05
46.0,5.0,US0689,Maria,0,0.25744992,0.17322902
46.0,5.0,US0690,Moriah,0,0.00037043868,0.0002492552
46.0,5.0,US0696,Tim,0,0.00041400656,0.0002785705
46.0,5.0,US0687,Kenzie,1,0.021653384,0.014569802
46.0,5.0,US0691,Q,0,0.16009642,0.107723266
46.0,4.0,US0688,Liz,0,0.05088917,0.036751814
46.0,3.0,US0689,Maria,0,0.15296033,0.108772956
46.0,3.0,US0690,Moriah,0,0.0004517398,0.0003212406
46.0,3.0,US0696,Tim,0,0.00034546474,0.00024566645
46.0,3.0,US0681,Bhanu,0,0.0014222844,0.001011413
46.0,3.0,US0687,Kenzie,1,0.023793055,0.016919686
46.0,3.0,US0691,Q,0,0.15470749,0.11001539
46.0,3.0,US0695,Tiffany,0,0.0006062788,0.00043113617
46.0,4.0,US0684,Hunter,0,0.00024661512,0.00017810377
46.0,1.0,US0682,Charlie,0,0.9691069,0.7070926
46.0,4.0,US0693,Soda,0,0.00047758405,0.00034490795
46.0,4.0,US0694,Tevin,0,0.00011298512,8.159709e-05
46.0,4.0,US0697,Venus,0,0.002809139,0.0020287412
46.0,4.0,US0680,Ben,0,0.026730455,0.019304553
46.0,4.0,US0682,Charlie,0,0.9711822,0.7013812
46.0,4.0,US0685,Jem,0,0.00043348392,0.00031305914
46.0,4.0,US0689,Maria,0,0.15969509,0.11533071
46.0,4.0,US0690,Moriah,0,0.0006012233,0.0004341994
46.0,1.0,US0684,Hunter,0,0.0002436193,0.00017775272
46.0,1.0,US0688,Liz,0,0.03530949,0.025762975
46.0,1.0,US0692,Randen,0,0.0005530841,0.0004035485
46.0,1.0,US0693,Soda,0,0.0005204992,0.00037977347
46.0,1.0,US0694,Tevin,0,0.000107493484,7.8430814e-05
46.0,1.0,US0697,Venus,0,0.0020550576,0.0014994382
46.0,1.0,US0680,Ben,0,0.020170532,0.01471709
47.0,4.0,US0701,Caroline,0,0.18210852,0.19171804
47.0,4.0,US0707,Rachel,1,0.11165697,0.1175489
47.0,4.0,US0709,Sam,0,0.018772969,0.019763583
47.0,4.0,US0710,Sierra,0,0.001216092,0.001280263
47.0,4.0,US0703,Genevieve,0,0.039949194,0.04205724
47.0,4.0,US0705,Kishan,0,0.0001582763,0.00016662825
47.0,4.0,US0708,Rome,0,0.003621066,0.0038121429
47.0,4.0,US0711,Sol,0,9.537644e-05,0.00010040928
47.0,4.0,US0713,Teeny,0,0.0048909676,0.005149055
47.0,4.0,US0699,Anika,0,0.0016983511,0.00178797
47.0,4.0,US0702,Gabe,0,0.0026261616,0.002764739
47.0,4.0,US0706,Kyle,0,0.13747993,0.14473449
47.0,4.0,US0712,Sue,0,0.10461577,0.11013615
47.0,4.0,US0714,Tiyana,0,0.0017958363,0.0018905991
47.0,5.0,US0698,Andy,0,0.2526925,0.2975216
47.0,5.0,US0699,Anika,0,0.0010398166,0.0012242862
47.0,5.0,US0707,Rachel,1,0.07264216,0.0855293
47.0,5.0,US0709,Sam,0,0.013983783,0.016464587
47.0,3.0,US0708,Rome,0,0.002973856,0.0025458692
47.0,3.0,US0698,Andy,0,0.5082036,0.43506476
47.0,3.0,US0699,Anika,0,0.0014115247,0.0012083831
47.0,3.0,US0707,Rachel,1,0.10433859,0.08932255
47.0,3.0,US0709,Sam,0,0.016988829,0.014543857
47.0,3.0,US0710,Sierra,0,0.0016976512,0.0014533313
47.0,3.0,US0700,Aysha,0,7.051267e-05,6.0364742e-05
47.0,3.0,US0703,Genevieve,0,0.035735942,0.030592954
47.0,3.0,US0705,Kishan,0,0.00032309163,0.00027659343
47.0,5.0,US0710,Sierra,0,0.0014509176,0.0017083187
47.0,3.0,US0711,Sol,0,6.6010274e-05,5.651031e-05
47.0,3.0,US0713,Teeny,0,0.0072642188,0.0062187784
47.0,3.0,US0701,Caroline,0,0.23093921,0.19770326
47.0,3.0,US0702,Gabe,0,0.0022356927,0.0019139398
47.0,3.0,US0706,Kyle,0,0.12174796,0.10422643
47.0,3.0,US0712,Sue,0,0.13185418,0.112878196
47.0,3.0,US0714,Tiyana,0,0.002259285,0.0019341367
47.0,4.0,US0698,Andy,0,0.33919132,0.35708982
47.0,7.0,US0703,Genevieve,0,0.035299752,0.032474935
47.0,6.0,US0702,Gabe,0,0.008328289,0.008931507
47.0,6.0,US0706,Kyle,0,0.17272854,0.18523927
47.0,6.0,US0712,Sue,0,0.07422495,0.079601064
47.0,6.0,US0714,Tiyana,0,0.00455154,0.0048812083
47.0,7.0,US0698,Andy,0,0.29201224,0.26864433
47.0,7.0,US0707,Rachel,1,0.06931272,0.06376606
47.0,7.0,US0709,Sam,0,0.012830343,0.011803612
47.0,7.0,US0710,Sierra,0,0.003940137,0.0036248327
47.0,6.0,US0701,Caroline,0,0.24928463,0.26734033
47.0,7.0,US0711,Sol,0,0.00010104386,9.2957955e-05
47.0,7.0,US0713,Teeny,0,0.009328538,0.008582033
47.0,7.0,US0701,Caroline,0,0.23534809,0.21651466
47.0,7.0,US0702,Gabe,0,0.0073620295,0.0067728925
47.0,7.0,US0706,Kyle,0,0.34248555,0.3150786
47.0,7.0,US0712,Sue,0,0.07667597,0.07054007
47.0,7.0,US0714,Tiyana,0,0.0022881278,0.0021050232
47.0,8.0,US0698,Andy,0,0.3063242,0.26494154
47.0,5.0,US0714,Tiyana,0,0.0019109162,0.0022499238
47.0,5.0,US0703,Genevieve,0,0.03741852,0.044056777
47.0,5.0,US0708,Rome,0,0.0030253013,0.003562007
47.0,5.0,US0711,Sol,0,0.00011165553,0.00013146386
47.0,5.0,US0713,Teeny,0,0.006006804,0.0070724455
47.0,5.0,US0701,Caroline,0,0.21837749,0.2571189
47.0,5.0,US0702,Gabe,0,0.0025334803,0.0029829342
47.0,5.0,US0706,Kyle,0,0.1082393,0.12744157
47.0,5.0,US0712,Sue,0,0.12989224,0.15293588
47.0,2.0,US0715,TK,0,0.0028795649,0.002423195
47.0,6.0,US0698,Andy,0,0.30499,0.32708043
47.0,6.0,US0707,Rachel,1,0.055397935,0.059410412
47.0,6.0,US0709,Sam,0,0.013513765,0.014492569
47.0,6.0,US0710,Sierra,0,0.0040882076,0.004384317
47.0,6.0,US0703,Genevieve,0,0.03452611,0.037026837
47.0,6.0,US0708,Rome,0,0.0013584496,0.0014568422
47.0,6.0,US0711,Sol,0,8.259406e-05,8.857635e-05
47.0,6.0,US0713,Teeny,0,0.009386714,0.010066594
47.0,2.0,US0705,Kishan,0,0.0001658059,0.00013952803
47.0,1.0,US0715,TK,0,0.007696634,0.006198055
47.0,2.0,US0698,Andy,0,0.46469954,0.3910513
47.0,2.0,US0699,Anika,0,0.0014387723,0.0012107474
47.0,2.0,US0707,Rachel,1,0.107483596,0.090448976
47.0,2.0,US0709,Sam,0,0.019975493,0.016809663
47.0,2.0,US0710,Sierra,0,0.0021333576,0.0017952508
47.0,2.0,US0700,Aysha,0,0.0003325307,0.00027982934
47.0,2.0,US0703,Genevieve,0,0.0916296,0.077107616
47.0,1.0,US0714,Tiyana,0,0.0009834531,0.0007919691
47.0,2.0,US0708,Rome,0,0.0021079048,0.0017738319
47.0,2.0,US0711,Sol,0,9.0434885e-05,7.6102246e-05
47.0,2.0,US0713,Teeny,0,0.011532373,0.009704656
47.0,2.0,US0701,Caroline,0,0.28623214,0.24086843
47.0,2.0,US0702,Gabe,0,0.0017069627,0.0014364334
47.0,2.0,US0706,Kyle,0,0.1033752,0.086991705
47.0,2.0,US0712,Sue,0,0.09113293,0.07668966
47.0,2.0,US0714,Tiyana,0,0.001417738,0.0011930468
47.0,1.0,US0703,Genevieve,0,0.106476165,0.08574464
47.0,1.0,US0698,Andy,0,0.46278012,0.37267414
47.0,1.0,US0699,Anika,0,0.004906062,0.003950823
47.0,1.0,US0704,Jon,0,0.00016226861,0.00013067397
47.0,1.0,US0707,Rachel,1,0.16278014,0.1310859
47.0,1.0,US0709,Sam,0,0.02340351,0.018846711
47.0,1.0,US0710,Sierra,0,0.0048362166,0.0038945773
47.0,1.0,US0700,Aysha,0,0.000264529,0.00021302367
47.0,8.0,US0707,Rachel,1,0.037745416,0.032646224
47.0,1.0,US0705,Kishan,0,0.00017234086,0.0001387851
47.0,1.0,US0708,Rome,0,0.002795804,0.0022514449
47.0,1.0,US0711,Sol,0,0.00010137876,8.163973e-05
47.0,1.0,US0713,Teeny,0,0.010167801,0.008188071
47.0,1.0,US0701,Caroline,0,0.17990421,0.14487581
47.0,1.0,US0702,Gabe,0,0.0015186159,0.0012229326
47.0,1.0,US0706,Kyle,0,0.20291111,0.16340314
47.0,1.0,US0712,Sue,0,0.06992185,0.056307662
47.0,10.0,US0706,Kyle,0,0.35377625,0.31215468
47.0,9.0,US0712,Sue,0,0.094647974,0.076732814
47.0,10.0,US0698,Andy,0,0.2604114,0.22977418
47.0,10.0,US0707,Rachel,1,0.055835117,0.04926615
47.0,10.0,US0709,Sam,0,0.016413506,0.014482467
47.0,10.0,US0703,Genevieve,0,0.048010297,0.042361915
47.0,10.0,US0713,Teeny,0,0.0040290644,0.0035550476
47.0,10.0,US0701,Caroline,0,0.2780777,0.24536203
47.0,10.0,US0702,Gabe,0,0.005188829,0.0045783664
47.0,9.0,US0706,Kyle,0,0.46293306,0.3753082
47.0,10.0,US0712,Sue,0,0.111594185,0.0984652
47.0,11.0,US0698,Andy,0,0.26211795,0.26797822
47.0,11.0,US0707,Rachel,1,0.13019471,0.13310552
47.0,11.0,US0709,Sam,0,0.013924806,0.014236129
47.0,11.0,US0703,Genevieve,0,0.052931946,0.054115366
47.0,11.0,US0713,Teeny,0,0.005407582,0.0055284817
47.0,11.0,US0701,Caroline,0,0.27852702,0.28475416
47.0,11.0,US0706,Kyle,0,0.08293652,0.08479076
47.0,8.0,US0712,Sue,0,0.087497495,0.075677074
47.0,8.0,US0709,Sam,0,0.0112467455,0.009727374
47.0,8.0,US0710,Sierra,0,0.002123141,0.0018363165
47.0,8.0,US0703,Genevieve,0,0.041062508,0.035515193
47.0,8.0,US0711,Sol,0,0.00016767993,0.00014502731
47.0,8.0,US0713,Teeny,0,0.008622018,0.0074572316
47.0,8.0,US0701,Caroline,0,0.24638265,0.21309774
47.0,8.0,US0702,Gabe,0,0.0070558493,0.006102644
47.0,8.0,US0706,Kyle,0,0.40796784,0.3528537
47.0,11.0,US0712,Sue,0,0.15209098,0.15549134
47.0,9.0,US0698,Andy,0,0.26723355,0.21665105
47.0,9.0,US0707,Rachel,1,0.053365752,0.043264575
47.0,9.0,US0709,Sam,0,0.015299342,0.012403452
47.0,9.0,US0703,Genevieve,0,0.0696684,0.056481425
47.0,9.0,US0711,Sol,0,7.117833e-05,5.7705554e-05
47.0,9.0,US0713,Teeny,0,0.008975329,0.007276461
47.0,9.0,US0701,Caroline,0,0.25324106,0.2053071
47.0,9.0,US0702,Gabe,0,0.008038851,0.0065172417
47.0,14.0,US0709,Sam,0,0.014131632,0.049638838
47.0,14.0,US0707,Rachel,1,0.14032768,0.4929157
47.0,14.0,US0713,Teeny,0,0.001687059,0.0059259715
47.0,14.0,US0712,Sue,0,0.12854262,0.45151943
47.0,13.0,US0712,Sue,0,0.12902069,0.30601054
47.0,13.0,US0707,Rachel,1,0.23571205,0.5590605
47.0,12.0,US0698,Andy,0,0.31283584,0.4517898
47.0,12.0,US0707,Rachel,1,0.09718303,0.14034933
47.0,12.0,US0709,Sam,0,0.017150816,0.024768785
47.0,12.0,US0703,Genevieve,0,0.06069797,0.08765851
47.0,12.0,US0713,Teeny,0,0.004122954,0.0059542684
47.0,12.0,US0701,Caroline,0,0.042040296,0.06071356
47.0,12.0,US0712,Sue,0,0.15840583,0.22876579
47.0,13.0,US0698,Andy,0,0.034975108,0.082953766
47.0,13.0,US0709,Sam,0,0.014815612,0.035139583
47.0,13.0,US0703,Genevieve,0,0.003429894,0.008135004
47.0,13.0,US0713,Teeny,0,0.0036683625,0.008700602
48.0,6.0,US0731,Star,0,0.006499357,0.0026601898
48.0,6.0,US0717,Cedrek,0,0.0006625127,0.00027116676
48.0,6.0,US0719,Chrissy,0,0.0005840882,0.00023906757
48.0,6.0,US0728,Mitch,0,0.19939664,0.08161314
48.0,6.0,US0729,Sai,0,0.0072593647,0.0029712613
48.0,6.0,US0718,Charity,0,0.0017971214,0.0007355626
48.0,6.0,US0720,David,0,0.0011594897,0.0004745797
48.0,6.0,US0721,Eva,0,0.020527227,0.008401804
48.0,6.0,US0727,Mary,0,0.58517486,0.23951234
48.0,5.0,US0730,Shauhin,0,0.29970756,0.11071153
48.0,6.0,US0722,Joe,0,0.25739646,0.10535249
48.0,6.0,US0724,Kamilla,0,0.7780043,0.31843752
48.0,6.0,US0726,Kyle,1,0.3004881,0.12298992
48.0,6.0,US0730,Shauhin,0,0.28424343,0.116340965
48.0,7.0,US0717,Cedrek,0,0.00039506398,0.00028317803
48.0,7.0,US0719,Chrissy,0,0.00073784473,0.00052888
48.0,7.0,US0728,Mitch,0,0.2726492,0.1954323
48.0,7.0,US0729,Sai,0,0.002963226,0.0021240117
48.0,5.0,US0729,Sai,0,0.012674124,0.0046818024
48.0,4.0,US0724,Kamilla,0,0.7775286,0.28578484
48.0,4.0,US0726,Kyle,1,0.35332903,0.129868
48.0,4.0,US0730,Shauhin,0,0.2910001,0.106958665
48.0,4.0,US0733,Thomas,0,0.00097129383,0.00035700432
48.0,5.0,US0716,Bianca,0,0.00070285023,0.00025963184
48.0,5.0,US0717,Cedrek,0,0.00046568378,0.00017202289
48.0,5.0,US0719,Chrissy,0,0.00047735852,0.00017633552
48.0,5.0,US0728,Mitch,0,0.17262112,0.06376598
48.0,7.0,US0720,David,0,0.0011052212,0.0007922119
48.0,5.0,US0718,Charity,0,0.0031178691,0.0011517362
48.0,5.0,US0720,David,0,0.0013417081,0.00049562496
48.0,5.0,US0721,Eva,0,0.0201045,0.007426572
48.0,5.0,US0727,Mary,0,0.7149282,0.26409343
48.0,5.0,US0731,Star,0,0.0014684987,0.00054246123
48.0,5.0,US0722,Joe,0,0.30191922,0.11152851
48.0,5.0,US0724,Kamilla,0,0.8324479,0.307505
48.0,5.0,US0726,Kyle,1,0.3451269,0.12748936
48.0,8.0,US0726,Kyle,1,0.088824205,0.07014148
48.0,8.0,US0719,Chrissy,0,0.0004756101,0.00037557326
48.0,8.0,US0728,Mitch,0,0.31975546,0.2525001
48.0,8.0,US0720,David,0,0.0014141344,0.0011166942
48.0,8.0,US0721,Eva,0,0.03139868,0.024794478
48.0,8.0,US0727,Mary,0,0.092310965,0.07289486
48.0,8.0,US0731,Star,0,0.0046494883,0.003671544
48.0,8.0,US0722,Joe,0,0.111490525,0.08804031
48.0,8.0,US0724,Kamilla,0,0.3974003,0.3138136
48.0,7.0,US0730,Shauhin,0,0.2530717,0.18139935
48.0,8.0,US0730,Shauhin,0,0.2186384,0.17265137
48.0,9.0,US0728,Mitch,0,0.2638023,0.2445335
48.0,9.0,US0720,David,0,0.0005376409,0.0004983702
48.0,9.0,US0721,Eva,0,0.042684898,0.039567083
48.0,9.0,US0727,Mary,0,0.07428293,0.06885711
48.0,9.0,US0731,Star,0,0.006244223,0.0057881293
48.0,9.0,US0722,Joe,0,0.10275122,0.09524601
48.0,9.0,US0724,Kamilla,0,0.27329662,0.25333434
48.0,7.0,US0721,Eva,0,0.008266799,0.0059255618
48.0,7.0,US0727,Mary,0,0.36288068,0.26010936
48.0,7.0,US0731,Star,0,0.0056581455,0.004055704
48.0,7.0,US0722,Joe,0,0.06424637,0.046051178
48.0,7.0,US0724,Kamilla,0,0.3485279,0.24982144
48.0,7.0,US0726,Kyle,1,0.07460592,0.053476803
48.0,4.0,US0722,Joe,0,0.41785416,0.15358457
48.0,1.0,US0729,Sai,0,0.016543375,0.0062172995
48.0,1.0,US0722,Joe,0,0.33159745,0.12462031
48.0,1.0,US0730,Shauhin,0,0.21756072,0.08176325
48.0,1.0,US0731,Star,0,0.0028826485,0.0010833514
48.0,1.0,US0733,Thomas,0,0.0025326263,0.0009518067
48.0,1.0,US0717,Cedrek,0,0.0016154251,0.00060710596
48.0,1.0,US0723,Justin,0,0.0021517077,0.0008086506
48.0,1.0,US0725,Kevin,0,0.0019949917,0.0007497539
48.0,1.0,US0727,Mary,0,0.39645556,0.14899516
48.0,1.0,US0721,Eva,0,0.037484355,0.014087298
48.0,1.0,US0732,Stephanie,0,0.0006310922,0.00023717585
48.0,2.0,US0718,Charity,0,0.0040630233,0.0014185177
48.0,2.0,US0719,Chrissy,0,0.0005408288,0.0001888188
48.0,2.0,US0720,David,0,0.0027039342,0.0009440208
48.0,2.0,US0724,Kamilla,0,0.85957414,0.30010194
48.0,2.0,US0726,Kyle,1,0.6650229,0.23217852
48.0,2.0,US0728,Mitch,0,0.19228481,0.06713213
48.0,2.0,US0716,Bianca,0,0.0007406132,0.00025856926
48.0,2.0,US0721,Eva,0,0.036231227,0.012649358
48.0,1.0,US0718,Charity,0,0.0016088302,0.0006046274
48.0,1.0,US0719,Chrissy,0,0.00045825698,0.00017222125
48.0,1.0,US0720,David,0,0.0011478902,0.0004313979
48.0,1.0,US0724,Kamilla,0,0.90975374,0.3419019
48.0,1.0,US0726,Kyle,1,0.46475437,0.1746631
48.0,1.0,US0728,Mitch,0,0.27108523,0.101878725
48.0,1.0,US0716,Bianca,0,0.0006037384,0.0002268958
48.0,4.0,US0717,Cedrek,0,0.00036802978,0.00013527134
48.0,3.0,US0730,Shauhin,0,0.21207392,0.07389281
48.0,3.0,US0731,Star,0,0.0055113174,0.0019203055
48.0,3.0,US0733,Thomas,0,0.0017588631,0.00061283977
48.0,3.0,US0717,Cedrek,0,0.0005095192,0.00017753152
48.0,3.0,US0723,Justin,0,0.0008737776,0.0003044499
48.0,3.0,US0727,Mary,0,0.63831556,0.22240797
48.0,3.0,US0729,Sai,0,0.022619061,0.007881148
48.0,4.0,US0716,Bianca,0,0.0010741,0.0003947913
48.0,3.0,US0722,Joe,0,0.31486332,0.10970767
48.0,4.0,US0719,Chrissy,0,0.00045790718,0.00016830627
48.0,4.0,US0728,Mitch,0,0.16745381,0.061548557
48.0,4.0,US0729,Sai,0,0.008249023,0.0030319733
48.0,4.0,US0718,Charity,0,0.0033287245,0.0012234908
48.0,4.0,US0720,David,0,0.0020523388,0.00075434824
48.0,4.0,US0721,Eva,0,0.046072822,0.016934317
48.0,4.0,US0727,Mary,0,0.6468009,0.23773517
48.0,4.0,US0731,Star,0,0.0041372655,0.0015206744
48.0,2.0,US0729,Sai,0,0.014406859,0.0050298464
48.0,2.0,US0722,Joe,0,0.37003124,0.1291885
48.0,2.0,US0730,Shauhin,0,0.27053073,0.09445002
48.0,2.0,US0731,Star,0,0.0053789215,0.0018779354
48.0,2.0,US0733,Thomas,0,0.0014580395,0.0005090433
48.0,2.0,US0717,Cedrek,0,0.0013250647,0.000462618
48.0,2.0,US0723,Justin,0,0.0023536661,0.00082173216
48.0,2.0,US0725,Kevin,0,0.0007167831,0.0002502495
48.0,2.0,US0727,Mary,0,0.43691114,0.15253818
48.0,3.0,US0718,Charity,0,0.0037076455,0.001291853
48.0,3.0,US0719,Chrissy,0,0.00047601238,0.00016585675
48.0,3.0,US0720,David,0,0.0024598027,0.0008570678
48.0,3.0,US0724,Kamilla,0,0.84836984,0.29559708
48.0,3.0,US0726,Kyle,1,0.60481876,0.21073669
48.0,3.0,US0728,Mitch,0,0.17515826,0.061030306
48.0,3.0,US0716,Bianca,0,0.0011302346,0.00039380704
48.0,3.0,US0721,Eva,0,0.037375115,0.013022592
48.0,9.0,US0726,Kyle,1,0.11336457,0.10508413
48.0,13.0,US0726,Kyle,1,0.122253016,0.27550155
48.0,12.0,US0722,Joe,0,0.13119899,0.121730335
48.0,12.0,US0724,Kamilla,0,0.5611284,0.5206317
48.0,12.0,US0726,Kyle,1,0.053197887,0.049358588
48.0,12.0,US0730,Shauhin,0,0.0163872,0.015204533
48.0,13.0,US0728,Mitch,0,0.030139018,0.06791936
48.0,13.0,US0721,Eva,0,0.017823169,0.04016515
48.0,13.0,US0722,Joe,0,0.15166755,0.34178826
48.0,13.0,US0724,Kamilla,0,0.121864356,0.2746257
48.0,12.0,US0721,Eva,0,0.036016766,0.03341743
48.0,10.0,US0730,Shauhin,0,0.18812719,0.1494453
48.0,9.0,US0730,Shauhin,0,0.20183377,0.18709132
48.0,10.0,US0728,Mitch,0,0.30480185,0.24212982
48.0,10.0,US0721,Eva,0,0.022104546,0.017559506
48.0,10.0,US0727,Mary,0,0.15458718,0.12280163
48.0,10.0,US0731,Star,0,0.0031945521,0.0025377022
48.0,10.0,US0722,Joe,0,0.107720755,0.08557168
48.0,10.0,US0724,Kamilla,0,0.42529747,0.33784965
48.0,10.0,US0726,Kyle,1,0.053002976,0.042104732
48.0,11.0,US0728,Mitch,0,0.29803434,0.23913841
48.0,11.0,US0721,Eva,0,0.028223863,0.022646416
48.0,11.0,US0727,Mary,0,0.013239407,0.010623107
48.0,11.0,US0722,Joe,0,0.09329934,0.074862026
48.0,11.0,US0724,Kamilla,0,0.5619329,0.4508868
48.0,11.0,US0726,Kyle,1,0.05405389,0.043372054
48.0,11.0,US0730,Shauhin,0,0.19750015,0.15847124
48.0,12.0,US0728,Mitch,0,0.27985463,0.25965747
49.0,7.0,US0734,Alex,0,0.00023483559,0.00014026977
49.0,7.0,US0745,Rizo,0,0.12898238,0.077042535
49.0,7.0,US0747,Savannah,1,0.13119371,0.07836338
49.0,7.0,US0742,MC,0,0.00083887816,0.00050107075
49.0,7.0,US0738,Jawan,0,0.0126002105,0.0075262384
49.0,7.0,US0751,Steven,0,0.07182165,0.04289983
49.0,7.0,US0746,Sage,0,0.12927034,0.07721454
49.0,7.0,US0743,Nate,0,0.00020219228,0.000120771576
49.0,7.0,US0740,Kristina,0,0.8859922,0.5292125
49.0,7.0,US0750,Sophie,0,0.10353275,0.061841197
49.0,7.0,US0749,Sophi,0,0.20950192,0.1251377
49.0,8.0,US0749,Sophi,0,0.17366533,0.10002906
49.0,8.0,US0745,Rizo,0,0.13847709,0.079761066
49.0,8.0,US0747,Savannah,1,0.29044044,0.16729006
49.0,8.0,US0742,MC,0,0.00034197787,0.00019697497
49.0,8.0,US0738,Jawan,0,0.0144137675,0.008302149
49.0,8.0,US0751,Steven,0,0.07779877,0.04481112
49.0,8.0,US0746,Sage,0,0.119218536,0.06866839
49.0,8.0,US0740,Kristina,0,0.7558425,0.4353558
49.0,6.0,US0742,MC,0,0.000584901,0.00031203142
49.0,5.0,US0750,Sophie,0,0.102296606,0.048908956
49.0,5.0,US0751,Steven,0,0.09751521,0.04662293
49.0,5.0,US0734,Alex,0,0.0003109625,0.00014867405
49.0,5.0,US0746,Sage,0,0.12099793,0.05785023
49.0,5.0,US0748,Shannon,0,0.0006382658,0.0003051608
49.0,6.0,US0749,Sophi,0,0.21139273,0.112773225
49.0,6.0,US0745,Rizo,0,0.17719254,0.0945282
49.0,6.0,US0747,Savannah,1,0.20682228,0.11033499
49.0,8.0,US0750,Sophie,0,0.16568112,0.095430255
49.0,6.0,US0738,Jawan,0,0.03567339,0.019030945
49.0,6.0,US0751,Steven,0,0.11063986,0.059023857
49.0,6.0,US0746,Sage,0,0.1646709,0.08784819
49.0,6.0,US0748,Shannon,0,0.00033820406,0.00018042419
49.0,6.0,US0743,Nate,0,0.00047640028,0.00025414873
49.0,6.0,US0740,Kristina,0,0.88267857,0.470889
49.0,6.0,US0750,Sophie,0,0.08371413,0.04465959
49.0,6.0,US0734,Alex,0,0.00031003062,0.0001653943
49.0,12.0,US0745,Rizo,0,0.14612438,0.10306668
49.0,11.0,US0749,Sophi,0,0.2031404,0.11942734
49.0,11.0,US0745,Rizo,0,0.14152586,0.08320382
49.0,11.0,US0747,Savannah,1,0.30147585,0.17723928
49.0,11.0,US0751,Steven,0,0.033243753,0.019544182
49.0,11.0,US0746,Sage,0,0.11124708,0.06540276
49.0,11.0,US0740,Kristina,0,0.8878233,0.52195615
49.0,11.0,US0750,Sophie,0,0.022497615,0.01322647
49.0,12.0,US0749,Sophi,0,0.23047288,0.16256066
49.0,10.0,US0750,Sophie,0,0.18193047,0.09889703
49.0,12.0,US0747,Savannah,1,0.24520545,0.17295206
49.0,12.0,US0751,Steven,0,0.0076277587,0.0053801276
49.0,12.0,US0746,Sage,0,0.12086253,0.08524861
49.0,12.0,US0740,Kristina,0,0.6674724,0.47079188
49.0,13.0,US0749,Sophi,0,0.6450467,0.493863
49.0,13.0,US0745,Rizo,0,0.020253336,0.015506432
49.0,13.0,US0747,Savannah,1,0.2998011,0.2295348
49.0,13.0,US0746,Sage,0,0.15333351,0.11739576
49.0,9.0,US0750,Sophie,0,0.18999927,0.1101702
49.0,8.0,US0734,Alex,0,0.0002692439,0.00015508111
49.0,9.0,US0749,Sophi,0,0.20276001,0.117569454
49.0,9.0,US0745,Rizo,0,0.12668628,0.07345845
49.0,9.0,US0747,Savannah,1,0.22823404,0.13234045
49.0,9.0,US0738,Jawan,0,0.014493504,0.008403991
49.0,9.0,US0751,Steven,0,0.048580144,0.028168973
49.0,9.0,US0746,Sage,0,0.120299526,0.06975512
49.0,9.0,US0740,Kristina,0,0.79338026,0.4600379
49.0,5.0,US0742,MC,0,0.00066206267,0.0003165383
49.0,9.0,US0734,Alex,0,0.00016466128,9.5478084e-05
49.0,10.0,US0749,Sophi,0,0.20148762,0.10952826
49.0,10.0,US0745,Rizo,0,0.13135889,0.071406424
49.0,10.0,US0747,Savannah,1,0.29285446,0.15919508
49.0,10.0,US0738,Jawan,0,0.0033450108,0.0018183411
49.0,10.0,US0751,Steven,0,0.044227403,0.024041926
49.0,10.0,US0746,Sage,0,0.12834084,0.06976582
49.0,10.0,US0740,Kristina,0,0.85605013,0.4653471
49.0,3.0,US0736,Jake,0,0.003611002,0.0017021102
49.0,2.0,US0748,Shannon,0,0.0003675547,0.00018274452
49.0,3.0,US0737,Jason,0,0.032373544,0.015259847
49.0,3.0,US0740,Kristina,0,0.87380207,0.4118822
49.0,3.0,US0741,Matt,0,0.00044225788,0.00020846614
49.0,3.0,US0742,MC,0,0.0011625328,0.0005479806
49.0,3.0,US0750,Sophie,0,0.06088911,0.028701168
49.0,3.0,US0751,Steven,0,0.052681454,0.024832342
49.0,3.0,US0734,Alex,0,0.00038324812,0.00018065084
49.0,2.0,US0747,Savannah,1,0.2737679,0.13611466
49.0,3.0,US0739,Jeremiah,0,0.00072150637,0.00034009488
49.0,3.0,US0749,Sophi,0,0.39225137,0.18489468
49.0,3.0,US0738,Jawan,0,0.07508585,0.03539305
49.0,3.0,US0743,Nate,0,0.0008643125,0.00040740913
49.0,3.0,US0745,Rizo,0,0.28882977,0.13614507
49.0,3.0,US0746,Sage,0,0.079246275,0.037354145
49.0,3.0,US0747,Savannah,1,0.25875074,0.12196677
49.0,3.0,US0748,Shannon,0,0.00039038758,0.00018401614
49.0,2.0,US0734,Alex,0,0.00046233358,0.00022986764
49.0,1.0,US0747,Savannah,1,0.21646148,0.11385151
49.0,1.0,US0748,Shannon,0,0.00033832857,0.00017794954
49.0,2.0,US0737,Jason,0,0.04213701,0.0209501
49.0,2.0,US0740,Kristina,0,0.82355464,0.40946314
49.0,2.0,US0741,Matt,0,0.0005066927,0.00025192255
49.0,2.0,US0742,MC,0,0.0011539074,0.00057371124
49.0,2.0,US0750,Sophie,0,0.059563365,0.02961431
49.0,2.0,US0751,Steven,0,0.031094458,0.015459854
49.0,2.0,US0735,Annie,0,3.0711653e-05,1.5269528e-05
49.0,2.0,US0736,Jake,0,0.002793375,0.0013888382
49.0,2.0,US0739,Jeremiah,0,0.002260843,0.0011240686
49.0,2.0,US0749,Sophi,0,0.41175172,0.20471884
49.0,2.0,US0738,Jawan,0,0.072202854,0.03589854
49.0,2.0,US0743,Nate,0,0.0010472807,0.00052069756
49.0,2.0,US0745,Rizo,0,0.23107855,0.11488995
49.0,2.0,US0746,Sage,0,0.057530306,0.028603494
49.0,4.0,US0746,Sage,0,0.0618817,0.032940697
49.0,4.0,US0743,Nate,0,0.000927742,0.00049385306
49.0,4.0,US0745,Rizo,0,0.1438778,0.07658864
49.0,4.0,US0747,Savannah,1,0.23018995,0.12253409
49.0,4.0,US0740,Kristina,0,0.8841195,0.47063208
49.0,4.0,US0742,MC,0,0.0011983943,0.000637926
49.0,4.0,US0750,Sophie,0,0.04929486,0.026240505
49.0,4.0,US0751,Steven,0,0.052052658,0.027708529
49.0,4.0,US0734,Alex,0,0.0003605887,0.00019194759
49.0,4.0,US0738,Jawan,0,0.05852762,0.031155262
49.0,4.0,US0748,Shannon,0,0.00037119165,0.00019759173
49.0,5.0,US0737,Jason,0,0.04142543,0.019805882
49.0,5.0,US0749,Sophi,0,0.25435346,0.12160875
49.0,5.0,US0738,Jawan,0,0.059518494,0.028456343
49.0,5.0,US0743,Nate,0,0.00072810036,0.00034811153
49.0,5.0,US0745,Rizo,0,0.16841583,0.080521174
49.0,5.0,US0747,Savannah,1,0.30362678,0.14516678
49.0,5.0,US0740,Kristina,0,0.9410829,0.44994047
49.0,13.0,US0740,Kristina,0,0.18769012,0.14369999
49.0,4.0,US0737,Jason,0,0.10043705,0.05346438
49.0,4.0,US0741,Matt,0,0.00018110355,9.640455e-05
49.0,4.0,US0749,Sophi,0,0.29515877,0.15711811
49.0,1.0,US0746,Sage,0,0.049360417,0.025961932
49.0,1.0,US0734,Alex,0,0.00051720516,0.00027203266
49.0,1.0,US0737,Jason,0,0.040715035,0.02141475
49.0,1.0,US0740,Kristina,0,0.78706425,0.41396952
49.0,1.0,US0741,Matt,0,0.0003697699,0.00019448662
49.0,1.0,US0742,MC,0,0.00081495626,0.0004286398
49.0,1.0,US0750,Sophie,0,0.05979822,0.031451866
49.0,1.0,US0751,Steven,0,0.035145454,0.018485336
49.0,1.0,US0735,Annie,0,0.00017000853,8.941881e-05
49.0,1.0,US0736,Jake,0,0.0048229564,0.002536714
49.0,1.0,US0739,Jeremiah,0,0.002089669,0.0010990961
49.0,1.0,US0744,Nicole,0,0.00065388874,0.00034392366
49.0,1.0,US0749,Sophi,0,0.42314398,0.22255962
49.0,1.0,US0738,Jawan,0,0.07256737,0.038168017
49.0,1.0,US0743,Nate,0,0.00068004313,0.00035768
49.0,1.0,US0745,Rizo,0,0.20654827,0.1086375
